indicator_id,sdg_goal,sdg_target,indicator_title,reporting_status,data_file_exists,data_quality,observation_count,earliest_year,latest_year,source_organization,source_dataset,source_url,source_url_origin,geographic_coverage,computation_method,inventory_warnings
1.1.1,1,1.1,"Proportion of population below the international poverty line, by sex, age, employment status and geographical location (urban/rural)",notstarted,true,placeholder,1,2015,2015,"SEHSD, U.S. Census Bureau",,,missing,United States,"Calculated by dividing the number of persons living in households below the poverty line (disaggregated by sex, age and employment status) by the total number of persons (disaggregated by the same sex, age and employment status groups).","reporting_status_conflict: indicator-config=notstarted, metadata=complete"
1.2.1,1,1.2,Percent of population living below the US poverty line,complete,true,populated,138,2000,2022,U.S. Census Bureau,"U.S. Census Bureau, Current Population Survey, 2001 to 2023 Annual Social and Economic Supplements (CPS ASEC)",https://www2.census.gov/programs-surveys/cps/tables/time-series/historical-poverty-people/hstpov2.xlsx | https://www2.census.gov/programs-surveys/cps/tables/time-series/historical-poverty-people/hstpov3.xlsx | https://www2.census.gov/programs-surveys/cps/tables/time-series/historical-poverty-people/hstpov7.xlsx,explicit_source_url,,Please see http://www.census.gov/topics/income-poverty/poverty/guidance/poverty-measures.html.,
1.2.2,1,1.2,"Proportion of men, women and children of all ages living in poverty in all its dimensions according to national definitions",notstarted,true,placeholder,1,2015,2015,,,,missing,United States,,
1.3.1,1,1.3,"Estimated size of the population in the Social Security area and percentage fully insured, by sex and age",complete,true,populated,384,2000,2023,The United States Social Security Administration,"Annual Statistical Supplement to the Social Security Bulletin, Table 4.C.5. – 2023 and prior year publications - https://mwww.ba.ssa.gov/policy/docs/statcomps/supplement/2023/4c.html#table4.c5",https://mwww.ba.ssa.gov/policy/docs/statcomps/supplement/2023/4c.html#table4.c5,explicit_source_url,,The U.S. Census Bureau provides the population counts to SSA. Insured percentages are based on application of counts in SSA’s Continuous Work History Sample to the population estimates.,
1.4.1,1,1.4,Proportion of population living in households with access to basic services,notstarted,true,placeholder,1,2015,2015,,,,missing,United States,,
1.4.2,1,1.4,"Proportion of total adult population with secure tenure rights to land, (a) with legally recognized documentation, and (b) who perceive their rights to land as secure, by sex and type of tenure",notstarted,true,placeholder,1,2015,2015,,,,missing,,"Percentage of women and men with secure tenure rights to individually or communally held land, property and natural resources. Method 1 : (The number of people ( women and men) with documented evidence of secure tenure rights to individually or communally held land, property and natural resources divided by the total number of adult population surveyed) x 100. Method 2 : (The number of households or local communities with documented evidence of secure tenure rights to individually or communally held land, property and natural resources divided by the total number of households or communities surveyed) x 100.",
1.5.1,1,1.5,"Number of deaths, missing persons and directly affected persons attributed to disasters per 100,000 population",complete,true,populated,21,2000,2020,National Security Council/Executive Office of the President,National Security Council/Executive Office of the President,https://www.dhs.gov/presidential-policy-directive-8-national-preparedness,explicit_source_url,United States,"Summation of data on related indicators from national disaster loss databases. Make the sum a relative figure by using global population data (World Bank or UN Statistics information). Relativity is important because population growth (expected to be 9 billion in 2050) may translate into increased hazard exposure of population. The Expert Group recommends not using the indicators related with the people whose houses were damaged/destroyed in the computation. UNISDR and IRDR groups recommend using them as they can be estimated from widely available and verifiable data and reflect vulnerability and livelihood issues. Data on housing damage and destroyed is essential for economic loss, so using these indicators would not impose additional data collection burden. Double-counting: From practical perspective, double counting of affected people is unavoidable (for example, injured and relocated) in many countries. Minimum double counting is summing 'number of injured' and Number of people whose housings were damaged or destroyed. Relocated is sub-set of number of people whose housings were destroyed. The data can be disaggregated by hazard type. When applied to proposed target 13.1 and 15.3, hydrological, meteorological and climatological and indirectly biological disasters are monitored.",
1.5.2,1,1.5,Direct economic loss attributed to disasters in relation to global gross domestic product (GDP),complete,true,populated,24,2000,2023,Bureau of Economic Analysis,Saving and Investment by Sector,http://www.bea.gov/iTable/iTableHtml.cfm?reqid=9&step=3&isuri=1&903=137,explicit_source_url,,Disaster losses divided by World/US GDP expressed as a percentage,
1.5.3,1,1.5,Number of countries that adopt and implement national disaster risk reduction strategies in line with the Sendai Framework for Disaster Risk Reduction 2015-2030,complete,true,populated,21,2000,2020,National Security Council/Executive Office of the President,National Security Council/Executive Office of the President,https://www.dhs.gov/presidential-policy-directive-8-national-preparedness,explicit_source_url,United States,"US Presidential Policy Directive 8: National Preparedness, including the National Preparedness Goal and the National Preparedness System",
1.5.4,1,1.5,Proportion of local governments that adopt and implement local disaster risk reduction strategies in line with national disaster risk reduction strategies,complete,true,populated,21,2000,2020,National Security Council/Executive Office of the President,National Security Council/Executive Office of the President,https://www.dhs.gov/presidential-policy-directive-8-national-preparedness,explicit_source_url,United States,"US Presidential Policy Directive 8: National Preparedness, including the National Preparedness Goal and the National Preparedness System",
1.a.1,1,1.a,Proportion of domestically generated resources allocated by the government directly to poverty reduction programmes,notstarted,true,placeholder,1,2015,2015,,,,missing,United States,,
1.a.2,1,1.a,"Proportion of total government spending on essential services (education, health and social protection)",notstarted,true,placeholder,1,2015,2015,continue research on source data,,,missing,United States,,
1.b.1,1,1.b,"Proportion of government recurrent and capital spending to sectors that disproportionately benefit women, the poor and vulnerable groups",notstarted,true,placeholder,1,2015,2015,,,,missing,United States,,
2.1.1,2,2.1,Prevalence of undernourishment,notstarted,true,placeholder,1,2015,2015,,,,missing,United States,,
2.1.2,2,2.1,"Prevalence of moderate or severe food insecurity in the population, based on the Food Insecurity Experience Scale (FIES)",complete,true,populated,19,2000,2018,USDA Economic Research Service reporting estimates from the US Federal food security report,USDA Economic Research Service reporting estimates from the US Federal food security report,http://www.fao.org/in-action/voices-of-the-hungry/en/,source_notes,United States,See https://unstats.un.org/sdgs/metadata/files/Metadata-02-01-02.pdf.,
2.2.1,2,2.2,Percent of US children from birth up to 5 years with height-for-age less than 2 standard deviations of the median of the WHO Child Growth Standards.,complete,true,populated,10,2000,2017,Centers for Disease Control/National Center for Health Statistics/National Health and Nutrition Examination Survey,Centers for Disease Control/National Center for Health Statistics/National Health and Nutrition Examination Survey,http://www.cdc.gov/nchs/nhanes/index.htm,explicit_source_url,,The number of children from birth through <5 years with height-for-age more than 2 standard deviations below the median length/height-for-age was divided by the total number of children from birth through 5 years and the result was multiplied by 100. The numbers and resulting estimate are weighted to be nationally representative. The 2013-2014 NHANES data were merged with the expanded WHO growth chart files of length/height-for-age for boys and girls by age in days. Age in months at examination on the NHANES 2013-2014 file was converted to age in days by multiplying it by 30.4375 and taking the largest integer of the result.,
2.2.2,2,2.2,Percent of children under 5 years with weight-for-height/length <2 standard deviations below (wasting) or >2 standard deviations above (overweight) the median weight-for-length/height.,complete,true,populated,10,2000,2017,Centers for Disease Control and Prevention/National Center for Health Statistics/National Health and Nutrition Examination Survey.,Centers for Disease Control and Prevention/National Center for Health Statistics/National Health and Nutrition Examination Survey,http://www.cdc.gov/nchs/nhanes/index.htm,explicit_source_url,,"The NHANES data were merged with the expanded WHO growth chart files of weight-for-length/height for boys and girls by age. For the wasting estimate, the number of children 5 and younger with weight-for-length/height 2 or more standard deviations below the median weight-for-length/height was divided by the total number of children from birth through 5 years and the result was multiplied by 100. For the overweight estimate, the number of children with weight-for-length/height 2 or more standard deviations above the median weight-for-length/height was divided by the total number of children from birth through 5 years and the result was multiplied by 100. The numbers and resulting estimates are weighted to be nationally representative.",
2.2.3,2,2.2,"Prevalence of anaemia in women aged 15 to 49 years, by pregnancy status (percentage)",notstarted,false,missing,0,,,,,,missing,,,
2.3.1,2,2.3,Volume of production per labour unit by classes of farming/pastoral/forestry enterprise size,notstarted,true,placeholder,1,2015,2015,,,,missing,United States,,
2.3.2,2,2.3,"Average income of small-scale food producers, by sex and indigenous status",notstarted,true,placeholder,1,2015,2015,,,,missing,United States,,
2.4.1,2,2.4,Proportion of agricultural area under productive and sustainable agriculture,notstarted,true,placeholder,1,2015,2015,,,,missing,United States,The indicator is defined by the following formula: Percent of land under productive and sustainable agriculture Area under productive and sustainable agriculture divided by Agricultural area Where Agricultural area = arable land + permanent crops + permanent meadows and pastures,
2.5.1,2,2.5,Number of plant and animal genetic resources for food and agriculture secured in either medium or long-term conservation facilities,notstarted,true,placeholder,1,2015,2015,,,,missing,United States,,
2.5.2,2,2.5,"Proportion of local breeds classified as being at risk, not-at-risk or at unknown level of risk of extinction",notstarted,true,placeholder,1,2015,2015,,,,missing,United States,,
2.a.1,2,2.a,The agriculture orientation index for government expenditures,notstarted,true,placeholder,1,2015,2015,,,,missing,United States,Agriculture Share of Government Expenditures divided by Agriculture Share of GDP = AOI,
2.a.2,2,2.a,Total official flows (official development assistance plus other official flows) to the agriculture sector,complete,true,populated,23,2000,2022,USAID,OECD/DAC Creditor Reporting System,https://data-explorer.oecd.org/vis?fs[0]=Topic%2C0%7CDevelopment%23DEV%23&pg=0&fc=Topic&bp=true&snb=39&df[ds]=dsDisseminateFinalDMZ&df[id]=DSD_CRS%40DF_CRS&df[ag]=OECD.DCD.FSD&df[vs]=1.1&dq=DAC..1000.100._T._T.D.Q._T..&lom=LASTNPERIODS&lo=5&to[TIME_PERIOD]=false,explicit_source_url,United States,"Data are extracted from the OECD's Creditor Reporting System (CRS) for selected purpose codes that have have been agreed support agriculture. This includes: - all purposes in the Agriculture sector - rural development Note: data before 2002 are on commitments basis due to the lack of quality in disbursement data in this period. Data 2002-2009 are on gross disbursements basis, and data from 2010 onwards are on net disbursements basis.","reporting_status_conflict: indicator-config=complete, metadata=notstarted"
2.b.1,2,2.b,Agricultural export subsidies,notstarted,true,placeholder,1,2015,2015,,,,missing,United States,,
2.c.1,2,2.c,Indicator of food price anomalies,notstarted,true,placeholder,1,2015,2015,,,,missing,United States,"Computation of the indicator requires the availability of a series of monthly prices and involves three steps. Step 1. Calculating the quarterly and annual compound growth rates. A CGR is the growth rate in a time series over a certain amount of time. It is computed as [see report]. A quarterly CGR (CQGR) is calculated by considering periods of three months between ____ and __0, while an annual CGR (CAGR) is calculated by considering a period of 12 months. The importance to consider both CQGR and CAGR derives from the need to take into account the presence of marked seasonal variability in many agricultural prices, with prices growing more or less steadily over the year from their minimum, occurring at harvest period. Step 2. Calculating the weighted average and standard deviation of both CQGR and CAGR. The historic distributions of CGRs are characterized by the mean and the standard deviation of past CGR values. A different distribution of CGRs is computed per each calendar month. Time weights are used to make sure that the more recent past has a higher weight in the calculation of the mean and standard deviation of the distribution of CGRs, so that more recent price dynamics are not overshadowed by past extreme events which could prevent the detection of significant market shocks on prices. Step 4. Computing the indicator of price anomalies. First, the difference between the monthly CGR and the historic average CGR is computed for each month and then normalized with respect to the historic standard deviation. Based on the results, a price anomaly is recorded in each month for which the normalized difference is equal or greater than one. Then, the frequency of price anomalies is computed for both the quarterly and the annual CGRs and the final indicator of price anomalies for month t (________ ) is computed as a weighted average of the frequency of price anomalies in the quarterly CGR and the frequency of price anomalies based on the annual CGR. For further details, see Baquedano 2014 (2015?)",
3.1.1,3,3.1,Maternal mortality ratio,notstarted,true,placeholder,1,2015,2015,,,,missing,United States,"Number of maternal deaths / Number of live births Method of measurement The maternal mortality ratio can be calculated by dividing recorded (or estimated) maternal deaths by total recorded (or estimated) live births in the same period and multiplying by 100 000. Measurement requires information on pregnancy status, timing of death (during pregnancy, childbirth, or within 42 days of termination of pregnancy), and cause of death. The maternal mortality ratio can be calculated directly from data collected through vital registration systems, household surveys or other sources. There are often data quality problems, particularly related to the underreporting and misclassification of maternal deaths. Therefore, data are often adjusted in order to take these data quality issues into account. Because maternal mortality is a relatively rare event, large sample sizes are needed if household surveys are used to identify recent maternal deaths in the household (e.g. last year). This may still result in estimates with large confidence intervals, limiting the usefulness for cross_country or over_time comparisons. To reduce sample size requirements, the sisterhood method used in the DHS and multiple indicator surveys (MICS4) measures maternal mortality by asking respondents about the survival of sisters. It should be noted that the sisterhood method results in pregnancy_related mortality: regardless of the cause of death, all deaths occurring during pregnancy, birth or the six weeks following the termination of the pregnancy are included in the numerator of the maternal mortality ratio. Censuses have also included questions about maternal deaths with variable success. Reproductive Age Mortality Studies (RAMOS) is a special study that uses varied sources, depending on the context, to identify all deaths of women of reproductive age and ascertain which of these deaths are maternal or pregnancy_ related. Method of estimation For facility data_based maternal mortality, the denominator is estimated using population projections. WHO, UNICEF, UNFPA, the United Nations Population Division and The World Bank have developed a method to adjust existing data in order to take into account these data quality issues and ensure the comparability of different data sources. This method involves assessment of data for completeness and, where necessary, adjustment for underreporting and misclassification of deaths as well as development of estimates through statistical modelling for countries with no reliable national level data. Data on maternal mortality and other relevant variables are obtained through databases maintained by WHO, the United Nations Population Division, UNICEF, and The World Bank. Data available from countries varies in terms of source and methods. Given the variability of the sources of data, different methods are used for each data source in order to arrive at country estimates that are comparable and permit regional and global aggregation. Currently, only about one third of all countries/territories have reliable data available and do not need additional estimations. For about half of the countries included in the estimation process, country_reported estimates of maternal mortality are adjusted for the purposes of comparability of the methodologies. For the remainder of countries/territories ' those with no appropriate maternal mortality data'__'a statistical model is employed to predict maternal mortality levels. However, the calculated point estimates with this methodology might not represent the true levels of maternal mortality. It is advised to consider the estimates together with the reported uncertainty margins within which the true levels are known to lie. Predominant type of statistics: predicted.",
3.1.2,3,3.1,Proportion of births attended by skilled health personnel,complete,true,populated,23,2000,2022,National Center for Health Statistics/Final natality data,National Center for Health Statistics/Final natality data,http://www.cdc.gov/nchs/data_access/vitalstatsonline.htm,explicit_source_url,National level.,"Number of births attended by a doctor of medicine, doctor of osteopathy, certified nurse-midwife or other midwife divided by total number of births expressed per 100 births.",
3.2.1,3,3.2,Mortality rate for infants and children younger than 5 years old in the United States.,complete,true,populated,23,2000,2022,"National Vital Statistics System, Underlying Cause of Death data file.","National Vital Statistics System, Underlying Cause of Death data file. Linked Birth / Infant Death Records.",https://wonder.cdc.gov/lbd.html,explicit_source_url,,"Number of deaths to infants and children younger than 5 years divided by the number of births for a given year, expressed per 1,000 live births.",
3.2.2,3,3.2,Neonatal mortality rate.,complete,true,populated,23,2000,2022,National Center for Health Statistics/Mortality Multiple Cause Death Files.,National Center for Health Statistics/Mortality Multiple Cause Death Files. Linked Birth / Infant Death Records.,https://wonder.cdc.gov/lbd.html,explicit_source_url,,"Number of deaths to infants aged 0 to 27 days old divided by number of births, expressed per 1,000 live births.",
3.3.1,3,3.3,"Number of new HIV diagnoses of HIV infection per 100,000 population by year of diagnosis, sex, ages 13-54 years and race_ethnicity, 2008-2022",complete,true,populated,150,2008,2022,"Division of HIV/AIDS Prevention, National Center for HIV/AIDS, Viral Hepatitis, STD, and TB Prevention, Centers for Disease Control and Prevention (CDC), U.S. Department of Health and Human Services, Atlanta, Georgia/ National HIV/AIDS Surveillance System/HIV Surveillance Reports. Accessed via https://gis.cdc.gov/grasp/nchhstpatlas/tables.html.","Division of HIV/AIDS Prevention, National Center for HIV/AIDS, Viral Hepatitis, STD, and TB Prevention, Centers for Disease Control and Prevention (CDC), U.S. Department of Health and Human Services, Atlanta, Georgia/ National HIV/AIDS Surveillance System/HIV Surveillance Report.",https://gis.cdc.gov/grasp/nchhstpatlas/tables.html,source_dataset_field,NA,"(Number of people (ages 13-54 years) who are newly diagnosed with HIV infection (regardless of stage of disease at diagnosis) in a specific year and are reported to public health authority in state of residence / Total number of perople in the population from which the cases were reported)* 100,000 population.",
3.3.2,3,3.3,"Tuberculosis incidence per 100,000 US population",complete,true,populated,23,2000,2022,CDC/OID/NCHHSTP,CDC/OID/NCHHSTP,https://www.cdc.gov/tb/statistics/reports/2022/table1.htm,explicit_source_url,National,"Number of cases / total population *100,000",
3.3.3,3,3.3,Are there statistically-significant cases of malaria (unrelated to travel) in the US?,complete,true,populated,23,2000,2022,NCHS,NCHS,https://www.cdc.gov/malaria/,explicit_source_url,,"Number of malaria cases / Population at risk (number of people living in areas where malaria transmission occurs) Method of measurement Complete data on malaria cases reported through surveillance systems are the best source of data but are rarely available for large populations. Reported data on malaria cases generally need to be corrected for extent of health service use, incompleteness of reporting and lack of case confirmation. In high transmission areas with limited health service data but with good data on parasite prevalence the number of cases can be estimated from parasite prevalence.''The denominator is estimated, using risk mapping and population data. Method of estimation WHO compiles data on reported confirmed cases of malaria, submitted by national malaria control programmes and estimates the extent of underreporting.''Where necessary the number of cases are inferred from parasite prevalence surveys.''",
3.3.4,3,3.3,"The number of acute hepatitis B cases that are reported from U.S. states and territories to the National Centers for Disease Control and Prevention per 100,000 population in a given year by sex, age group, and race or ethnicity.",complete,true,populated,224,2007,2022,Surveillance of Viral Hepatitis – United States,Surveillance of Viral Hepatitis – United States. https://www.cdc.gov/hepatitis/statistics/2022surveillance/hepatitis-b.htm,https://www.cdc.gov/hepatitis/statistics/2022surveillance/hepatitis-b.htm,source_dataset_field,National and by state (only national data provided),"Number of cases reported, divided by U.S. population (in population segment of interest), multiplied by 100,000.",
3.3.5,3,3.3,Number of people requiring interventions against neglected tropical diseases,notstarted,true,placeholder,1,2015,2015,,,,missing,United States,,
3.4.1,3,3.4,"Mortality rate due to cardiovascular disease, malignant neoplasms, diabetes and chronic lower respiratory disease.",complete,true,populated,23,2000,2022,"National Vital Statistics System, Underlying Cause of Death data file.","National Vital Statistics System, Underlying Cause of Death data file",http://www.cdc.gov/nchs/data_access/vitalstatsonline.htm,explicit_source_url,,"The age-adjusted rate is calculated as the number of deaths due to combined causes as identified by ICD-10 codes C00-C97 (malignant neoplasms), E10-E14 (diabetes mellitus), I00-I78 (major cardiovascular disease) and J40-J47 (chronic lower respiratory diseases) divided by the US population. Rates are age-adjusted to the US 2000 standard population using the direct method of applying age-specific death rates to the U.S. standard population distribution. See http://wonder.cdc.gov/wonder/help/ucd.html#Age-Adjusted Rates for more detail.",
3.4.2,3,3.4,US suicide mortality rate,complete,true,populated,23,2000,2022,"National Center for Health Statistics, Underlying Cause of Death File","National Center for Health Statistics, Underlying Cause of Death File",http://wonder.cdc.gov/ucd-icd10.html | http://www.cdc.gov/nchs/data_access/vitalstatsonline.htm,source_notes,,"Number of deaths attributable to suicide (ICD-10 codes U03, X60-X84, Y87.0) divided by the population and expressed per 100,000 population. Rates are age-adjusted to the US 2000 standard population using the direct method of applying age-specific death rates to the U.S. standard population distribution. See http://wonder.cdc.gov/wonder/help/ucd.html#Age-Adjusted Rates for more detail.",
3.5.1,3,3.5,"Coverage of treatment interventions (pharmacological, psychosocial and rehabilitation and aftercare services) for substance use disorders",notstarted,true,placeholder,1,2015,2015,,,,missing,United States,Number of people who have received different treatment interventions in the last year divided by the actual number of the target population (people with substance use disorders measured as the total number of problem drug users).The target will be assessed through aggregating the information on the type of treatment interventions and extent of coverage of these for the population in need.,
3.5.2,3,3.5,"Harmful use of alcohol, defined according to the national context as alcohol per capita consumption (aged 15 years and older) within a calendar year in litres of pure alcohol",complete,true,populated,3,2015,2017,U.S. Department of Health and Human Services (HHS)/Substance Abuse and Mental Health Services Administration (SAMHSA)/National Survey on Drug Use and Health (NSDUH),U.S. Department of Health and Human Services (HHS)/Substance Abuse and Mental Health Services Administration (SAMHSA)/National Survey on Drug Use and Health (NSDUH),https://www.samhsa.gov/data/population-data-nsduh/reports,explicit_source_url,United States,"The National Survey on Drug Use and Health (NSDUH) is an annual survey of the civilian, noninstitutionalized population of the United States aged 12 years old or older. The survey covers residents of households and individuals in noninstitutional group quarters (e.g., shelters, boarding houses, college dormitories, migratory workers' camps, halfway houses). The survey excludes people with no fixed address (e.g., homeless people not in shelters), military personnel on active duty, and residents of institutional group quarters, such as jails, nursing homes, mental institutions, and long-term care hospitals. The NSDUH employs a stratified multistage area probability sample that is designed to be representative of both the nation as a whole and for each of the 50 states and the District of Columbia.",
3.6.1,3,3.6,Death rate due to road traffic injuries.,complete,true,populated,23,2000,2022,"National Center for Health Statistics, Underlying Cause of Death File.","National Center for Health Statistics, Underlying Cause of Death File",http://wonder.cdc.gov/ucd-icd10.html | http://www.cdc.gov/nchs/data_access/vitalstatsonline.htm,source_notes,,"Number of deaths attributable to traffic injuries divided by the population and expressed per 100,000 population. Rates are age-adjusted to the 2000 US standard population using the direct method of applying age-specific death rates to the U.S. standard population distribution. See http://wonder.cdc.gov/wonder/help/ucd.html#Age-Adjusted Rates for more detail.",
3.7.1,3,3.7,Percentage of current use of any method of contraception among US women aged 15-44.,complete,true,populated,5,2002,2018,National Center for Health Statistics/National Survey of Family Growth.,National Center for Health Statistics/National Survey of Family Growth,http://www.cdc.gov/nchs/nsfg/nsfg_2011_2013_puf.htm,explicit_source_url,,Measures the contraceptive method used (if any) in the month of the interview (not at a specific act of sexual intercourse) among female participants aged 15-44 in the National Survey of Family Growth. The recode variable used to identify any contraception use was CONSTAT1. Nationally representative estimates are produced using sample survey weights.,
3.7.2,3,3.7,"Adolescent birth rate (aged 10-14 years and aged 15-19 years) per 1,000 women in that age group.",complete,true,populated,46,2000,2022,National Center for Health Statistics/Final natality files,National Center for Health Statistics/Final natality files.,http://www.cdc.gov/nchs/data_access/vitalstatsonline.htm,explicit_source_url,,"The number of all US births occurring among adolescents in each age group is divided by the age group-specific US population and expressed per 1,000 population.",
3.8.1,3,3.8,Coverage of essential health services,notstarted,true,placeholder,1,2015,2015,,,,missing,,"Number of people receiving the intervention / Number of people who need the intervention Method of measurement Universal health coverage means that people receive the services they need, without incurring financial hardship. Countries progressively realize UHC according to their level of development, epidemiological situation, health system and people's expectations. The indicators ideally cover promotion, prevention, treatment, rehabilitation and palliation. There are a number of indicators that all countries implement such as immunization coverage or skilled attendance at birth that can be used for a summary measure of progress that can be used at lgobal and regional and country levels. Countries however will also create their own set of indicators to track progress towards UHC. The selection of indicators is based on the initial framework, and was applied in the global report published in 2015 by WHO and the World Bank. This provides a basis for further improvements working alongside countries. Method of estimation The indicators can be expressed as a summary measure. These can be weighted according to indicator, or intervention area. Work on incorporating an equity component in the summary measure is ongoing but is possible in a relatively simple manner.",
3.8.2,3,3.8,Proportion of population with large household expenditures on health as a share of total household expenditure or income,notstarted,true,placeholder,1,2015,2015,,,,missing,United States,,
3.9.1,3,3.9,Mortality rate attributed to household and ambient air pollution,notstarted,false,missing,0,,,,,,missing,United States,,
3.9.2,3,3.9,"Mortality rate attributed to unsafe water, unsafe sanitation and lack of hygiene (exposure to unsafe Water, Sanitation and Hygiene for All (WASH) services)",notstarted,true,placeholder,1,2015,2015,,,,missing,United States,,
3.9.3,3,3.9,Age-adjusted rates of death due to unintentional poisoning.,complete,true,populated,24,1999,2022,"National Center for Health Statistics, Underlying Cause of Death File.","National Center for Health Statistics, Underlying Cause of Death File.",http://wonder.cdc.gov/ucd-icd10.html | http://www.cdc.gov/nchs/data_access/vitalstatsonline.htm,source_notes,,"The number of deaths attributable to unintentional poisoning (ICD 10 code X40-X49) is divided by the population and expressed per 100,000 people. Rates are age-adjusted using the direct method of applying age-specific death rates to the U.S. 2000 standard population distribution. See http://wonder.cdc.gov/wonder/help/ucd.html#Age-Adjusted Rates for more detail.",
3.a.1,3,3.a,Daily smoking prevalence among the US population aged 18 years and older.,complete,true,populated,23,2000,2022,National Center for Health Statistics/National Health Interview Survey.,National Center for Health Statistics/National Health Interview Survey.,http://www.cdc.gov/nchs/nhis/data-questionnaires-documentation.htm,explicit_source_url,,"The age-adjusted rate of persons who are daily smokers is based on responses to two questions from the National Health Interview Survey: “Have you smoked at least 100 cigarettes in your entire life?” and “Do you now smoke cigarettes every day, some days, or not at all?” Daily smokers are adults who have smoked 100 cigarettes in their lifetime and currently smoke every day. Percentages are generated using sampling survey weights to make nationally representative population estimates.",
3.b.1,3,3.b,Proportion of the target population covered by all vaccines included in their national programme,notstarted,true,placeholder,1,2015,2015,,,,missing,,"Number of facilities with essential medicines in stock / Total number of health facilities Method of measurement Stock out data may also refer to specific time period (1 month, 3 months). Data on the availability of a specific list of medicines are collected from a survey of a sample of facilities. Availability is reported as the percentage of medicine outlets where a particular medicine was found on the day of the survey. Health facility reports may also include stockouts indicators but require regular independent verification.",
3.b.2,3,3.b,Total net official development assistance to medical research and basic health sectors,complete,true,populated,23,2000,2022,USAID,OECD/DAC Creditor Reporting System,https://data-explorer.oecd.org/vis?fs[0]=Topic%2C0%7CDevelopment%23DEV%23&pg=0&fc=Topic&bp=true&snb=39&df[ds]=dsDisseminateFinalDMZ&df[id]=DSD_CRS%40DF_CRS&df[ag]=OECD.DCD.FSD&df[vs]=1.1&dq=DAC..1000.100._T._T.D.Q._T..&lom=LASTNPERIODS&lo=5&to[TIME_PERIOD]=false,explicit_source_url,United States,"Data are extracted from the OECD's Creditor Reporting System (CRS) for selected purpose codes that have have been agreed support basic health. This includes: - all basic health sector purpose codes - medical research Note: data before 2002 are on commitments basis due to the lack of quality in disbursement data in this period. Data 2002-2009 are on gross disbursements basis, and data from 2010 onwards are on net disbursements basis.","reporting_status_conflict: indicator-config=complete, metadata=notstarted"
3.b.3,3,3.b,Proportion of health facilities that have a core set of relevant essential medicines available and affordable on a sustainable basis,notstarted,true,placeholder,1,2015,2015,,,,missing,United States,,
3.c.1,3,3.c,Health worker density and distribution,complete,true,populated,21,2010,2016,NCHWA/HRSA/AHRF,NCHWA/HRSA/AHRF,http://ahrf.hrsa.gov/,explicit_source_url,United States,"Number of health workers by cadre / Total population Method of measurement National database or registry of health workers, preferably at individual level. Method of estimation If there is a national database or registry, there should be regular assessment of completeness using census data, professional association registers, facility censuses, etc. Health worker concentration: percentage of all health workers working in urban areas divided by percentage of total population in urban areas.",
3.d.1,3,3.d,International Health Regulations (IHR) capacity and health emergency preparedness,notstarted,true,placeholder,1,2015,2015,,,,missing,United States,Number of attributes attained / Total number of attributes Method of measurement t Based on a set of attributes of 13 core capacities from a standard WHO instrument.,
3.d.2,3,3.d,Percentage of bloodstream infections due to selected antimicrobial-resistant organisms,notstarted,false,missing,0,,,,,,missing,,,
4.1.1,4,4.1,"Percentage of 4th and 8th grade students at or above ""Basic"" proficiency in reading and mathematics National Assessment of Educational Progress (NAEP) assessments",complete,true,populated,129,2000,2022,"U.S. Department of Education, National Center for Education Statistics","U.S. Department of Education, National Center for Education Statistics, National Assessment of Educational Progress (NAEP)",http://nces.ed.gov/programs/digest/d22/tables/dt22_221.20.asp | http://nces.ed.gov/programs/digest/d22/tables/dt22_222.20.asp,explicit_source_url,State available,"The main NAEP reports current information for the nation and specific geographic regions of the country. The assessment program includes students drawn from a sample from both public and private schools and reports results for student achievement at grades 4, 8, and 12. The main NAEP assessments follow the frameworks developed by the National Assessment Governing Board and use the latest advances in assessment methodology. Because the assessment items reflect curricula associated with specific grade levels, the main NAEP uses samples of students at those grade levels.",
4.1.2,4,4.1,"Completion rate (primary education, lower secondary education, upper secondary education)",notstarted,false,missing,0,,,,,,missing,,,
4.2.1,4,4.2,"Approaches to learning, interpersonal skills, self-control, health mathematics, and reading performance of entering kindergarten students in the US (typically age 5),",complete,true,single_observation,1,2010,2010,"U.S. Department of Education, National Center for Education Statistics, Early Childhood Longitudinal Study, Kindergarten Class of 2010–11 (ECLS-K:2011)","U.S. Department of Education, National Center for Education Statistics, Early Childhood Longitudinal Study, Kindergarten Class of 2010–11 (ECLS-K:2011)",http://nces.ed.gov/programs/digest/d15/tables/dt15_220.40.asp?current=yes | http://nces.ed.gov/programs/digest/d15/tables/dt15_220.45.asp?current=yes,source_notes,National and regions,Scale scores as described in indicators description,
4.2.2,4,4.2,"Percentage of 5 years olds enrolled in organized learning (prekindergarten, kindergarten, or first or higher grade)",complete,true,populated,184,2000,2022,"U.S. Department of Education, National Center for Education Statistics, tabulation of Census Bureau Current Population Survey (October school enrollment supplement)",National Center for Education Statistics tabulation of Census Bureau Current Population Survey,,missing,,Weighted number of 5-year-olds enrolled divided by 5-year-old population,
4.3.1,4,4.3,"Percentage of 16- to 65-year-olds enrolling in formal or nonformal programs during the past year, by sex, age group, and high/low income quartile",complete,true,populated,22,2012,2012,"Organization for Economic Cooperation and Development (OECD), Program for the International Assessment of Adult Competencies (PIAAC), 2012","Organization for Economic Cooperation and Development (OECD), Program for the International Assessment of Adult Competencies (PIAAC), 2012",http://nces.ed.gov/surveys/piaac/ideuspiaac/,explicit_source_url,National,Percentage of 16- to 65-year-olds enrolling in formal or nonformal programs during the past year based on data collected through PIAAC. Data are based on weighted percentage of respondents in the survey. Standard errors available upon request.,
4.4.1,4,4.4,"Percentage of 16- to 65-year-olds performing at PIAAC Problem Solving in Technology-Rich Environments performance level 2 or higher, by sex, age group, and high/low income quartile",complete,true,populated,10,2012,2012,"Organization for Economic Cooperation and Development (OECD), Program for the International Assessment of Adult Competencies (PIAAC), 2012","Organization for Economic Cooperation and Development (OECD), Program for the International Assessment of Adult Competencies (PIAAC), 2012",http://nces.ed.gov/surveys/piaac/ideuspiaac/,explicit_source_url,National,Weighted percentage of respondents in the survey achieving a score level of 2 or higher,
4.5.1,4,4.5,"Parity indices (female/male, rural/urban, bottom/top wealth quintile and others such as disability status, indigenous peoples and conflict-affected, as data become available) for all education indicators on this list that can be disaggregated",complete,true,populated,72,2007,2015,National Center for Education Statistics,National Center for Education Statistics,https://nces.ed.gov/surveys/annualreports/,reference_field,United States,Refer to metadata for specific indicators.,
4.6.1,4,4.6,"Percentage of 16- to 65-year-olds performing at PIAAC literacy or numeracy level 3 or higher, by sex, age group, and high/low income quartile",complete,true,single_observation,1,2012,2012,"Organization for Economic Cooperation and Development (OECD), Program for the International Assessment of Adult Competencies (PIAAC), 2012","Organization for Economic Cooperation and Development (OECD), Program for the International Assessment of Adult Competencies (PIAAC), 2012",http://nces.ed.gov/surveys/piaac/ideuspiaac/,explicit_source_url,National,Weighted percentage of 16- to 65-year-olds performing at PIAAC literacy or numeracy level 3 or higher,
4.7.1,4,4.7,"Percentage of 8th grade respondents who are in public and private schools that emphasize ""world affairs"" to a moderate or great extent.",complete,true,populated,9,2012,2012,"National Center for Education Statistics, National Assessment of Educational Progress, Civics Assessment.","National Center for Education Statistics, National Assessment of Educational Progress, Civics Assessment.",http://nces.ed.gov/nationsreportcard/civics/,explicit_source_url,National,"Percentage of 8th grade respondents who are in schools that emphasize ""world affairs"" to a moderate or great extent.",
4.a.1,4,4.a,Proportion of schools with access to: (a) electricity (b) the Internet for pedagogical purposes (c) computers for pedagogical purposes (d) adapted infrastructure and materials for students with disabilities (e) basic drinking water (f) single-sex basic sanitation facilities (g) basic handwashing facilities (as per the WASH indicator definitions),complete,true,populated,17,2000,2016,Educational Technology in U.S. Public Schools: Fall 2008,Educational Technology in U.S. Public Schools: Fall 2008,https://nces.ed.gov/pubsearch/pubsinfo.asp?pubid=2010034,explicit_source_url,United States,NCES is estimating the percentages of public schools having these basic facilities at 100 percent. There was a survey in 2008 that found that 98 percent of public schools had computers for student use. We believe the percentage has increased since that date.,
4.b.1,4,4.b,Volume of official development assistance flows for scholarships by sector and type of study,complete,true,populated,14,2006,2022,USAID,USAID,https://www.usaid.gov/education,explicit_source_url,United States,http://www.oecd.org/dac/dac-glossary.htm#ODA) for scholarships and student costs in donor countries (types of aid,
4.c.1,4,4.c,Percentage of teachers in: (a) pre-primary (b) primary (c) lower secondary and (d) upper secondary education who have received at least the minimum organized teacher training (i.e. pedagogical training) pre-service or in-service required for teaching at the relevant level in a given country,complete,true,populated,7,1999,2020,"National Center for Education Statistics, Schools and Staffing Survey; National Teacher and Principal Survey","National Center for Education Statistics, Schools and Staffing Survey; National Teacher and Principal Survey",http://nces.ed.gov/surveys/sass/ | https://nces.ed.gov/surveys/ntps/,source_notes,United States,Percentage of public schoool teachers who have regular certification or probationary certification (only require fulfillment of probationary employment period.,
5.1.1,5,5.1,"Whether or not legal frameworks are in place to promote, enforce and monitor equality and non-discrimination on the basis of sex",notstarted,true,placeholder,1,2015,2015,,,,missing,United States,,
5.2.1,5,5.2,"Proportion of ever-partnered women and girls aged 15 years and older subjected to physical, sexual or psychological violence by a current or former intimate partner in the previous 12 months, by form of violence and by age",complete,true,populated,22,2000,2022,Bureau of Justice Statistics,National Crime Victimization Survey (NCVS),https://ncvs.bjs.ojp.gov/Home,explicit_source_url,,"NCVS victimization rates are estimated by dividing the number of victimizations that occur during a 12 month period by the population at risk for those victimizations and then multiplying the rate by 1,000. Specifically, divide the number of violent victimizations for females age 12 or older by an intimate partner by the number of females age 12 or older in the U.S. and then multiplying the rate by 1,000.",
5.2.2,5,5.2,"Proportion of women and girls aged 15 years and older subjected to sexual violence by persons other than an intimate partner in the previous 12 months, by age and place of occurrence",complete,true,populated,22,2000,2022,Bureau of Justice Statistics,National Crime Victimization Survey (NCVS),https://ncvs.bjs.ojp.gov/Home,explicit_source_url,,"NCVS victimization rates are estimated by dividing the number of victimizations that occur during a 12 month period by the population at risk for those victimizations and then multiplying the rate by 1,000. Specifically, divide the number of sexual victimizations for females age 12 or older by persons other than an intimate partner by the number of females age 12 or older in the U.S. and then multiply the rate by 1,000.",
5.3.1,5,5.3,Proportion of women aged 20-24 years who were married or in a union before age 15 and before age 18,notstarted,true,placeholder,1,2015,2015,,,,missing,United States,,
5.3.2,5,5.3,"Proportion of girls and women aged 15-49 years who have undergone female genital mutilation/cutting, by age",notstarted,true,placeholder,1,2015,2015,,,,missing,United States,,
5.4.1,5,5.4,"Time spent per day on household activities (includes travel), Caring for and helping household members (includes travel), Caring for and helping nonhousehold members (includes travel), and Purchasing goods and services (includes travel) by sex and age",complete,true,populated,1280,2003,2023,U.S. Bureau of Labor Statistics / American Time Use Survey,U.S. Bureau of Labor Statistics / American Time Use Survey,https://www.bls.gov/tus/,explicit_source_url,,"Data are from the American Time Use Survey (ATUS), which is nationally representative of the U.S. civilian noninstitutional population age 15 and over. Individuals are selected from households that have completed the 8th month of the Current Population Survey. Each selected individual is interviewed one time, by telephone, about how they spent their time on one day. Individuals have been interviewed for the ATUS on nearly every day since the survey began in 2003. For information about ATUS methods, see the BLS Handbook of Methods: https://www.bls.gov/opub/hom/atus/home.htm. Data are estimates of average hours per day (see formula in section 7.4 of the ATUS User's Guide: https://www.bls.gov/tus/atususersguide.pdf).",
5.5.1,5,5.5,Proportion of seats held by women in (a) national parliaments and (b) local governments,complete,true,populated,20,2001,2020,http://www.cawp.rutgers.edu/women-us-congress-2018,http://www.cawp.rutgers.edu/women-us-congress-2018,http://history.house.gov/Exhibitions-and-Publications/WIC/Historical-Data/Women-Representatives-and-Senators-by-Congress/,explicit_source_url,United States,,
5.5.2,5,5.5,"Occupation by Sex for the Full-Time, Year-Round Civilian Employed Population 16 years and over",complete,true,populated,15,2000,2022,U.S. Census Bureau,"U.S. Census Bureau 2018-2022: Table S2402 - American Community Survey 1-Year Estimates. https://data.census.gov/table/ACSST1Y2022.S2402?q=S2402 2009-2017: Tables B24124 and B24126 - American Community Survey 1-Year Estimates. https://data.census.gov/table/ACSDT1Y2017.B24124?q=B24124 https://data.census.gov/table/ACSDT1Y2017.B24126?q=B24126 2008: Detailed Occupations and Median Earnings: 2008 - American Community Survey 1-Year Estimates. https://www.census.gov/library/working-papers/2008/demo/day-01.html 2000: Full-Time, Year-Round Workers and Median Earnings in 1999 by Sex and Detailed Occupation: 2000 - 2000 Decennial Census https://www.census.gov/data/tables/time-series/demo/industry-occupation/median-earnings.html",https://data.census.gov/table/ACSST1Y2022.S2402?q=S2402 | https://data.census.gov/table/ACSDT1Y2017.B24124?q=B24124 | https://data.census.gov/table/ACSDT1Y2017.B24126?q=B24126 | https://www.census.gov/library/working-papers/2008/demo/day-01.html | https://www.census.gov/data/tables/time-series/demo/industry-occupation/median-earnings.html,source_dataset_field,,"Data are based on a sample and are subject to sampling variability. The degree of uncertainty for an estimate arising from sampling variability is represented through the use of a margin of error. The margin of error for the data provided is +/-.2 (this is the 90 percent margin of error). The margin of error can be interpreted roughly as providing a 90 percent probability that the interval defined by the estimate minus the margin of error and the estimate plus the margin of error (the lower and upper confidence bounds) contains the true value. In addition to sampling variability, the ACS estimates are subject to nonsampling error. The effect of nonsampling error is not represented in these data.",
5.6.1,5,5.6,"Proportion of women aged 15-49 years who make their own informed decisions regarding sexual relations, contraceptive use and reproductive health care",notstarted,true,placeholder,1,2015,2015,,,,missing,United States,"From UN-WOMEN: Denominator: Women of reproductive age 15-49 Measurement: Indicator will be measured through DHS and MICS covering most of low and middle income countries. In developed countries the indicator will be measured through national household surveys From UNFPA The methodology for this indicator has been developed by UNFPA in close collaboration with UN Women by building on available information from DHS surveys. These three questions are already included in the DHS: (a) DHS q. 1054; (b) DHS Phase 7, q. 819 & 820; (c) DHS q. 922). In all cases these questions are currently asked to women married or in union. Therefore the denominator will need to be expanded to include ever sexually active women. In the case of the last question, the current DHS question just refers to 'healthcare for herself', not specifically SRH care, which will need to be added. UNFPA is also compiling and analyzing data from available countries across different regions to understand better how the indicator behaves and whether some additional tweaking will be needed in the formulation of the indicator and its specific components. In DHS, the indicator is already disaggregated by location, economic quintile, and education. For the component related to contraceptive use the indicator is also disaggregated by method of contraception. The proposal is to add age, marital status (married, in union, unmarried) and disability.",
5.6.2,5,5.6,"Number of countries with laws and regulations that guarantee full and equal access to women and men aged 15 and older to sexual and reproductive health care, information and education",notstarted,true,placeholder,1,2015,2015,,,,missing,United States,"From UN-WOMEN: Denominator: All Member States, for federal states this will be reflected in central governments' self-reporting. Sources of information and methodology: The suggested methodology consists of initial self-reporting by governments through a detailed survey to be developed based on the indicators below with detailed questions that safeguard the replicability and reliability of state responses. This procedure was applied for the ICPD+20 review survey with support to governments from UNFPA's country offices where needed. The self-reported data will undergo validation and qualitative assessment by responsible UN agencies assigned to the task. At this stage other stakeholders and data sources could be consulted, e.g. National Human Rights Institutions, human rights treaty bodies or other international, regional or national monitoring bodies. From UNFPA: Methodology and feasibility of data collection The indicator will measure the number of countries with legal and regulatory frameworks guaranteeing access to sexual and reproductive services, education and information without any of the above restrictions. Therefore, to count as a ""yes"" all the four requirements included in this indicator will need to be met: (i) access without third party authorization; (ii) access without age restrictions; (iii) access irrespective of marital status; and (iv) access to education and information at all levels. For countries counting as ""no"", nevertheless, data will be disaggregated in accordance to each of those requirements to be able to measure progress on each particular front. Sources of information and methodology: The suggested methodology consists of initial self-reporting by governments through a detailed survey to be developed based on the indicators below with detailed questions that safeguard the replicability and reliability of state responses. This procedure was successfully applied for the ICPD+20 review survey with support to governments from UNFPA's country offices where needed. Information provided by States can be complemented with information from UN treaty monitoring bodies, including the Committee on Elimination of All Forms of Discrimination Against Women, the Committee on the Rights of the Child and the Committee on Economic, Social and Cultural Rights. These three committees are systematically collecting information and issuing recommendations to State parties on all the issues covered by this indicator. A combined use of these three committees as sources of information will ensure near universal coverage of States and will also increase the periodicity of information. Moreover, other actors with a monitoring role such as regional human rights mechanisms, national human rights institutions and civil society organizations often provide information on the components covered by this indicator. UN agencies such as WHO, UNFPA and UN Women also compile country specific information on legal and regulatory developments on issues pertaining to their respective mandates.",
5.a.1,5,5.a,"(a) Proportion of total agricultural population with ownership or secure rights over agricultural land, by sex; and (b) share of women among owners or rightsbearers of agricultural land, type of tenure",notstarted,true,placeholder,1,2015,2015,,,,missing,United States,"We propose using the 'total agricultural population' as denominator of part (a), instead of the total population, because ownership or right-security over agricultural land is obviously relevant only for the people whose livelihood rely on agriculture. Part (a) ( People with ownership or secure rights over agricultural land / Total agricultural population ) * 100 Part (b) ( Women with ownership or rights over agricultural land / Total owners or rights bearers over agricultural land ) * 100",
5.a.2,5,5.a,Proportion of countries where the legal framework (including customary law) guarantees women's equal rights to land ownership and/or control,notstarted,true,placeholder,1,2015,2015,,,,missing,United States,,
5.b.1,5,5.b,"Proportion of individuals who use an Internet-connected mobile telephone, by sex",complete,true,populated,7,2011,2023,U.S. Census Bureau,"U.S. Census Bureau, Current Population Survey Computer and Internet Use Supplement",https://www.ntia.gov/data/explorer,source_notes,Overall proportion available at national and state levels,"Data are derived from the Computer and Internet Use Supplement of the Current Population Survey (CPS). The Census Bureau and Bureau of Labor Statistics jointly sponsor the CPS, and the National Telecommunications and Information Administration sponsors the supplement. Data are collected by the Census Bureau. Individuals using a mobile telephone: Persons age 3 and over who use an Internet-connected mobile telephone. Metadata sources: http://www.census.gov/programs-surveys/cps/technical-documentation/complete.html",
5.c.1,5,5.c,Proportion of countries with systems to track and make public allocations for gender equality and women’s empowerment,notstarted,true,placeholder,1,2015,2015,,,,missing,United States,,
6.1.1,6,6.1,Percent of the population served by community water systems that receive drinking water that meets all applicable health - based drinking water standards through approaches including effective treatment and source water protection.,complete,true,populated,24,2000,2023,Safe Drinking Water Information System (SDWIS),Safe Drinking Water Information System (SDWIS),https://www.epa.gov/ground-water-and-drinking-water,source_notes,,"The EPA Office of Ground Water and Dr inking Water (headquarters) calculates this measure using data reported in the Safe Drinking Water Information System - Federal (SDWIS - FED) and provides the results to EPA regions. This measure includes federally - regulated contaminants of the following viola tion types: Maximum Contaminant Level, Maximum Residual Disinfection Limit, and Treatment Technique violations. It includes any violations from currently open and closed community water systems (CWSs) that overlap any part of the most recent four quarters.",
6.2.1,6,6.2,"Proportion of population using safely managed sanitation services, including a hand-washing facility with soap and water",notstarted,true,placeholder,1,2015,2015,,,,missing,United States,"Household surveys and censuses provide data on use of types of basic sanitation facilities listed above. The percentage of the population using safely managed sanitation services is calculated by combining data on the proportion of the population using different types of basic sanitation facilities with estimates of the proportion of faecal waste which is safely disposed in situ or treated off-site. The JMP estimates access to basic sanitation facilities for each country, separately in urban and rural areas, by fitting a regression line to a series of data points from household surveys and censuses. This approach was used to report on use of 'improved sanitation' facilities for MDG monitoring. The JMP is evaluating the use of alternative statistical estimation methods as more data become available. The Statistical Note describes in more detail how 'safety factors', or the proportion of household wastewater that is safely disposed of in situ or transported to a designated place, will be generated through a national assessment process, and combined with data on use of different types of supplies, as recorded in the current JMP database. Calculation of safety factors for safe management of sanitation are the same used for safety factors for wastewater treatment required for household part of the indicator 6.3.1.",
6.3.1,6,6.3,Proportion of wastewater safely treated,notstarted,true,placeholder,1,2015,2015,,,,missing,United States,"The wastewater safely treated is calculated by combining the percentage of household (sewage and faecal sludge) wastewater and the percentage of wastewater from hazardous industries treated. Household surveys and censuses provide information on use of types of basic sanitation facilities. These estimates are combined with safety factors for on-site disposal and for transportation to designated places for safe disposal or treatment, as described in indicator 6.2.1. The information generated for indicator 6.2.1 will be combined with safety factors describing the proportion of wastewater from hazardous industries which is safely treated before disposal or reuse to produce indicator 6.3.1. Calculation of safety factors for household wastewater (sewage and faecal sludge) treatment will be coordinated with estimation of similar safety factors for safe management of sanitation required for indicator 6.2.1. The accompanying Statistical Note describes in more detail how 'safety factors' for wastewater treatment, disposal and reuse will be generated through a national assessment process, and combined with data on use of different types of sanitation facilities, as recorded in the current JMP database. Statistical methods for measurement of the wastewater treatment (called ""wastewater to sewerage""by SEEA-Water) align with the SEEA definitions and treatment categories (primary, secondary, tertiary). Statistical methods for the treatment of industrial wastewater align with the SEEA definitions and treatment categories using ISIC classifications and treated volumes from permits data.",
6.3.2,6,6.3,Proportion of bodies of water with good ambient water quality,complete,true,populated,3,2017,2019,United States Environmental Protection Agency (US EPA),"Data comes from US EPA's National Aquatic Resource (NARS) program, with specific data coming from NLA and NRSA. https://www.epa.gov/national-aquatic-resource-surveys/data-national-aquatic-resource-surveys",https://www.epa.gov/national-aquatic-resource-surveys/data-national-aquatic-resource-surveys,explicit_source_url,United States,"The GEMS/Water1 water quality index approach is used as a general model to calculate the index, in which measured determinand values are compared to guideline values (proximity to target approach): 1. Proximity-to-target (PTT) scores for each determinand at single monitoring sites are calculated as the difference between the temporal average (for the accounting period) of the determinand concentration and the target divided by the range between the (winsorized) minimum or maximum of the measured determinand concentration (for exceedance and non-exceedance targets, respectively) and the target. The PTT scores are scaled to the range between 0 and 100, where 100 indicates that the target is met and decreasing scores indicate an increasing distance from the target. 2. The water quality index (WQI) at site level is computed as the arithmetic mean of the site-level PTT scores for the selected determinands. The WQI scale can be divided into different water quality categories, ranging from very bad to excellent. The thresholds for these categories are country specific and should be reported in the monitoring system by the individual countries 3. For the spatial aggregation at the basin level and country level, the water bodies are divided into stretches of homogenous quality (between consecutive monitoring stations). 4. The final indicator is calculated from the proportion of the stretches with good quality compared to all water bodies assessed.","reporting_status_conflict: indicator-config=complete, metadata=notstarted"
6.4.1,6,6.4,Change in water-use efficiency over time,notstarted,true,placeholder,1,2015,2015,,,,missing,,"The indicator is disaggregated by sector, in order to allow for different metrics in different sectors. Water efficiency in irrigated agriculture is calculated as the agricultural value added per agricultural (net) water withdrawn, expressed in USD/m3. In formula: Awe = GVAa x (1-Cr)Va-Ra Where: * Awe = Irrigated agriculture water efficiency [USD/m3] * GVAa = Gross value added by agriculture (excluding river and marine fisheries and forestry)[USD] * Cr = Proportion of agricultural GVA produced by rainfed agriculture [-] * Va = Volume of water withdrawn by the agricultural sector (including irrigation, livestock and aquaculture) [m3] * Ra = Volume of water returned to the hydrologic system (return flow) [m3] The volume of water withdrawn by the agricultural sectors (V) is collected at country level through national records and reported in questionnaires, in units of km3/year or million m3/year (see example in AQUASTAT http://www.fao.org/nr/water/aquastat/sets/aq-5yr-quest_eng.xls). Agricultural value added in national currency is obtained from national statistics, converted to USD and deflated to the baseline year 2015. The Cr coefficient can be estimated as Cr= 37%, on the basis of the general FAO assumption on the ratio between rainfed and irrigated yield. More detailed estimations are however possible and encouraged at country level. Water efficiency of industries is calculated as the industrial value added per unit of industrial (net) water withdrawn, and expressed in USD/m3. In formula: Iwe = GVAiVi-Ri Where: * Iwe = Irrigated water efficiency [USD/m3] * GVAi = Gross value added by industry (excluding energy)[USD] * Vi = Volume of water withdrawn by the industries (excluding energy) [m3] * Ri = Volume of water returned to the hydrologic system (return flow) [m3] Industrial water withdrawal (V) is collected at country level through national records and reported in questionnaires, in units of km3/year or million m3/year (see example in AQUASTAT http://www.fao.org/nr/water/aquastat/sets/aq-5yr-quest_eng.xls). Industrial value added is obtained from national statistics, deflated to the baseline year 2015. Energy (power) water efficiency is calculated as the value added of power production per unit of (net) water withdrawn for energy production, and expressed in MWh/m3. In formula: Ewe = TEPVe-Re Where: * Ewe = Energy water efficiency [MWh/m3] * TEP = Total energy production [MWh] * Ve = Volume of water withdrawn for energy production, i.e. for the cooling of power plants (including evaporation from reservoirs created behind dams for hydropower) [m3] * Re = Volume of water returned to the hydrologic system (return flow) [m3] Volume of water withdrawn for energy production (V) is collected at country level through national records and reported in questionnaires, in units of km3/year or million m3/year (see example in AQUASTAT http://www.fao.org/nr/water/aquastat/sets/aq-5yr-quest_eng.xls). Value added of electricity production is obtained from national statistics, deflated to the baseline year 2015. Municipal water supply efficiency is the ratio between water effectively distributed to the municipal users and the water withdrawn for municipal use by water supply utilities (i.e. distribution efficiency, size of network losses). In formula: Mwe = MudVm Where: * Mwe = Municipal water supply efficiency [-] * Mud = Water distributed to municipal users [m3] * Vm = Volume of water withdrawn by municipal utilities (i.e. the public distribution network) [m3] Data on volumes of withdrawn and distributed are collected at country level from the municipal supply utilities records.",
6.4.2,6,6.4,Level of water stress: freshwater withdrawal as a proportion of available freshwater resources,notstarted,true,placeholder,1,2015,2015,,,,missing,United States,"The indicator is computed as the total freshwater withdrawn (TWW) divided by the difference between the total renewable freshwater resources (TRWR) and the environmental water requirements (Env.), multiplied by 100. All variables are expressed in km3/year (10^9 m3/year). Stress (%) = ( TWW / TRWR - Env. ) * 100 It is proposed to classify the level of water stress in three main categories (levels): low, high and very high. The thresholds for the indicator could be country specific, to reflect differences in climate and national water management objectives. Alternatively, uniform thresholds could be proposed using existing literature and taking into account environmental water requirements.",
6.5.1,6,6.5,Degree of integrated water resources management implementation (0- 100),complete,true,populated,4,2003,2018,National Agricultural Statistics Service/Farm and Ranch Irrigation Survey,National Agricultural Statistics Service/Farm and Ranch Irrigation Survey,https://www.agcensus.usda.gov/Publications/2012/Online_Resources/Farm_and_Ranch_Irrigation_Survey/,source_notes,United States,"National surveys are structured in 4 components: policies, institutions, management tools, and financing. Within each component there are questions with defined response options giving scores of 0- 100. Questions scores are aggregated to the component level, and each component score is equally weighted to give an aggregated indicator score of 0-100. The method builds on official UN IWRM status reporting, from 2008 and 2012, of the Johannesburg Plan of Implementation from the UN World Summit for Sustainable Development (1992).",
6.5.2,6,6.5,Proportion of transboundary basin area with an operational arrangement for water cooperation,notstarted,true,placeholder,1,2015,2015,,,,missing,United States,"Calculated ' for any spatial unit (country, region) ' as the percentage that the total surface area (in km2) of transboundary basins that have an operational arrangement for water cooperation makes up of the total surface area of transboundary basins (km2). GIS data on the extent and location of transboundary basins facilitates the spatial analysis, corresponding datasets available globally.",
6.6.1,6,6.6,Change in the extent of water-related ecosystems over time,notstarted,true,placeholder,1,2015,2015,,,,missing,United States,"It is proposed to estimate percentage change in each major ecosystem present in a country, and the indicator will enable Member States to report on those water-related ecosystems that are important to them. Wetland extent is computed through the existing Living Planet Index methodology for data collection and analysis (http://www.livingplanetindex.org/home/index). It consists of a number of stages including harvesting of time series data, codification and database entry, aggregation into sub-indices to reduce sampling bias, and further aggregation to create subglobal (ecologically and regionally specific) and global indices. The methodology is flexible to incorporating improving sources of information and data, for a more comprehensive assessment of trends. The structure of the indicator can be designed to align with the SEEA Water accounts and estimate percentage change in Natural Water Capital available to society based on a) Mean Annual Water Availability; b) Mean Annual Water Withdrawals; c) Environmental Water requirements Aquastat (FAO); GEMS Water for national data (UNEP).",
6.a.1,6,6.a,Amount of water- and sanitation-related official development assistance that is part of a government-coordinated spending plan,notstarted,true,placeholder,1,2015,2015,,,,missing,United States,"The indicator is computed as the proportion between the amount of water and sanitation related Official Development Assistance a government receives, and the total amount budgeted for water and sanitation in a government coordinated spending plan.",
6.b.1,6,6.b,Proportion of local administrative units with established and operational policies and procedures for participation of local communities in water and sanitation management,notstarted,true,placeholder,1,2015,2015,,,,missing,United States,,
7.1.1,7,7.1,Proportion of occupied housing units in metropolitan areas with access to electricity,complete,true,populated,11,2001,2021,PDR/HUD/American Housing Survey,PDR/HUD/American Housing Survey,http://www.census.gov/programs-surveys/ahs.html,explicit_source_url,,"2001-2009: Weighted Frequency of sample units answering 'yes' to whether the household uses electricity (variable USELECT), divided by total households. Weight is AHS variable WGT90GEO. Filtered on households in metropolitan areas (AHS variable METRO3 in '1','2','4','9') 2011: Calculated using AHS Table Creator ""Heating, Air Conditioning, and Applinaces"" table, Filtered on 2003 Metropolitan areas. (AHS variable METRO_2003 in '1','2') 2013 and later: Calculated using AHS Table Creator ""Heating, Air Conditioning, and Applinaces"" table, Filtered on 2013 Metropolitan areas. (AHS variable METRO_2013 in '1','2')",
7.1.2,7,7.1,Proportion of population with primary reliance on clean fuels and technology,notstarted,true,placeholder,1,2015,2015,,,,missing,United States,"The indicator is calculated as the number of people using clean fuels and technologies for cooking, heating and lighting divided by total population reporting that any cooking, heating or lighting, expressed as percentage. Method of computation The indicator is modelled with household survey data compiled by WHO. The information on cooking fuel use and cooking practices comes from about 800 nationally representative survey and censuses. Survey sources include Demographic and Health Surveys (DHS) and Living Standards Measurement Surveys (LSMS), Multi-Indicator Cluster Surveys (MICS), the World Health Survey (WHS), and other nationally developed and implemented surveys. Estimates of primary cooking energy for the total, urban and rural population for a given year are obtained separately using a multilevel model. The model only accounts for regions, countries and time as a spline function, and estimates are restricted to values ranging from zero to one. More details on the model are published elsewhere (Bonjour et al, 2013). Estimates for countries with no available surveys were obtained as follows: When survey data is available for a country, the regional populationweighted mean is used to derive aggregate estimates at a regional or global level, however no country point estimate is given for that country is reported Countries classified as high-income with a Gross National Income (GNI) of more than US$ 12,746.- per capita are assumed to have made a complete transition to using clean fuels and technologies as the primary domestic energy source for cooking and the primary reliance on polluting (unclean) fuels and technologies use is reported to be less than 5% and assumed as zero for regional and global estimates. For estimating the fraction of the population relying on clean fuels and technologies for heating and lighting, the same methodology using survey data to derive country estimates for a particular year will be used using the same above mentioned assumptions.",
7.2.1,7,7.2,Renewable energy consumption as a percentage of total final energy consumption,complete,true,populated,24,2000,2023,Energy Information Administration,Energy Information Administration,http://www.eia.gov/totalenergy/data/monthly/,explicit_source_url,National,"Total Renewable Energy Consumption (in Quadrillion Btu) divided by Total Primary Energy Consumption (in Quadrillion Btu), expressed as a percentage",
7.3.1,7,7.3,Total Primary Energy Consumption per Real Dollar of GDP (Thousand Btu per Chained (2017) Dollar),complete,true,populated,24,2000,2023,Energy Information Agency,Energy Information Agency,http://www.eia.gov/totalenergy/data/monthly/,explicit_source_url,National,Calculated as energy consumption divided by U.S. gross domestic product in chained (2017) dollars,
7.a.1,7,7.a,"International financial flows to developing countries in support of clean energy research and development and renewable energy production, including in hybrid systems",notstarted,true,placeholder,1,2015,2015,,,,missing,United States,,
7.b.1,7,7.b,Installed renewable energy-generating capacity in developing and developed countries,complete,true,populated,24,2000,2023,Energy Information Administration,Energy Information Administration,http://www.eia.gov/totalenergy/data/monthly/,explicit_source_url,National,"Total Renewable Energy Net Summer Capacity (in thousand kilowatts) divided by Total Residential Population, United States, expressed as watts per capita",
8.1.1,8,8.1,Annual growth rate of real GDP per capita,complete,true,populated,24,2000,2023,Bureau of Economic Analysis,Selected Per Capita Product and Income Series in Current and Chained Dollars,http://www.bea.gov/iTable/iTableHtml.cfm?reqid=9&step=3&isuri=1&903=264,explicit_source_url,,Difference between current year GDP per capita and previous year GDP per capita divided by previous year GDP per capita,
8.2.1,8,8.2,Annual growth rate of business sector output per job,complete,true,populated,24,2000,2023,U.S. Bureau of Labor Statistics,U.S. Bureau of Labor Statistics,http://www.bls.gov/lpc/,explicit_source_url,,"Output per job is calculated by dividing an index of real output by an index of the number of jobs of all persons, including employees, proprietors, and unpaid family workers.",
8.3.1,8,8.3,"Proportion of informal employment in non-agriculture employment, by sex",notstarted,true,placeholder,1,2015,2015,,,,missing,United States,,
8.4.1,8,8.4,"Material footprint, material footprint per capita, and material footprint per GDP",notstarted,true,placeholder,1,2015,2015,,,,missing,United States,,
8.4.2,8,8.4,"Domestic material consumption, domestic material consumption per capita, and domestic material consumption per GDP",complete,true,populated,24,2000,2023,Bureau of Economic Analysis,Total personal consumption expenditures (PCE) by state (billions of dollars),http://www.bea.gov/iTable/iTableHtml.cfm?reqid=70&step=10&isuri=1&7003=1&7035=-1&7004=x&7005=-1&7006=00000&7036=-1&7001=61&7002=6&7090=70&7007=2015&7093=levels,explicit_source_url,,,
8.5.1,8,8.5,"Usual weekly earnings of employed full-time wage and salary workers by disability status, age, sex",complete,true,populated,300,2009,2023,U.S. Bureau of Labor Statistics/Current Population Survey,U.S. Bureau of Labor Statistics/Current Population Survey,https://www.bls.gov/cps/,explicit_source_url,,Source: Current Population Survey (CPS) - a monthly national sample household survey. Technical Documentation and Methodology: https://www.bls.gov/cps/documentation.htm. Information about the disability data is also available at https://www.bls.gov/cps/cpsdisability_faq.htm,
8.5.2,8,8.5,"Unemployment rate by disability status, sex, and age, 2009-23 annual averages",complete,true,populated,660,2009,2023,U.S. Bureau of Labor Statistics/Current Population Survey,U.S. Bureau of Labor Statistics/Current Population Survey,https://www.bls.gov/cps/home.htm,explicit_source_url,,Source: Current Population Survey (CPS) - a monthly national sample household survey. Technical Documentation and Methodology: https://www.bls.gov/cps/documentation.htm,
8.6.1,8,8.6,Percent of population 16 to 24 years who are not enrolled in school and are either unemployed or not in the labor force,complete,true,populated,30,1994,2023,U.S. Bureau of Labor Statistics / Current Population Survey,U.S. Bureau of Labor Statistics / Current Population Survey,,missing,,"Source: Current Population Survey (CPS) - a monthly national sample household survey. Technical Documentation and Methodology: https://www.bls.gov/cps/documentation.htm Indicator = 100*(16 to 24 years, Not Enrolled in School, Unemployed or Not in the Labor Force)/(Total, 16 to 24 years)",
8.7.1,8,8.7,"Proportion and number of children aged 5-17 years engaged in child labour, by sex and age",notstarted,true,placeholder,1,2015,2015,,,,missing,United States,,
8.8.1,8,8.8,Annualized incidence rate of nonfatal cases of injuries and illnesses involving days away from work by sex; Incidence rate of fatal occupational injuries by sex,complete,true,populated,60,2006,2022,U.S. Bureau of Labor Statistics,U.S. Bureau of Labor Statistics,https://www.bls.gov/iif/,explicit_source_url,,"nonfatal: (cases/total hours worked) X 20,000,000; fatal: (cases/total hours) X 200,000,000",
8.8.2,8,8.8,"Level of national compliance of labour rights (freedom of association and collective bargaining) based on International Labour Organization (ILO) textual sources and national legislation, by sex and migrant status",notstarted,true,placeholder,1,2015,2015,,,,missing,United States,,
8.9.1,8,8.9,Tourism value added as a share of GDP,complete,true,populated,31,2007,2022,Bureau of Economic Analysis,Bureau of Economic Analysis,https://www.bea.gov/scb/2018/06-june/0618-us-travel-tourism-satellite-account.htm,explicit_source_url,US,Satellite accounts are based on the latest US Input Output tables. We use Fisher chained indices for computing constant dollar statistics. https://www.bea.gov/scb/pdf/2017/06%20June/0617_travel_and_tourism_satellite_accounts.pdf,
8.10.1,8,8.10,Number of commercial banking establishments,complete,true,populated,4,2002,2017,"US Census Bureau, Economic Census of Finance and Insurance","US Census Bureau, Economic Census of Finance and Insurance",https://data.census.gov/,explicit_source_url,"The data are shown for employer establishments and firms at the U.S., State, Combined Statistical Area, Metropolitan and Micropolitan Statistical Area, Metropolitan Division, Consolidated City, County (and equivalent), and Economic Place (and equivalent; incorporated and unincorporated) levels that vary by industry.",Data are derived from the Economic Census conducted by the US Census Bureau,
8.10.2,8,8.10,Proportion of adults (15 years and older) with an account at a bank or other financial institution or with a mobile-money-service provider,complete,true,populated,5,2009,2014,"U.S. Census Bureau, Survey of Income and Program Participation","U.S. Census Bureau, Survey of Income and Program Participation",https://www.census.gov/people/wealth/data/dtables.html,source_notes,United States,Weighted sample mean from the Survey of Income and Program Participation,
8.a.1,8,8.a,Total ODA commitments and disbursements in support of Aid for Trade,complete,true,populated,38,2002,2022,USAID,OECD/DAC Creditor Reporting System (CRS),"http://stats.oecd.org/qwids/#?x=3&y=2&f=1:2,4:1,7:1,9:85,5:3,8:85,6:2014&q=1:2+4:1+7:1+9:85+5:3+8:85+6:2015,2014,2013,2012,2011,2010,2009,2008,2007,2006,2005+3:78,79,80,81,82,83,84,86,87,88,89,91,106,107,93,100,102,103,104,101,105,92,98,96,97,99,94,95,109,110,111,112,113,115,116,120,121,122,123,124,125,126,127,128,129,130,131,132,133,134,135,136,137,139,140,141,142,143,144,146,147,148,149,150,153,154,155,156,157,158,159,160,161,162,163,164,165,166,167,168,169,171,172,173,174,175,176,177,178,179,180,184,185,186,187,188,189,191+2:252,253,254,255,256,258&lock=CRS1",explicit_source_url,Total presented for all ODA-eligible countries. http://www.oecd.org/dac/stats/daclist.htm,"Data are extracted from the OECD's Creditor Reporting System (CRS) for selected purpose codes that have have been agreed support aid for trade. Aid for trade comprises the following categories: - technical assistance for trade policy and regulations (e.g. helping countries to develop trade strategies, negotiate trade agreements, and implement their outcomes) - trade-related infrastructure (e.g. building roads, ports, and telecommunications networks to connect domestic markets to the global economy) - productive capacity building, including trade development (e.g. supporting the private sector to exploit their comparative advantages and diversify their exports) trade-related adjustment (e.g. helping developing countries with the costs associated with trade liberalisation, such as tariff reductions, preference erosion, or declining terms of trade) - other trade-related needs, if identified as trade-related development priorities in partner countries' national development strategies http://www.oecd.org/dac/aft/aid-for-tradestatisticalqueries.htm",
8.b.1,8,8.b,"Existence of a developed and operationalized national strategy for youth employment, as a distinct strategy or as part of a national employment strategy",notstarted,true,placeholder,1,2015,2015,,,,missing,United States,,
9.1.1,9,9.1,Proportion of the rural population who live within 2 km of an all-season road,notstarted,true,placeholder,1,2015,2015,,,,missing,United States,,
9.1.2,9,9.1,Passenger Data: Passenger-kilometers by mode in millions; Freight Data - Metric tonnage of freight shipments by mode in millions.,complete,true,populated,100,2000,2017,"Passenger Data – Rail: BTS reporting to the International Transport Forum derived from Amtrak monthly reports. Other modes: as cited in U.S. Department of Transportation, Bureau of Transportation Statistics, National Transportation Statistics, table 1-40M, as of October 2017 Freight Data – U.S. Department of Transportation, Bureau of Transportation Statistics and Federal Highway Administration, Freight Analysis Framework, version 4, as of October 2017.","Passenger Data – Rail: BTS reporting to the International Transport Forum derived from Amtrak monthly reports. Other modes: as cited in U.S. Department of Transportation, Bureau of Transportation Statistics, National Transportation Statistics, table 1-40M, as of October 2017 Freight Data – U.S. Department of Transportation, Bureau of Transportation Statistics and Federal Highway Administration, Freight Analysis Framework, version 4, as of October 2017.",http://www.rita.dot.gov/bts/sites/rita.dot.gov.bts/files/publications/national_transportation_statistics/html/table_01_40_m.html | http://www.rita.dot.gov/bts/sites/rita.dot.gov.bts/files/subject_areas/freight_transportation/faf,source_notes,United States - Passenger data includes travel in the United States. Freight data includes domestic shipments and the U.S. portion of foreign shipments.,"Passenger data – number of passengers multiplied by the distance traveled. Freight data – the Freight Analysis Framework incorporates data from the 2012 Commodity Flow Survey, Transborder Freight Data, Foreign Trade Statistics, and a combination of sources for individual sectors including agriculture, energy extraction, construction, and other sectors. Both passenger and freight data have been converted to metric units.",
9.2.1,9,9.2,Manufacturing value added as a percentage of GDP and per capita,complete,true,populated,48,2000,2023,Bureau of Economic Analysis,Value Added by Industry as a Percentage of Gross Domestic Product,http://www.bea.gov/iTable/iTableHtml.cfm?reqid=51&step=2&isuri=1,explicit_source_url,,"As Percentage of GDP: Manufacturing value added divded by GDP, expressed as a percentage Per Capita: Manufacturing value added divded by population",
9.2.2,9,9.2,Manufacturing employment as a proportion of total employment,complete,true,populated,24,2000,2023,U.S. Bureau of Labor Statistics,U.S. Bureau of Labor Statistics,https://www.bls.gov/lpc/,explicit_source_url,,"Manufacturing employment data cover the following worker categories: employees (with source data from the BLS Current Establishment Statistics (CES) program), and self-employed workers (with source data from the BLS Current Population Survey (CPS)). Total economy employment data cover the following worker catetories: nonfarm employees (with source data from CES); self-employed workers, unpaid family workers, farm workers, and private household employees (with source data from CPS); and armed forces personnel (with source data from Department of Defense). The latest full methodology report is available here: https://www.bls.gov/lpc/lpcmethods.pdf",
9.3.1,9,9.3,Proportion of small-scale industries in total industry value added,notstarted,true,placeholder,1,2015,2015,,,,missing,United States,,
9.3.2,9,9.3,Proportion of small-scale industries with a loan or line of credit,notstarted,true,placeholder,1,2015,2015,,,,missing,United States,,
9.4.1,9,9.4,Total Energy CO2 Emissions per Real Dollar of GDP,complete,true,populated,24,2000,2023,Energy Information Administration,Energy Information Administration,http://www.eia.gov/totalenergy/data/monthly/,explicit_source_url,National,"Published in Table 1.7 Primary Energy Consumption, Energy Expenditures, and Carbon Dioxide Emissions Indicators from the Monthly Energy Review",
9.5.1,9,9.5,Research and development expenditure as a proportion of GDP,complete,true,populated,42,1981,2022,National Center for Science and Engineering Statistics,"National Center for Science and Engineering Statistics, National Patterns of R&D Resources (annual series) adjusted for international comparability and reported in Organisation for Economic Co-operation and Development, Main Science and Technology Indicators.",http://www.nsf.gov/statistics/natlpatterns/,explicit_source_url,"Some disaggregation of the indicator by U.S. geographic regions (mainly, states) is available.",Data on national R&D expenditures (dollars) divided by data on gross domestic product (dollars),
9.5.2,9,9.5,Researchers (in full-time equivalent) per million inhabitants,complete,true,populated,41,1981,2021,Organisation for Economic Co-operation and Development,"Organisation for Economic Co-operation and Development, Main Science and Technology Indicators (MSTI).",https://data-explorer.oecd.org/vis?tm=MSTI&pg=0&snb=1&df[ds]=dsDisseminateFinalDMZ&df[id]=DSD_MSTI%40DF_MSTI&df[ag]=OECD.STI.STP&df[vs]=1.3&dq=.A.G%2BT_RS...&lom=LASTNPERIODS&lo=5&to[TIME_PERIOD]=false,explicit_source_url,,The number of individuals employed as researchers is first calculated on a full-time equivalent (FTE) basis. Then it is divided by the population of the country in millions to generate a ratio of FTE researchers per million population.,
9.a.1,9,9.a,Total official international support (official development assistance plus other official flows) to infrastructure,complete,true,populated,23,2000,2022,USAID,OECD/DAC Creditor Reporting System,https://data-explorer.oecd.org/vis?fs[0]=Topic%2C0%7CDevelopment%23DEV%23&pg=0&fc=Topic&bp=true&snb=39&df[ds]=dsDisseminateFinalDMZ&df[id]=DSD_CRS%40DF_CRS&df[ag]=OECD.DCD.FSD&df[vs]=1.1&dq=DAC..1000.100._T._T.D.Q._T..&lom=LASTNPERIODS&lo=5&to[TIME_PERIOD]=false,explicit_source_url,United States,http://www.oecd.org/dac/dac-glossary.htm#ODA) to economic infrastructure (purpose code 200,"reporting_status_conflict: indicator-config=complete, metadata=notstarted"
9.b.1,9,9.b,Proportion of medium and high-tech industry value added in total value added,notstarted,true,placeholder,1,2015,2015,,,,missing,United States,,
9.c.1,9,9.c,"Proportion of population covered by a mobile network, by technology",complete,true,populated,9,2007,2016,"FCC's annual Mobile Wireless Competition Report. Full title: ""Implementation of Section 6002(b) of the Omnibus Budget Reconciliation Act of 1993, Annual Report and Analysis of Competitive Market Conditions With Respect to Mobile Wireless, Including Commercial Mobile Services","FCC's annual Mobile Wireless Competition Report. Full title: ""Implementation of Section 6002(b) of the Omnibus Budget Reconciliation Act of 1993, Annual Report and Analysis of Competitive Market Conditions With Respect to Mobile Wireless, Including Commercial Mobile Services",https://www.fcc.gov/reports-research/reports/mobile-wireless-competition-reports,explicit_source_url,United States,"Three methods were employed over this time period. 2015-2016: ""Form 477"" data and ""centroid"" computation method. 2007-2013: data from American Roamer (company renamed Mosaik as of 2011 data) and ""centroid"" computation method. 2000-2005: entire county treated as covered if any coverage in county. Population data from most recent U.S. census available.",
10.1.1,10,10.1,Growth rate of income per capita for the total population.,complete,true,populated,18,2000,2017,CPS ASEC,CPS ASEC,https://www.census.gov/programs-surveys/cps.html,explicit_source_url,,Percent change in income per capita.,nonstandard_alternate_data_file: data/indicator_10_1_1.csv
10.2.1,10,10.2,"Proportion of people living below 50 per cent of median income, by sex, age and persons with disabilities",notstarted,true,placeholder,1,2015,2015,,,,missing,United States,,
10.3.1,10,10.3,Proportion of population reporting having personally felt discriminated against or harassed in the previous 12 months on the basis of a ground of discrimination prohibited under international human rights law,notstarted,true,placeholder,1,2015,2015,,,,missing,United States,,
10.4.1,10,10.4,Labour share of GDP,complete,true,populated,23,2000,2022,Compensation of Employees by Industry,Compensation of Employees by Industry,https://www.bea.gov/iTable/iTableHtml.cfm?reqid=19&step=3&isuri=1&1921=survey&1903=185,explicit_source_url,,,
10.4.2,10,10.4,Redistributive impact of fiscal policy,notstarted,false,missing,0,,,,,,missing,,,
10.5.1,10,10.5,Financial Soundness Indicators,notstarted,true,placeholder,1,2015,2015,,,,missing,United States,,
10.6.1,10,10.6,Proportion of members and voting rights of developing countries in international organizations,notstarted,true,placeholder,1,2015,2015,,,,missing,United States,,
10.7.1,10,10.7,Recruitment cost borne by employee as a proportion of yearly income earned in country of destination,notstarted,true,placeholder,1,2015,2015,,,,missing,United States,"Recruitment cost borne by agricultural workers, domestic workers and construction workers divided by yearly income earned in country of destination",
10.7.2,10,10.7,"Proportion of countries with migration policies that facilitate orderly, safe, regular and responsible migration and mobility of people",notstarted,true,placeholder,1,2015,2015,,,,missing,United States,"The International Migration Policy Index would track development and identify gaps through aggregation of reporting on migration policies relevant for the SDG framework. The aggregation of constituent items of ""well-managed migration policies"" will be based on existing regional and thematic migration policy indexes and state of the art methodology on conceptualizing and measuring migration policies (Bjerre et. al 2015). Current work points toward the index tracking status regarding the following migration policy strands: Promoting and protecting the human rights of migrants Supporting socio-economic outcome Supporting regulated mobility Mobility dimensions of crisis Partnerships and cooperation Computation would be based on a three-tier-scale, e.g. 100 = comprehensive; 50 = elaborated; 0 = basic level of implementation; or 100 = 100%-90%; 50 = 89%-40%; 0 = 39% and below for proportion of coverage etc.",
10.7.3,10,10.7,Number of people who died or disappeared in the process of migration towards an international destination,notstarted,false,missing,0,,,,,,missing,,,
10.7.4,10,10.7,"Proportion of the population who are refugees, by country of origin",notstarted,false,missing,0,,,,,,missing,,,
10.a.1,10,10.a,Proportion of tariff lines applied to imports from least developed countries and developing countries with zero-tariff,notstarted,true,placeholder,1,2015,2015,,,,missing,United States,,
10.b.1,10,10.b,"Total resources flows for development, by recipient and donor countries and type of flow (e.g. official development assistance, foreign direct investment and other flows)",notstarted,true,placeholder,1,2015,2015,,,,missing,United States,,
10.c.1,10,10.c,Remittance costs as a proportion of the amount remitted,notstarted,true,placeholder,1,2015,2015,,,,missing,United States,"Fees paid, including indirect costs for inflated exchange rates, divided by the amount remitted.",
11.1.1,11,11.1,Percentage of occupied housing units in urban areas that are inadequate,complete,true,populated,33,2001,2021,American Housing Survey,American Housing Survey,http://www.census.gov/programs-surveys/ahs.html,explicit_source_url,,"2007-2013: Using microdata of the American Housing Survey national public use files. Tabulate ZADEQ (recoded adequacy of housing, values '2' and '3') for occupied units (STATUS='1') in urban areas (METRO3 IN['1','2','4','9']), weighted by WGT90GEO. Percent of all occupied in urban areas. See AHS codebook for full description of variables: http://www.census.gov/programs-surveys/ahs/tech-documentation/codebooks/ahs-codebook.html 2015 and later: Using internal use file of the American Housing Survey. Tabulate ADEQUACY (recoded adequacy of housing, values '2' and '3') for occupied units (INTSTATUS='1') in urban areas (URBAN_2010 IN('1','2')). See online codebook at https://www.census.gov/data-tools/demo/codebook/ahs/ahsdict.html. Indicator can also be created from the table creator by using the ""Housing Quality"" table and filtering on 2010 Urban Area.",
11.2.1,11,11.2,"Proportion of population that has convenient access to public transport, by sex, age and persons with disabilities",notstarted,true,placeholder,1,2015,2015,,,,missing,United States,,
11.3.1,11,11.3,Ratio of land consumption rate to population growth rate,notstarted,true,placeholder,1,2015,2015,,,,missing,United States,,
11.3.2,11,11.3,Proportion of cities with a direct participation structure of civil society in urban planning and management that operate regularly and democratically,notstarted,true,placeholder,1,2015,2015,,,,missing,United States,,
11.4.1,11,11.4,"Total expenditure (public and private) per capita spent on the preservation, protection and conservation of all cultural and natural heritage, by type of heritage (cultural, natural, mixed and World Heritage Centre designation), level of government (national, regional and local/municipal), type of expenditure (operating expenditure/investment) and type of private funding (donations in kind, private nonprofit sector and sponsorship)",notstarted,true,placeholder,1,2015,2015,,,,missing,United States,,
11.5.1,11,11.5,"Number of deaths, missing persons and directly affected persons attributed to disasters per 100,000 population",complete,true,populated,21,2000,2020,National Security Council/Executive Office of the President,National Security Council/Executive Office of the President,https://www.dhs.gov/presidential-policy-directive-8-national-preparedness,explicit_source_url,United States,"Summation of data on related indicators from national disaster loss databases. Make the sum a relative figure by using global population data (World Bank or UN Statistics information). Relativity is important because population growth (expected to be 9 billion in 2050) may translate into increased hazard exposure of population. The Expert Group recommends not using the indicators related with the people whose houses were damaged/destroyed in the computation. UNISDR and IRDR groups recommend using them as they can be estimated from widely available and verifiable data and reflect vulnerability and livelihood issues. Data on housing damage and destroyed is essential for economic loss, so using these indicators would not impose additional data collection burden. Double-counting: From practical perspective, double counting of affected people is unavoidable (for example, injured and relocated) in many countries. Minimum double counting is summing 'number of injured' and Number of people whose housings were damaged or destroyed. Relocated is sub-set of number of people whose housings were destroyed. The data can be disaggregated by hazard type. When applied to proposed target 13.1 and 15.3, hydrological, meteorological and climatological and indirectly biological disasters are monitored.",
11.5.2,11,11.5,Direct economic loss attributed to disasters in relation to global gross domestic product (GDP),complete,true,populated,24,2000,2023,Bureau of Economic Analysis,Saving and Investment by Sector,http://www.bea.gov/iTable/iTableHtml.cfm?reqid=9&step=3&isuri=1&903=137,explicit_source_url,,Disaster losses divided by World/US GDP expressed as a percentage,
11.6.1,11,11.6,"Proportion of urban solid waste regularly collected and with adequate final discharge out of total urban solid waste generated, by cities",notstarted,true,placeholder,1,2015,2015,,,,missing,United States,"Solid waste recycling = ( volume of waste recycled / total collected waste ) * 100 Benchmark Min = 0% Max = 63.33% Calculated from data from 2010 to 2012 available at Eurostat (2014). __* = 50 Obtained from European Parliament, Council of the European Union (2008). Standardization (S) see report for Standardization details",
11.6.2,11,11.6,Annual mean levels of fine particulate matter (e.g. PM2.5) in cities (population weighted),complete,true,populated,24,2000,2023,United States Environmental Protection Agency,United States Environmental Protection Agency,https://www.epa.gov/aqs | https://www.epa.gov/air-trends/air-quality-cities-and-counties,explicit_source_url,,,
11.7.1,11,11.7,"Average share of the built-up area of cities that is open space for public use for all, by sex, age and persons with disabilities",notstarted,true,placeholder,1,2015,2015,,,,missing,,"Proportion of urban area allocated to open public spaces, including street and sidewalks. Proportion of Total Open Public Space = ( (Total surface of open public space + Total surface of land allocated to streets) / Total surface of built up area of the urban agglomeration ) Unit of Measurement: % The method to estimate the area of public space is based on three steps: 1. spatial analysis to delimit the built-up area of the city 2. estimation of the total open public space and 3. estimation of the total area allocated to streets. <p>1. Spatial analysis to delimit the built-up area</p> Delimit the built-up area of the urban agglomeration and calculate the total area (square kilometers). * 1.1 Satellite imagery: Use of exiting layers of satellite imagery ranging from open sources such as Google Earth and US Geological Survey/NASA imagery Landsat to more sophisticated and higher resolution land cover data sets. Images will be analyzed for the latest available year. * 1.2 Delimitation of built-up area of the urban agglomeration: The delimitation of the urban agglomeration refers to the total area occupied by the built-up area and its urbanized open space. The delimitation of the study area distinguishes urban, suburban and rural areas based on the built-up densities. This indicators includes urban (more than 50% built-up density) and suburban areas (between 50% to 10% built-up density (refer to annex 1 ""Measurement of the Street Connectivity Index""). <p>2. Open public space: mapping and calculation of total areas of open public space within the defined urban boundaries based on the built-up area.</p> * 2.1 Definition of open public space: An open public space is related to universal access. Open public spaces include only the following types: * Parks: open spaces inside a municipality that provide free air recreation and contact with nature. Their principal characteristic is the significant proportion of green area. * Civic parks: open spaces created by building agglomeration around an open area, which was later transformed into a representative, civic area. They are characterised by considerable nature, specifically gardens. They are good place for cultural events and passive recreation. * Squares: open spaces created by building agglomeration around an open area. Its main characteristics are the significant proportion of architectonic elements and interaction among buildings and the open area. Squares are usually public spaces that are relevant to the city due to their location, territorial development, or cultural importance. * Recreational green areas: public green areas that contribute to environmental preservation. All recreational green areas must guarantee accessibility and must be linked to urban areas. Their main functions are ornamental and passive recreation. * Facility public areas: open meeting spaces and recreational facilities that are part of city facilities (defined as places that are elementary to all cities; i.e., public libraries, stadium, public sports centres, etc.). These areas have the following characteristics: public property, free transit and access, and both active and passive recreation. (e.g., the public area outside a stadium). * 2.2 Inventory of open public space. Information can be obtained from legal documents outlining publicly owned land and well defined land use plans. In some cases where this information is lacking, incomplete or outdated, open sources and communitybased maps, which are increasingly recognized as a valid source of information, can be a viable alternative. * 2.3 Computation of total area of open public space. The inventory of open public spaces is digitalized in existing maps and vectorised to allow computation of surfaces. The total of open public area is divided by the total built-up area of the city to obtain the proportion. <p>3. Land allocated to streets: calculation of the total area allocated to streets based on sampling techniques as a proportion of the total surface of the built-up area as per definition above.</p> * 3.1 Definition of streets. For this indicator, streets are defined as the space used by pedestrian or vehicles in order to go from one place to another in the city and also in order to interact. More and more, local population recognizes streets as public spaces and as an important 'common' of the city. The area of the streets include the carriageway, the median, the roundabouts, the traffic islands, the sidewalk, the cycle tracks, planting zones and storm drainage; in other words, the right of way limited by private properties and/or natural obstacles such as rivers. In informal settlements or slum areas where sidewalks are missing, the main references for limiting the street area are the physical boundaries used to demarcate the private properties. Unpaved roads are also considered as streets. * 3.2 Sampling technique for the estimation of land allocated to streets. The estimation of the total area of the street is based on the following methodology: * a. Define the boundary of the built-up area. * b. Generate the Halton sequence of sample points of the urban area bounding box for an average density of 10 points per Km2. * c. Extract the sample points that are within the urban area boundary. * d. Buffer the points to get sample areas (circles) with an area of 10 Ha each (0.1 Km2). * e. For each sample area in the sequence: * i) check the completeness of the street network using 'open street maps' (OSM cartography on streets) within the sample area, and complete it if necessary comparing it with the most recent satellite imagery of the urban area * ii) define and delimit streets as per definition * iii) measure the street widths on the orthophoto (i.e. Bing) and store it in the OSM data base * iv) download the OSM cartography * v) superimpose (clip) the OSM data with the sample areas * vi) calculate the land allocated to street for each sample area. * f. Repeat the process for the following sample areas until the variations are within a certain margin (95% confidence limits). * 3.3 Computation of total area of land allocated to streets. The average of the sample areas provide the total land allocated to streets. Benchmark Proportion of Total Open Public Space Min = 0 % Max = 45 % Total Open Public Space (%) Min = 0 % Max = 15 % Land Allocated to Street (%) Min = 0 % Max = 30% Standardization see report for Standardization details Example see report for Example",
11.7.2,11,11.7,"Proportion of persons victim of physical or sexual harassment, by sex, age, disability status and place of occurrence, in the previous 12 months",notstarted,true,placeholder,1,2015,2015,,,,missing,United States,,
11.a.1,11,11.a,Number of countries that have national urban policies or regional development plans that (a) respond to population dynamics; (b) ensure balanced territorial development; and (c) increase local fiscal space,notstarted,true,placeholder,1,2015,2015,,,,missing,,"Develop a country score card that assesses and tracks progress on the extent to which national urban policy (development and implementation) satisfies the following criteria as qualifiers, based on participation, partnership, coordination and cooperation of actors: 1. responds to population dynamics 2. ensures balanced regional and territorial development 3. prepares for infrastructure and services development 4. promotes urban land-use efficiency 5. enhances resilience to climate change 6. protects public space 7. develops effective urban governance systems 8. Increase local fiscal space This indicator places particular emphasis on the aspect of national and regional development planning and the notion of inclusion of sectors and actors, articulated on national urban policies (NUP). The indicator has various key qualifiers that are scored between 0-5 (0-none, and 5 for full compliance). Tools to be used to support the reporting on this indicator include: baseline, benchmarking, point-of-service surveys, scorecard, peer-review and experts opinion, performance monitoring and reporting, focus group discussions, gap and content analysis. With initial support of UN-Habitat and partners tracking and assessment tools and methods will be developed, piloted and rolled out at country level to assess national urban policies developed and implemented based on the qualifiers listed above. Based on expert opinion, the assessment of the qualifiers of the indicator will target national government institutions as well as other key urban stakeholders from academia, private sector, and civil society organization, as per specific criteria of selection of these stakeholders. A threshold will be established to ascertain the level of satisfaction of each qualifier. The method for tracking and analysing progress on national urban policies will collate information on adopted policies, conventions, laws, government programs, and other initiatives that comprise an urban policy. This information would be in most cases already available. The analysis will cover the qualifiers listed above. The standard definition of National Urban Policy5 will be extended and adapted to country context and may include where applicable terms such as National Urban Plan, Frameworks, Strategies, etc. as long as they are aligned with the above qualifiers. For each of the 8 items defined above, policies will be scored on a scale of 1 to 5 for achievement or lack of achievement. Overall aggregate national scores (X) will range from 8 to 40 and these will be standardized to the scale of 0-100 using the following approach. If (X) is the observed aggregate value of the score for the policy performance using the above criterion, then its standardized value X(S) will be computed as; X(s) = 100 ( (X - Min(X) / Max(X) - Min(X) ) Where, Max (X) and Min (X) are the maximum and minimum values observed for X which is 8 and 40, respectively. Countries that achieve maximum values on the scorecard i.e. Max (X) =40, the value assigned via standardization will be 100 while those that achieve minimum score i.e. Min (X) =8 the value assigned via standardization will be 0. Unit: Number/dimensionless Number of countries which have scored above the threshold and are making progress on the range of qualifiers. When analysing the data and the score card, the scorecard of each country could be used to ascertain the overall performance of countries which could then be aggregated by regional groups and specific qualifiers. The scorecard will point to concrete policy recommendations, particularly for qualifiers that need particular attention.",
11.b.1,11,11.b,Number of countries that adopt and implement national disaster risk reduction strategies in line with the Sendai Framework for Disaster Risk Reduction 2015-2030,complete,true,populated,18,2000,2017,National Security Council/Executive Office of the President,National Security Council/Executive Office of the President,https://www.dhs.gov/presidential-policy-directive-8-national-preparedness,explicit_source_url,United States,Summation of data from National Progress Report of the Sendai Monitor,
11.b.2,11,11.b,Proportion of local governments that adopt and implement local disaster risk reduction strategies in line with national disaster risk reduction strategies,complete,true,populated,18,2000,2017,National Security Council/Executive Office of the President,National Security Council/Executive Office of the President,https://www.dhs.gov/presidential-policy-directive-8-national-preparedness,explicit_source_url,United States,"US Presidential Policy Directive 8: National Preparedness, including the National Preparedness Goal and the National Preparedness System",
12.1.1,12,12.1,Number of countries with sustainable consumption and production (SCP) national action plans or SCP mainstreamed as a priority or a target into national policies,notstarted,true,placeholder,1,2015,2015,,,,missing,United States,,
12.2.1,12,12.2,"Material footprint, material footprint per capita, and material footprint per GDP",notstarted,true,placeholder,1,2015,2015,,,,missing,United States,"Material footprint of consumption reports the amount of primary materials required to serve final demand of a country and can be interpreted as an indicator for the material standard of living/level of capitalization of an economy. Per-capita MF describes the average material use for final demand. DMC and MF need to be looked at in combination as they cover the two aspects of the economy, production and consumption. The DMC reports the actual amount of material in an economy, MF the virtual amount required across the whole supply chain to service final demand. A country can, for instance have a very high DMC because it has a large primary production sector for export or a very low DMC because it has outsourced most of the material intensive industrial processes to other countries. The material footprint corrects for both phenomena.",
12.2.2,12,12.2,"Domestic material consumption, domestic material consumption per capita, and domestic material consumption per GDP",complete,true,populated,24,2000,2023,Bureau of Economic Analysis,Total personal consumption expenditures (PCE) by state (billions of dollars),http://www.bea.gov/iTable/iTableHtml.cfm?reqid=70&step=10&isuri=1&7003=1&7035=-1&7004=x&7005=-1&7006=00000&7036=-1&7001=61&7002=6&7090=70&7007=2015&7093=levels,explicit_source_url,,,
12.3.1,12,12.3,SDG 12.3.1.b food waste index,complete,true,populated,3,2016,2019,United States Environmental Protection Agency,2019 Wasted Food Report: https://www.epa.gov/system/files/documents/2023-03/2019%20Wasted%20Food%20Report_508_opt_ec.pdf,https://www.epa.gov/system/files/documents/2023-03/2019%20Wasted%20Food%20Report_508_opt_ec.pdf,source_dataset_field,,"Generation estimates rely on studies conducted by state and municipal governments, industry groups, universities, and other groups that measure wasted food generated at facilities in various sectors. Estimates are correlated to facility-specific characteristics (e.g., revenue or the number of employees) to establish equations expressing generation factors (e.g., 4,080 lbs of wasted food generated/employee/year in supermarkets). There are multiple studies, and therefore multiple generation factors, available for most sectors. EPA scaled up these rates by applying national, sector-specific statistics (e.g., U.S. Census-reported store sales, number of employees in restaurants, number of patients in hospitals, number of inmates in correctional facilities), which resulted in multiple generation estimates per sector. An average annual generation estimate was then calculated for each sector, and these values were summed to calculate overall estimates of excess food and food waste generated nationally. The initial management pathway analysis drew on sector-specific literature that provided a percentage distribution across the management pathways (i.e., an estimate of the percent of wasted food destined for each major management pathway by generating sector. EPA then took into account bottom up data on food banks, AD and composting and adjusted the initial management pathway estimates.",
12.4.1,12,12.4,"Number of parties to international multilateral environmental agreements on hazardous waste, and other chemicals that meet their commitments and obligations in transmitting information as required by each relevant agreement",complete,true,populated,21,2000,2020,DOS/OES/EQT,DOS/OES/EQT,https://www.epa.gov/ozone-layer-protection/international-actions-montreal-protocol-substances-deplete-ozone-layer,explicit_source_url,United States,Country score is calculated per the formula described in the indicator 12.4.1 metadata.,
12.4.2,12,12.4,"(a) Hazardous waste generated per capita; and (b) proportion of hazardous waste treated, by type of treatment",complete,true,populated,14,2021,2021,U.S Enviromental Protection Agency/Office of Resource Conservation and Recovery/Program Implementation and Information Division/ Information Collection and Analysis Branch,https://rcrapublic.epa.gov/rcrainfoweb/action/modules/br/summary/view https://usafacts.org/state-of-the-union-2022/population/,https://rcrapublic.epa.gov/rcrainfoweb/action/modules/br/summary/view | https://usafacts.org/state-of-the-union-2022/population/,source_dataset_field,,The total hazardous waste generated in the reporting year was divided by the population of the U.S. for that reporting year. Like wise each treatment method was divided by the total quantity of waste treated to get the percent for each treatment method.,
12.5.1,12,12.5,12.5.1 - recycling rate,complete,true,populated,18,2001,2018,United States Environmental Protection Agency,https://www.epa.gov/facts-and-figures-about-materials-waste-and-recycling/advancing-sustainable-materials-management,https://www.epa.gov/facts-and-figures-about-materials-waste-and-recycling/advancing-sustainable-materials-management,explicit_source_url,,"Using data gathered from industry associations, businesses and government sources, such as the U.S. Department of Commerce and the U.S. Census Bureau, EPA estimates the weight in tons of all MSW materials and products generated, recycled, composted, managed by other methods for food, combusted with energy recovery and landfilled. Other sources of data, such as waste characterizations and research reports performed by governments, industry or the press, supplement these data.",
12.6.1,12,12.6,Number of companies publishing sustainability reports,notstarted,true,placeholder,1,2015,2015,,,,missing,United States,,
12.7.1,12,12.7,Number of countries implementing sustainable public procurement policies and action plans,notstarted,true,placeholder,1,2015,2015,,,,missing,United States,,
12.8.1,12,12.8,Extent to which (i) global citizenship education and (ii) education for sustainable development (including climate change education) are mainstreamed in (a) national education policies (b) curricula (c) teacher education and (d) student assessment,notstarted,true,placeholder,1,2015,2015,,,,missing,United States,,
12.a.1,12,12.a,Amount of support to developing countries on research and development for sustainable consumption and production and environmentally sound technologies,notstarted,true,placeholder,1,2015,2015,,,,missing,United States,,
12.b.1,12,12.b,Number of sustainable tourism strategies or policies and implemented action plans with agreed monitoring and evaluation tools,notstarted,true,placeholder,1,2015,2015,,,,missing,United States,To be defined,
12.c.1,12,12.c,Amount of fossil-fuel subsidies per unit of GDP (production and consumption) and as proportion of total national expenditure on fossil fuels,notstarted,true,placeholder,1,2015,2015,,,,missing,United States,,
13.1.1,13,13.1,"Number of deaths, missing persons and directly affected persons attributed to disasters per 100,000 population",complete,true,populated,21,2000,2020,National Security Council/Executive Office of the President,National Security Council/Executive Office of the President,https://www.dhs.gov/presidential-policy-directive-8-national-preparedness,explicit_source_url,United States,Summation of data from National Progress Report of the Sendai Monitor,
13.1.2,13,13.1,Number of countries that adopt and implement national disaster risk reduction strategies in line with the Sendai Framework for Disaster Risk Reduction 2015-2030,complete,true,populated,21,2000,2020,National Security Council/Executive Office of the President,National Security Council/Executive Office of the President,https://www.dhs.gov/presidential-policy-directive-8-national-preparedness,explicit_source_url,United States,"Summation of data on related indicators from national disaster loss databases. Make the sum a relative figure by using global population data (World Bank or UN Statistics information). Relativity is important because population growth (expected to be 9 billion in 2050) may translate into increased hazard exposure of population. The Expert Group recommends not using the indicators related with the people whose houses were damaged/destroyed in the computation. UNISDR and IRDR groups recommend using them as they can be estimated from widely available and verifiable data and reflect vulnerability and livelihood issues. Data on housing damage and destroyed is essential for economic loss, so using these indicators would not impose additional data collection burden. Double-counting: From practical perspective, double counting of affected people is unavoidable (for example, injured and relocated) in many countries. Minimum double counting is summing ""number of injured"" and Number of people whose housings were damaged or destroyed. Relocated is sub-set of number of people whose housings were destroyed. The data can be disaggregated by hazard type. When applied to proposed target 13.1 and 15.3, hydrological, meteorological and climatological and indirectly biological disasters are monitored.",
13.1.3,13,13.1,Proportion of local governments that adopt and implement local disaster risk reduction strategies in line with national disaster risk reduction strategies,complete,true,populated,21,2000,2020,National Security Council/Executive Office of the President,National Security Council/Executive Office of the President,https://www.dhs.gov/presidential-policy-directive-8-national-preparedness,explicit_source_url,United States,"US Presidential Policy Directive 8: National Preparedness, including the National Preparedness Goal and the National Preparedness System",
13.2.1,13,13.2,"Number of countries with nationally determined contributions, long-term strategies, national adaptation plans and adaptation communications, as reported to the secretariat of the United Nations Framework Convention on Climate Change",complete,true,populated,21,2000,2020,National Security Council/Executive Office of the President,National Security Council/Executive Office of the President,https://obamawhitehouse.archives.gov/the-press-office/2013/11/01/executive-order-preparing-united-states-impacts-climate-change,explicit_source_url,United States,US President’s Climate Action Plan E.O. 13653: Preparing the U.S. for the Impacts of Climate Change (agencies adaptation plans) E.O. 13677: Climate-Resilient International Development E.O. 13693: Planning for Federal Sustainability in the Next Decade,
13.2.2,13,13.2,Total greenhouse gas emissions per year,notstarted,false,missing,0,,,,,,missing,,,
13.3.1,13,13.3,"Number of countries that have integrated mitigation, adaptation, impact reduction and early warning into primary, secondary and tertiary curricula",complete,true,populated,21,2000,2020,National Center for Education Statistics,National Center for Education Statistics,,missing,United States,"Since the United States has a federal education system there is no nationally designated curricula for public or private schools. While schools typically do cover some aspects of climate change science, there is a wide range in the scope and intensity of these curricula across state and local jurisdictions that make curricula decisions. A recent study by the National Center for Climate Change Education and Penn State University (http://people.oregonstate.edu/~schmita2/Outreach/TeacherWS_2016/plutzer16sci.pdf) found that nearly all students were exposed to at least some material on climate change during their school years. Three in four science teachers allocate at least an hour to discussing recent global warming in their formal lesson plans. Most science teachers reported covering the greenhouse effect (66%), the carbon cycle (63%), and four or more observable consequences, such as sea-level rise, or changes in seasonal patterns, like the flowering of plants and animal migrations. About 30% of teachers emphasized that recent global warming “is likely due to natural causes,” and 12% did not emphasize human causes. Of teachers who teach climate change, 31% reported emphasizing both the scientific consensus that recent global warming is due to human activity and that many scientists believe recent increases in temperature are due to natural causes.",
13.a.1,13,13.a,Mobilized amount of United States dollars per year between 2020 and 2025 accountable towards the $100 billion commitment,notstarted,true,placeholder,1,2015,2015,,,,missing,United States,,
13.b.1,13,13.b,"Number of least developed countries and small island developing States with nationally determined contributions, long-term strategies, national adaptation plans and adaptation communications, as reported to the secretariat of the United Nations Framework Convention on Climate Change",complete,true,populated,20,2000,2020,National Security Council/Executive Office of the President,National Security Council/Executive Office of the President,,missing,United States,,
14.1.1,14,14.1,Index of coastal eutrophication and floating plastic debris density,notstarted,true,placeholder,1,2015,2015,,,,missing,United States,,
14.2.1,14,14.2,Proportion of national exclusive economic zones managed using ecosystem-based approaches,notstarted,true,placeholder,1,2015,2015,,,,missing,United States,,
14.3.1,14,14.3,Average marine acidity (pH) measured at agreed suite of representative sampling stations,notstarted,true,placeholder,1,2015,2015,,,,missing,United States,,
14.4.1,14,14.4,Proportion of fish stocks within biologically sustainable levels,complete,true,populated,19,2005,2023,National Oceanic and Atmospheric Administration/National Marine Fisheries Service/Species Information System,National Oceanic and Atmospheric Administration/National Marine Fisheries Service/Species Information System,https://www.st.nmfs.noaa.gov/sisPortal/sisPortalMain.jsp,explicit_source_url,United States,"Stocks are at the sustainable level if abundance ≥ 80% of the abundance at the maximum sustainable yield, with the exception of rebuilding stocks, which must be at 100%. Percentage of stocks at sustainable level is calculated by dividing the total number of stocks at the sustainable level by the total number of FSSI stocks with known stock status / abundance levels.",
14.5.1,14,14.5,Coverage of protected areas in relation to marine areas,complete,true,populated,24,2000,2023,NOAA MPA Inventory,NOAA MPA Inventory,https://marineprotectedareas.noaa.gov/dataanalysis/mpainventory/,explicit_source_url,United States,"The indicator is computed by dividing the total number of KBAs wholly covered by protected areas by the total number of KBAs in each country, and multiplying by 100. 'Wholly protected' is defined as >98% coverage to allow for resolution and digitisation errors in the underlying spatial datasets.",
14.6.1,14,14.6,"Progress by countries in the degree of implementation of international instruments aiming to combat illegal, unreported and unregulated fishing",notstarted,true,placeholder,1,2015,2015,,,,missing,United States,,
14.7.1,14,14.7,"Sustainable fisheries as a proportion of GDP in small island developing States, least developed countries and all countries",notstarted,true,placeholder,1,2015,2015,,,,missing,United States,,
14.a.1,14,14.a,Proportion of total research budget allocated to research in the field of marine technology,notstarted,true,placeholder,1,2015,2015,,,,missing,United States,,
14.b.1,14,14.b,Progress by countries in the degree of application of a legal/regulatory/policy/institutional framework which recognizes and protects access rights for small-scale fisheries,notstarted,true,placeholder,1,2015,2015,,,,missing,United States,,
14.c.1,14,14.c,"Number of countries making progress in ratifying, accepting and implementing through legal, policy and institutional frameworks, ocean-related instruments that implement international law, as reflected in the United Nation Convention on the Law of the Sea, for the conservation and sustainable use of the oceans and their resources",notstarted,true,placeholder,1,2015,2015,,,,missing,United States,,
15.1.1,15,15.1,Forest area as a proportion of total land area,complete,true,populated,6,2000,2018,"USDA Forest Service; Research & Development; Inventory, Monitoring and Assessment Research","USDA Forest Service; Research & Development; Inventory, Monitoring and Assessment Research",http://www.srs.fs.usda.gov/pubs/gtr/gtr_wo091.pdf,source_notes,United States,"Total U.S. Forest Area, as defined and measured by USDA Forest Service Forest Inventory and Analysis Program and reported to UN FAO, is divided by Total U.S. Area minus Inland Water Bodies, as defined and measured by U.S. Census and reported to UN FAO: [Total U.S. Forest Area] / [(Total U.S. Area) – (Inland Water Bodies)]. Resulting measures are converted from acres to hectares.",
15.1.2,15,15.1,"Proportion of important sites for terrestrial and freshwater biodiversity that are covered by protected areas, by ecosystem type",notstarted,true,placeholder,1,2015,2015,,,,missing,United States,,
15.2.1,15,15.2,Progress towards sustainable forest management,notstarted,true,placeholder,1,2015,2015,,,,missing,United States,,
15.3.1,15,15.3,Proportion of land that is degraded over total land area,notstarted,true,placeholder,1,2015,2015,,,,missing,United States,,
15.4.1,15,15.4,Coverage by protected areas of important sites for mountain biodiversity,notstarted,true,placeholder,1,2015,2015,,,,missing,United States,,
15.4.2,15,15.4,Mountain Green Cover Index,notstarted,true,placeholder,1,2015,2015,,,,missing,United States,,
15.5.1,15,15.5,Red List Index,notstarted,true,placeholder,1,2015,2015,,,,missing,United States,,
15.6.1,15,15.6,"Number of countries that have adopted legislative, administrative and policy frameworks to ensure fair and equitable sharing of benefits",notstarted,true,placeholder,1,2015,2015,,,,missing,United States,,
15.7.1,15,15.7,Proportion of traded wildlife that was poached or illicitly trafficked,notstarted,true,placeholder,1,2015,2015,,,,missing,United States,,
15.8.1,15,15.8,Proportion of countries adopting relevant national legislation and adequately resourcing the prevention or control of invasive alien species,notstarted,false,missing,0,,,,,,missing,United States,,
15.9.1,15,15.9,Progress towards national targets established in accordance with Aichi Biodiversity Target 2 of the Strategic Plan for Biodiversity 2011-2020,notstarted,true,placeholder,1,2015,2015,,,,missing,United States,,
15.a.1,15,15.a,Official development assistance and public expenditure on conservation and sustainable use of biodiversity and ecosystems,complete,true,populated,17,2006,2022,,,,missing,United States,,"reporting_status_conflict: indicator-config=complete, metadata=notstarted | alternate_metadata_files: meta/15.a.1.yml, meta/15_a_1.yml"
15.b.1,15,15.b,Official development assistance and public expenditure on conservation and sustainable use of biodiversity and ecosystems,complete,true,populated,17,2006,2022,,,,missing,United States,,"reporting_status_conflict: indicator-config=complete, metadata=notstarted | alternate_metadata_files: meta/15.b.1.yml, meta/15_b_1.yml"
15.c.1,15,15.c,Proportion of traded wildlife that was poached or illicitly trafficked,notstarted,true,placeholder,1,2015,2015,,,,missing,United States,,
16.1.1,16,16.1,"Number of victims of intentional homicide per 100,000 population, by sex and age",complete,true,populated,92,2000,2022,Federal Bureau of Investigation's (FBI) Uniform Crime Reporting (UCR) Program,Uniform Crime Reporting (UCR) Program,https://cde.ucr.cjis.gov/LATEST/webapp/#/pages/explorer/crime/crime-trend | https://ucr.fbi.gov/crime-in-the-u.s | https://dataunodc.un.org/dp-intentional-homicide-victims,source_notes,,"The homicide rate, defined as the number of offenses per 100,000 population, is derived by first dividing the nation’s population by 100,000 and then dividing the number of offenses by the resulting figure.",
16.1.2,16,16.1,"Conflict-related deaths per 100,000 population, by sex, age and cause",notstarted,true,placeholder,1,2015,2015,,,,missing,United States,,
16.1.3,16,16.1,"Proportion of population subjected to (a) physical violence, (b) psychological violence and/or (c) sexual violence in the previous 12 months",complete,true,populated,22,2000,2022,Bureau of Justice Statistics,National Crime Victimization Survey (NCVS),https://bjs.ojp.gov/document/cv22.pdf,explicit_source_url,,"Prevalence rates are estimated by dividing the number of unique victims in the specified population by the total number of persons in the population and multiplying the rate by 100, yielding the percentage of the population victimized at least once in a period.",
16.1.4,16,16.1,Percent of persons ages 18 and older who report feeling safe walking near their home,complete,true,populated,48,2000,2023,Gallup Inc.,Gallup Inc. Crime Survey,https://news.gallup.com/poll/1603/crime.aspx,explicit_source_url,,"The percent of persons feeling safe walking near their home is computed as the number of weighted responses answering ""no"" divided by the total number of weighted responses (yes + no + refused) and multiplying the resulting figure by 100. Similar methods are done for sex (e.g., (males reporting ""no"" / total male respondents) *100). All percents are rounded to the nearest whole number.",
16.2.1,16,16.2,Proportion of children aged 1-17 years who experienced any physical punishment and/or psychological aggression by caregivers in the past month,notstarted,true,placeholder,1,2015,2015,,,,missing,United States,,
16.2.2,16,16.2,Number of Human Trafficking Offenses Reported to the FBI UCR Program.,complete,true,populated,15,2014,2022,FBI Uniform Crime Reporting Program Data Collection,FBI Uniform Crime Reporting Program Data Collection,https://cde.ucr.cjis.gov/LATEST/webapp/#/pages/home,source_notes,National,"The FBI began collecting these data in 2013 through the UCR Program’s Summary Reporting System and National Incident-Based Reporting System. This table provides the volume of human trafficking offenses as reported, the number of reporting agencies, and the estimated population covered by the reporting agencies. The data used in creating this table were from all law enforcement agencies submitting one or more human trafficking incidents for at least 1 month of the calendar year. The published data, therefore, do not necessarily represent reports from each participating agency for all 12 months of the calendar year.",
16.2.3,16,16.2,Proportion of young women and men aged 18-29 years who experienced sexual violence by age 18,notstarted,true,placeholder,1,2015,2015,,,,missing,United States,,
16.3.1,16,16.3,"Proportion of victims of (a) physical, (b) psychological and/or (c) sexual violence in the previous 12 months who reported their victimization to competent authorities or other officially recognized conflict resolution mechanisms",complete,true,populated,69,2000,2022,Bureau of Justice Statistics,National Crime Victimization Survey (NCVS),https://bjs.ojp.gov/data-collection/ncvs,explicit_source_url,,"Number of violent crime incidents reported to police or other authorities divided by the number of violent crime incidents during the previous 12-month period and multiplied by 100, yielding the percentage of the violent victimizations reported to police.",
16.3.2,16,16.3,Unsentenced detainees as a proportion of overall prison population,complete,true,populated,23,2000,2022,Bureau of Justice Statistics,National Prisoners Statistics,https://www.icpsr.umich.edu/web/NACJD/studies/38871 | https://www.icpsr.umich.edu/web/NACJD/series/7 | https://www.icpsr.umich.edu/web/NACJD/series/68,explicit_source_url,,"The sum of persons held in prisons who were unsentenced and persons held in local jails who were not convicted divided by the total number of persons held in prisons and jails, multiplied by 100",
16.3.3,16,16.3,"Proportion of the population who have experienced a dispute in the past two years and who accessed a formal or informal dispute resolution mechanism, by type of mechanism",notstarted,false,missing,0,,,,,,missing,,,
16.4.1,16,16.4,Total value of inward and outward illicit financial flows (in current United States dollars).,notstarted,true,placeholder,1,2015,2015,,,,missing,United States,,
16.4.2,16,16.4,"Proportion of seized, found or surrendered arms whose illicit origin or context has been traced or established by a competent authority in line with international instruments",notstarted,true,placeholder,1,2015,2015,,,,missing,United States,,
16.5.1,16,16.5,"Proportion of persons who had at least one contact with a public official and who paid a bribe to a public official, or were asked for a bribe by those public officials, during the previous 12 months",notstarted,true,placeholder,1,2015,2015,,,,missing,United States,,
16.5.2,16,16.5,"Proportion of businesses that had at least one contact with a public official and that paid a bribe to a public official, or were asked for a bribe by those public officials, during the previous 12 months",notstarted,true,placeholder,1,2015,2015,,,,missing,United States,,
16.6.1,16,16.6,"Primary government expenditures as a proportion of original approved budget, by sector (or by budget codes or similar)",notstarted,true,placeholder,1,2015,2015,,,,missing,United States,,
16.6.2,16,16.6,Proportion of population satisfied with their last experience of public services,notstarted,true,placeholder,1,2015,2015,,,,missing,United States,,
16.7.1,16,16.7,"Proportions of positions (by sex, age, persons with disabilities and population groups) in public institutions (national and local legislatures, public service, and judiciary) compared to national distributions",notstarted,true,placeholder,1,2015,2015,,,,missing,United States,,
16.7.2,16,16.7,"Proportion of population who believe decision-making is inclusive and responsive, by sex, age, disability and population group",notstarted,true,placeholder,1,2015,2015,,,,missing,United States,,
16.8.1,16,16.8,Proportion of members and voting rights of developing countries in international organizations,notstarted,true,placeholder,1,2015,2015,,,,missing,United States,,
16.9.1,16,16.9,Percent of US births registered in all 50 states and the District of Columbia,complete,true,populated,23,2000,2022,National Center for Health Statistics/Final natality data,National Center for Health Statistics/Final natality data,http://www.cdc.gov/nchs/data_access/vitalstatsonline.htm,explicit_source_url,,Estimated percent of births registered by all 50 states and the District of Columbia.,
16.10.1,16,16.10,"Number of verified cases of killing, kidnapping, enforced disappearance, arbitrary detention and torture of journalists, associated media personnel, trade unionists and human rights advocates in the previous 12 months",notstarted,true,placeholder,1,2015,2015,,,,missing,United States,,
16.10.2,16,16.10,"Number of countries that adopt and implement constitutional, statutory and/or policy guarantees for public access to information",notstarted,true,placeholder,1,2015,2015,,,,missing,United States,,
16.a.1,16,16.a,Existence of independent national human rights institutions in compliance with the Paris Principles,notstarted,true,placeholder,1,2015,2015,,,,missing,United States,,
16.b.1,16,16.b,Proportion of population reporting having personally felt discriminated against or harassed in the previous 12 months on the basis of a ground of discrimination prohibited under international human rights law,notstarted,true,placeholder,1,2015,2015,,,,missing,United States,,
17.1.1,17,17.1,"Total government revenue as a proportion of GDP, by source",complete,true,populated,144,2000,2023,Bureau of Economic Analysis,Government Current Receipts and Expenditures,http://www.bea.gov/iTable/iTableHtml.cfm?reqid=9&step=3&isuri=1&903=86,explicit_source_url,,"GCR(component) divided by GDP, expressed as a percentage",
17.1.2,17,17.1,Proportion of domestic budget funded by domestic taxes,notstarted,true,placeholder,1,2015,2015,,,,missing,United States,,
17.2.1,17,17.2,"Net official development assistance, total and to least developed countries, as a proportion of the Organization for Economic Cooperation and Development (OECD) Development Assistance Committee donors' gross national income (GNI)",notstarted,true,placeholder,1,2015,2015,,,,missing,United States,,
17.3.1,17,17.3,Additional financial resources mobilized for developing countries from multiple sources,notstarted,true,placeholder,1,2015,2015,,,,missing,United States,,
17.3.2,17,17.3,Volume of remittances (in United States dollars) as a proportion of total GDP,complete,true,populated,19,2000,2018,Bureau of Economic Analysis,U.S. International Transactions in Secondary Income,http://www.bea.gov/iTable/iTableHtml.cfm?reqid=62&step=6&isuri=1&6210=1&6200=62,explicit_source_url,,"Personal transfers divided by GDP, expressed as a percentage",
17.4.1,17,17.4,Debt service as a proportion of exports of goods and services,complete,true,populated,24,2000,2023,Bureau of Economic Analysis,"U.S. International Transactions, Expanded Detail",http://www.bea.gov/iTable/iTableHtml.cfm?reqid=62&step=6&isuri=1&6210=1&6200=2,explicit_source_url,,Net U.S. acquisition of debt securities divided by exports (goods and services),
17.5.1,17,17.5,Number of countries that adopt and implement investment promotion regimes for least developed countries,notstarted,true,placeholder,1,2015,2015,,,,missing,United States,,
17.6.1,17,17.6,"Number of science and/or technology cooperation agreements and programmes between countries, by type of cooperation",notstarted,true,placeholder,1,2015,2015,,,,missing,United States,,
17.7.1,17,17.7,"Total amount of approved funding for developing countries to promote the development, transfer, dissemination and diffusion of environmentally sound technologies",notstarted,true,placeholder,1,2015,2015,,,,missing,United States,,
17.8.1,17,17.8,Proportion of individuals using the Internet,complete,true,populated,11,2000,2017,"U.S. Census Bureau, Current Population Survey Internet Use Supplements","U.S. Census Bureau, Current Population Survey Internet Use Supplements",https://www.ntia.doc.gov/data/digital-nation-data-explorer,source_notes,United States,"Data are derived from the 1) Computer and Internet Use and 2) School Enrollment and Internet Use Supplements of the Current Population Survey (CPS). The Census Bureau and Bureau of Labor Statistics jointly sponsor the CPS. The Census Bureau and National Center for Education Statistics jointly sponsored the 2003, 2007, and 2009-2010 supplements. The National Telecommunications and Information Administration sponsored the 2011-2013 and 2015 supplements. Data are collected by the Census Bureau. Individuals using the Internet: Persons age 3 and over who use the Internet from any location. Metadata sources: http://www.census.gov/programs-surveys/cps/technical-documentation/complete.html",
17.9.1,17,17.9,"Dollar value of financial and technical assistance (including through North-South, South-South and triangular cooperation) committed to developing countries",notstarted,true,placeholder,1,2015,2015,,,,missing,United States,,
17.10.1,17,17.10,Worldwide weighted tariff-average,notstarted,true,placeholder,1,2015,2015,,,,missing,United States,,
17.11.1,17,17.11,Developing countries' and least developed countries' share of global exports,notstarted,true,placeholder,1,2015,2015,,,,missing,United States,,
17.12.1,17,17.12,"Average tariffs faced by developing countries, least developed countries and small island developing States",notstarted,true,placeholder,1,2015,2015,,,,missing,United States,,
17.13.1,17,17.13,Macroeconomic Dashboard,complete,true,populated,21,2000,2020,,,https://www.commerce.gov/economicindicators | https://bea.gov/newsreleases/glance.htm | https://www.bls.gov/ilc/dashboards.htm | https://www.census.gov/economic-indicators/ | https://fred.stlouisfed.org/,source_notes,United States,,
17.14.1,17,17.14,Number of countries with mechanisms in place to enhance policy coherence of sustainable development,notstarted,true,placeholder,1,2015,2015,,,,missing,United States,,
17.15.1,17,17.15,Extent of use of country-owned results frameworks and planning tools by providers of development cooperation,notstarted,true,placeholder,1,2015,2015,,,,missing,United States,,
17.16.1,17,17.16,Number of countries reporting progress in multi-stakeholder development effectiveness monitoring frameworks that support the achievement of the sustainable development goals,notstarted,true,placeholder,1,2015,2015,,,,missing,United States,,
17.17.1,17,17.17,Amount of United States dollars committed to public-private and civil society partnerships,notstarted,true,placeholder,1,2015,2015,,,,missing,United States,,
17.18.1,17,17.18,"Proportion of sustainable development indicators produced at the national level with full disaggregation when relevant to the target, in accordance with the Fundamental Principles of Official Statistics",notstarted,true,placeholder,1,2015,2015,,,,missing,United States,,
17.18.2,17,17.18,Number of countries that have national statistical legislation that complies with the Fundamental Principles of Official statistics,complete,true,populated,21,2000,2020,SSP/OIRA/OMB/EOP,SSP/OIRA/OMB/EOP,https://www.whitehouse.gov/omb/inforeg_statpolicy,explicit_source_url,United States,"This is a dichotomous variable. In the US, several national laws providing this coverage are relevant. For coding purposes, we consider three most relevant: the Paperwork Reduction Act, which gives authority to the Administrator of the Office of Information and Regulatory Affairs to designate a Chief Statistician with professional credentials and to designate the responsibility of ensuring official national statistics reflect relevance, accuracy, and objectivity. The Confidential Information Protection and Statistical Efficiency Act protects the confidentialty of information provided for solely statistical purposes. The Information Quality Act ensures that the quality of infomration collected is commesurate with its intended use and provides a means for the public to challenge (and thereby ensure) the quality of information collected.",
17.18.3,17,17.18,"Number of countries with a national statistical plan that is fully funded and under implementation, by source of funding",complete,true,populated,21,2000,2020,SSP/OIRA/OMB/EOP,SSP/OIRA/OMB/EOP,https://www.whitehouse.gov/omb/inforeg_statpolicy,source_notes,United States,"We define national statistical program as the suite of Federal statistical programs described in the Office of Management and Budget's Annual Report to Congress on U.S. Federal Statistical Programs. The report describes funding and implementation status by program. A subset of this same infomration is provided Analytical Perspectives, a companion document to the President's Budget to Congress.",
17.19.1,17,17.19,Dollar Value of all resources made available to strengthen statistical capacity in developing countries,notstarted,true,placeholder,1,2015,2015,,,,missing,United States,,
17.19.2,17,17.19,Proportion of countries that (a) have conducted at least one population and housing census in the last 10 years and (b) have achieved 100 per cent birth registration and 80 per cent death registration,complete,true,populated,21,2000,2020,SSP/OIRA/OMB/EOP,SSP/OIRA/OMB/EOP,https://www.cdc.gov/nchs/products/vsrr,explicit_source_url,United States,Periodicity of housing census is measured by the decennial census program of the U.S. Bureau of the Census. Rate of coverage of birth records and death records is measured by the Vital Health Statistics Program of the National Center for Health Statistics of the Centers for Disease Control and Prevention as measured by percentage coverage of prior year vital events.,
