year,flow_code,flow,sector,sector_value,source_observation_present,annual_total,measure,price_basis,base_period,unit,donor,recipient,source_url,retrieval_date
2002,D,Disbursements,210,25.254925,true,1835.457333,100 - Official Development Assistance,constant prices,2024,USD millions,United States,Developing countries,"https://sdmx.oecd.org/dcd-public/rest/data/OECD.DCD.FSD,DSD_CRS@DF_CRS,1.6/USA.DPGC.210%2B220%2B230%2B240%2B250%2B310%2B320%2B331%2B332.100._T._T.C%2BD.Q._T..USD?startPeriod=2002&endPeriod=2024&dimensionAtObservation=AllDimensions&format=csvfilewithlabels",2026-08-12
2002,D,Disbursements,220,16.44851,true,1835.457333,100 - Official Development Assistance,constant prices,2024,USD millions,United States,Developing countries,"https://sdmx.oecd.org/dcd-public/rest/data/OECD.DCD.FSD,DSD_CRS@DF_CRS,1.6/USA.DPGC.210%2B220%2B230%2B240%2B250%2B310%2B320%2B331%2B332.100._T._T.C%2BD.Q._T..USD?startPeriod=2002&endPeriod=2024&dimensionAtObservation=AllDimensions&format=csvfilewithlabels",2026-08-12
2002,D,Disbursements,230,403.070552,true,1835.457333,100 - Official Development Assistance,constant prices,2024,USD millions,United States,Developing countries,"https://sdmx.oecd.org/dcd-public/rest/data/OECD.DCD.FSD,DSD_CRS@DF_CRS,1.6/USA.DPGC.210%2B220%2B230%2B240%2B250%2B310%2B320%2B331%2B332.100._T._T.C%2BD.Q._T..USD?startPeriod=2002&endPeriod=2024&dimensionAtObservation=AllDimensions&format=csvfilewithlabels",2026-08-12
2002,D,Disbursements,240,61.766186,true,1835.457333,100 - Official Development Assistance,constant prices,2024,USD millions,United States,Developing countries,"https://sdmx.oecd.org/dcd-public/rest/data/OECD.DCD.FSD,DSD_CRS@DF_CRS,1.6/USA.DPGC.210%2B220%2B230%2B240%2B250%2B310%2B320%2B331%2B332.100._T._T.C%2BD.Q._T..USD?startPeriod=2002&endPeriod=2024&dimensionAtObservation=AllDimensions&format=csvfilewithlabels",2026-08-12
2002,D,Disbursements,250,339.043799,true,1835.457333,100 - Official Development Assistance,constant prices,2024,USD millions,United States,Developing countries,"https://sdmx.oecd.org/dcd-public/rest/data/OECD.DCD.FSD,DSD_CRS@DF_CRS,1.6/USA.DPGC.210%2B220%2B230%2B240%2B250%2B310%2B320%2B331%2B332.100._T._T.C%2BD.Q._T..USD?startPeriod=2002&endPeriod=2024&dimensionAtObservation=AllDimensions&format=csvfilewithlabels",2026-08-12
2002,D,Disbursements,310,302.678705,true,1835.457333,100 - Official Development Assistance,constant prices,2024,USD millions,United States,Developing countries,"https://sdmx.oecd.org/dcd-public/rest/data/OECD.DCD.FSD,DSD_CRS@DF_CRS,1.6/USA.DPGC.210%2B220%2B230%2B240%2B250%2B310%2B320%2B331%2B332.100._T._T.C%2BD.Q._T..USD?startPeriod=2002&endPeriod=2024&dimensionAtObservation=AllDimensions&format=csvfilewithlabels",2026-08-12
2002,D,Disbursements,320,82.03324,true,1835.457333,100 - Official Development Assistance,constant prices,2024,USD millions,United States,Developing countries,"https://sdmx.oecd.org/dcd-public/rest/data/OECD.DCD.FSD,DSD_CRS@DF_CRS,1.6/USA.DPGC.210%2B220%2B230%2B240%2B250%2B310%2B320%2B331%2B332.100._T._T.C%2BD.Q._T..USD?startPeriod=2002&endPeriod=2024&dimensionAtObservation=AllDimensions&format=csvfilewithlabels",2026-08-12
2002,D,Disbursements,331,605.098299,true,1835.457333,100 - Official Development Assistance,constant prices,2024,USD millions,United States,Developing countries,"https://sdmx.oecd.org/dcd-public/rest/data/OECD.DCD.FSD,DSD_CRS@DF_CRS,1.6/USA.DPGC.210%2B220%2B230%2B240%2B250%2B310%2B320%2B331%2B332.100._T._T.C%2BD.Q._T..USD?startPeriod=2002&endPeriod=2024&dimensionAtObservation=AllDimensions&format=csvfilewithlabels",2026-08-12
2002,D,Disbursements,332,0.063117,true,1835.457333,100 - Official Development Assistance,constant prices,2024,USD millions,United States,Developing countries,"https://sdmx.oecd.org/dcd-public/rest/data/OECD.DCD.FSD,DSD_CRS@DF_CRS,1.6/USA.DPGC.210%2B220%2B230%2B240%2B250%2B310%2B320%2B331%2B332.100._T._T.C%2BD.Q._T..USD?startPeriod=2002&endPeriod=2024&dimensionAtObservation=AllDimensions&format=csvfilewithlabels",2026-08-12
2003,D,Disbursements,210,39.055465,true,2456.953302,100 - Official Development Assistance,constant prices,2024,USD millions,United States,Developing countries,"https://sdmx.oecd.org/dcd-public/rest/data/OECD.DCD.FSD,DSD_CRS@DF_CRS,1.6/USA.DPGC.210%2B220%2B230%2B240%2B250%2B310%2B320%2B331%2B332.100._T._T.C%2BD.Q._T..USD?startPeriod=2002&endPeriod=2024&dimensionAtObservation=AllDimensions&format=csvfilewithlabels",2026-08-12
2003,D,Disbursements,220,40.114183,true,2456.953302,100 - Official Development Assistance,constant prices,2024,USD millions,United States,Developing countries,"https://sdmx.oecd.org/dcd-public/rest/data/OECD.DCD.FSD,DSD_CRS@DF_CRS,1.6/USA.DPGC.210%2B220%2B230%2B240%2B250%2B310%2B320%2B331%2B332.100._T._T.C%2BD.Q._T..USD?startPeriod=2002&endPeriod=2024&dimensionAtObservation=AllDimensions&format=csvfilewithlabels",2026-08-12
2003,D,Disbursements,230,303.395718,true,2456.953302,100 - Official Development Assistance,constant prices,2024,USD millions,United States,Developing countries,"https://sdmx.oecd.org/dcd-public/rest/data/OECD.DCD.FSD,DSD_CRS@DF_CRS,1.6/USA.DPGC.210%2B220%2B230%2B240%2B250%2B310%2B320%2B331%2B332.100._T._T.C%2BD.Q._T..USD?startPeriod=2002&endPeriod=2024&dimensionAtObservation=AllDimensions&format=csvfilewithlabels",2026-08-12
2003,D,Disbursements,240,73.110501,true,2456.953302,100 - Official Development Assistance,constant prices,2024,USD millions,United States,Developing countries,"https://sdmx.oecd.org/dcd-public/rest/data/OECD.DCD.FSD,DSD_CRS@DF_CRS,1.6/USA.DPGC.210%2B220%2B230%2B240%2B250%2B310%2B320%2B331%2B332.100._T._T.C%2BD.Q._T..USD?startPeriod=2002&endPeriod=2024&dimensionAtObservation=AllDimensions&format=csvfilewithlabels",2026-08-12
2003,D,Disbursements,250,427.394954,true,2456.953302,100 - Official Development Assistance,constant prices,2024,USD millions,United States,Developing countries,"https://sdmx.oecd.org/dcd-public/rest/data/OECD.DCD.FSD,DSD_CRS@DF_CRS,1.6/USA.DPGC.210%2B220%2B230%2B240%2B250%2B310%2B320%2B331%2B332.100._T._T.C%2BD.Q._T..USD?startPeriod=2002&endPeriod=2024&dimensionAtObservation=AllDimensions&format=csvfilewithlabels",2026-08-12
2003,D,Disbursements,310,321.739309,true,2456.953302,100 - Official Development Assistance,constant prices,2024,USD millions,United States,Developing countries,"https://sdmx.oecd.org/dcd-public/rest/data/OECD.DCD.FSD,DSD_CRS@DF_CRS,1.6/USA.DPGC.210%2B220%2B230%2B240%2B250%2B310%2B320%2B331%2B332.100._T._T.C%2BD.Q._T..USD?startPeriod=2002&endPeriod=2024&dimensionAtObservation=AllDimensions&format=csvfilewithlabels",2026-08-12
2003,D,Disbursements,320,823.5136,true,2456.953302,100 - Official Development Assistance,constant prices,2024,USD millions,United States,Developing countries,"https://sdmx.oecd.org/dcd-public/rest/data/OECD.DCD.FSD,DSD_CRS@DF_CRS,1.6/USA.DPGC.210%2B220%2B230%2B240%2B250%2B310%2B320%2B331%2B332.100._T._T.C%2BD.Q._T..USD?startPeriod=2002&endPeriod=2024&dimensionAtObservation=AllDimensions&format=csvfilewithlabels",2026-08-12
2003,D,Disbursements,331,427.945475,true,2456.953302,100 - Official Development Assistance,constant prices,2024,USD millions,United States,Developing countries,"https://sdmx.oecd.org/dcd-public/rest/data/OECD.DCD.FSD,DSD_CRS@DF_CRS,1.6/USA.DPGC.210%2B220%2B230%2B240%2B250%2B310%2B320%2B331%2B332.100._T._T.C%2BD.Q._T..USD?startPeriod=2002&endPeriod=2024&dimensionAtObservation=AllDimensions&format=csvfilewithlabels",2026-08-12
2003,D,Disbursements,332,0.684097,true,2456.953302,100 - Official Development Assistance,constant prices,2024,USD millions,United States,Developing countries,"https://sdmx.oecd.org/dcd-public/rest/data/OECD.DCD.FSD,DSD_CRS@DF_CRS,1.6/USA.DPGC.210%2B220%2B230%2B240%2B250%2B310%2B320%2B331%2B332.100._T._T.C%2BD.Q._T..USD?startPeriod=2002&endPeriod=2024&dimensionAtObservation=AllDimensions&format=csvfilewithlabels",2026-08-12
2004,D,Disbursements,210,442.939039,true,4471.344080,100 - Official Development Assistance,constant prices,2024,USD millions,United States,Developing countries,"https://sdmx.oecd.org/dcd-public/rest/data/OECD.DCD.FSD,DSD_CRS@DF_CRS,1.6/USA.DPGC.210%2B220%2B230%2B240%2B250%2B310%2B320%2B331%2B332.100._T._T.C%2BD.Q._T..USD?startPeriod=2002&endPeriod=2024&dimensionAtObservation=AllDimensions&format=csvfilewithlabels",2026-08-12
2004,D,Disbursements,220,68.604205,true,4471.344080,100 - Official Development Assistance,constant prices,2024,USD millions,United States,Developing countries,"https://sdmx.oecd.org/dcd-public/rest/data/OECD.DCD.FSD,DSD_CRS@DF_CRS,1.6/USA.DPGC.210%2B220%2B230%2B240%2B250%2B310%2B320%2B331%2B332.100._T._T.C%2BD.Q._T..USD?startPeriod=2002&endPeriod=2024&dimensionAtObservation=AllDimensions&format=csvfilewithlabels",2026-08-12
2004,D,Disbursements,230,1026.162038,true,4471.344080,100 - Official Development Assistance,constant prices,2024,USD millions,United States,Developing countries,"https://sdmx.oecd.org/dcd-public/rest/data/OECD.DCD.FSD,DSD_CRS@DF_CRS,1.6/USA.DPGC.210%2B220%2B230%2B240%2B250%2B310%2B320%2B331%2B332.100._T._T.C%2BD.Q._T..USD?startPeriod=2002&endPeriod=2024&dimensionAtObservation=AllDimensions&format=csvfilewithlabels",2026-08-12
2004,D,Disbursements,240,613.015675,true,4471.344080,100 - Official Development Assistance,constant prices,2024,USD millions,United States,Developing countries,"https://sdmx.oecd.org/dcd-public/rest/data/OECD.DCD.FSD,DSD_CRS@DF_CRS,1.6/USA.DPGC.210%2B220%2B230%2B240%2B250%2B310%2B320%2B331%2B332.100._T._T.C%2BD.Q._T..USD?startPeriod=2002&endPeriod=2024&dimensionAtObservation=AllDimensions&format=csvfilewithlabels",2026-08-12
2004,D,Disbursements,250,576.27407,true,4471.344080,100 - Official Development Assistance,constant prices,2024,USD millions,United States,Developing countries,"https://sdmx.oecd.org/dcd-public/rest/data/OECD.DCD.FSD,DSD_CRS@DF_CRS,1.6/USA.DPGC.210%2B220%2B230%2B240%2B250%2B310%2B320%2B331%2B332.100._T._T.C%2BD.Q._T..USD?startPeriod=2002&endPeriod=2024&dimensionAtObservation=AllDimensions&format=csvfilewithlabels",2026-08-12
2004,D,Disbursements,310,789.890562,true,4471.344080,100 - Official Development Assistance,constant prices,2024,USD millions,United States,Developing countries,"https://sdmx.oecd.org/dcd-public/rest/data/OECD.DCD.FSD,DSD_CRS@DF_CRS,1.6/USA.DPGC.210%2B220%2B230%2B240%2B250%2B310%2B320%2B331%2B332.100._T._T.C%2BD.Q._T..USD?startPeriod=2002&endPeriod=2024&dimensionAtObservation=AllDimensions&format=csvfilewithlabels",2026-08-12
2004,D,Disbursements,320,741.695355,true,4471.344080,100 - Official Development Assistance,constant prices,2024,USD millions,United States,Developing countries,"https://sdmx.oecd.org/dcd-public/rest/data/OECD.DCD.FSD,DSD_CRS@DF_CRS,1.6/USA.DPGC.210%2B220%2B230%2B240%2B250%2B310%2B320%2B331%2B332.100._T._T.C%2BD.Q._T..USD?startPeriod=2002&endPeriod=2024&dimensionAtObservation=AllDimensions&format=csvfilewithlabels",2026-08-12
2004,D,Disbursements,331,211.55766,true,4471.344080,100 - Official Development Assistance,constant prices,2024,USD millions,United States,Developing countries,"https://sdmx.oecd.org/dcd-public/rest/data/OECD.DCD.FSD,DSD_CRS@DF_CRS,1.6/USA.DPGC.210%2B220%2B230%2B240%2B250%2B310%2B320%2B331%2B332.100._T._T.C%2BD.Q._T..USD?startPeriod=2002&endPeriod=2024&dimensionAtObservation=AllDimensions&format=csvfilewithlabels",2026-08-12
2004,D,Disbursements,332,1.205476,true,4471.344080,100 - Official Development Assistance,constant prices,2024,USD millions,United States,Developing countries,"https://sdmx.oecd.org/dcd-public/rest/data/OECD.DCD.FSD,DSD_CRS@DF_CRS,1.6/USA.DPGC.210%2B220%2B230%2B240%2B250%2B310%2B320%2B331%2B332.100._T._T.C%2BD.Q._T..USD?startPeriod=2002&endPeriod=2024&dimensionAtObservation=AllDimensions&format=csvfilewithlabels",2026-08-12
2005,D,Disbursements,210,982.841837,true,6694.676882,100 - Official Development Assistance,constant prices,2024,USD millions,United States,Developing countries,"https://sdmx.oecd.org/dcd-public/rest/data/OECD.DCD.FSD,DSD_CRS@DF_CRS,1.6/USA.DPGC.210%2B220%2B230%2B240%2B250%2B310%2B320%2B331%2B332.100._T._T.C%2BD.Q._T..USD?startPeriod=2002&endPeriod=2024&dimensionAtObservation=AllDimensions&format=csvfilewithlabels",2026-08-12
2005,D,Disbursements,220,358.526854,true,6694.676882,100 - Official Development Assistance,constant prices,2024,USD millions,United States,Developing countries,"https://sdmx.oecd.org/dcd-public/rest/data/OECD.DCD.FSD,DSD_CRS@DF_CRS,1.6/USA.DPGC.210%2B220%2B230%2B240%2B250%2B310%2B320%2B331%2B332.100._T._T.C%2BD.Q._T..USD?startPeriod=2002&endPeriod=2024&dimensionAtObservation=AllDimensions&format=csvfilewithlabels",2026-08-12
2005,D,Disbursements,230,2553.562036,true,6694.676882,100 - Official Development Assistance,constant prices,2024,USD millions,United States,Developing countries,"https://sdmx.oecd.org/dcd-public/rest/data/OECD.DCD.FSD,DSD_CRS@DF_CRS,1.6/USA.DPGC.210%2B220%2B230%2B240%2B250%2B310%2B320%2B331%2B332.100._T._T.C%2BD.Q._T..USD?startPeriod=2002&endPeriod=2024&dimensionAtObservation=AllDimensions&format=csvfilewithlabels",2026-08-12
2005,D,Disbursements,240,86.271717,true,6694.676882,100 - Official Development Assistance,constant prices,2024,USD millions,United States,Developing countries,"https://sdmx.oecd.org/dcd-public/rest/data/OECD.DCD.FSD,DSD_CRS@DF_CRS,1.6/USA.DPGC.210%2B220%2B230%2B240%2B250%2B310%2B320%2B331%2B332.100._T._T.C%2BD.Q._T..USD?startPeriod=2002&endPeriod=2024&dimensionAtObservation=AllDimensions&format=csvfilewithlabels",2026-08-12
2005,D,Disbursements,250,576.576099,true,6694.676882,100 - Official Development Assistance,constant prices,2024,USD millions,United States,Developing countries,"https://sdmx.oecd.org/dcd-public/rest/data/OECD.DCD.FSD,DSD_CRS@DF_CRS,1.6/USA.DPGC.210%2B220%2B230%2B240%2B250%2B310%2B320%2B331%2B332.100._T._T.C%2BD.Q._T..USD?startPeriod=2002&endPeriod=2024&dimensionAtObservation=AllDimensions&format=csvfilewithlabels",2026-08-12
2005,D,Disbursements,310,699.302913,true,6694.676882,100 - Official Development Assistance,constant prices,2024,USD millions,United States,Developing countries,"https://sdmx.oecd.org/dcd-public/rest/data/OECD.DCD.FSD,DSD_CRS@DF_CRS,1.6/USA.DPGC.210%2B220%2B230%2B240%2B250%2B310%2B320%2B331%2B332.100._T._T.C%2BD.Q._T..USD?startPeriod=2002&endPeriod=2024&dimensionAtObservation=AllDimensions&format=csvfilewithlabels",2026-08-12
2005,D,Disbursements,320,1176.55488,true,6694.676882,100 - Official Development Assistance,constant prices,2024,USD millions,United States,Developing countries,"https://sdmx.oecd.org/dcd-public/rest/data/OECD.DCD.FSD,DSD_CRS@DF_CRS,1.6/USA.DPGC.210%2B220%2B230%2B240%2B250%2B310%2B320%2B331%2B332.100._T._T.C%2BD.Q._T..USD?startPeriod=2002&endPeriod=2024&dimensionAtObservation=AllDimensions&format=csvfilewithlabels",2026-08-12
2005,D,Disbursements,331,259.068921,true,6694.676882,100 - Official Development Assistance,constant prices,2024,USD millions,United States,Developing countries,"https://sdmx.oecd.org/dcd-public/rest/data/OECD.DCD.FSD,DSD_CRS@DF_CRS,1.6/USA.DPGC.210%2B220%2B230%2B240%2B250%2B310%2B320%2B331%2B332.100._T._T.C%2BD.Q._T..USD?startPeriod=2002&endPeriod=2024&dimensionAtObservation=AllDimensions&format=csvfilewithlabels",2026-08-12
2005,D,Disbursements,332,1.971625,true,6694.676882,100 - Official Development Assistance,constant prices,2024,USD millions,United States,Developing countries,"https://sdmx.oecd.org/dcd-public/rest/data/OECD.DCD.FSD,DSD_CRS@DF_CRS,1.6/USA.DPGC.210%2B220%2B230%2B240%2B250%2B310%2B320%2B331%2B332.100._T._T.C%2BD.Q._T..USD?startPeriod=2002&endPeriod=2024&dimensionAtObservation=AllDimensions&format=csvfilewithlabels",2026-08-12
2006,C,Commitments,210,1287.249234,true,6743.444717,100 - Official Development Assistance,constant prices,2024,USD millions,United States,Developing countries,"https://sdmx.oecd.org/dcd-public/rest/data/OECD.DCD.FSD,DSD_CRS@DF_CRS,1.6/USA.DPGC.210%2B220%2B230%2B240%2B250%2B310%2B320%2B331%2B332.100._T._T.C%2BD.Q._T..USD?startPeriod=2002&endPeriod=2024&dimensionAtObservation=AllDimensions&format=csvfilewithlabels",2026-08-12
2006,C,Commitments,220,83.352159,true,6743.444717,100 - Official Development Assistance,constant prices,2024,USD millions,United States,Developing countries,"https://sdmx.oecd.org/dcd-public/rest/data/OECD.DCD.FSD,DSD_CRS@DF_CRS,1.6/USA.DPGC.210%2B220%2B230%2B240%2B250%2B310%2B320%2B331%2B332.100._T._T.C%2BD.Q._T..USD?startPeriod=2002&endPeriod=2024&dimensionAtObservation=AllDimensions&format=csvfilewithlabels",2026-08-12
2006,C,Commitments,230,2071.192787,true,6743.444717,100 - Official Development Assistance,constant prices,2024,USD millions,United States,Developing countries,"https://sdmx.oecd.org/dcd-public/rest/data/OECD.DCD.FSD,DSD_CRS@DF_CRS,1.6/USA.DPGC.210%2B220%2B230%2B240%2B250%2B310%2B320%2B331%2B332.100._T._T.C%2BD.Q._T..USD?startPeriod=2002&endPeriod=2024&dimensionAtObservation=AllDimensions&format=csvfilewithlabels",2026-08-12
2006,C,Commitments,240,55.893344,true,6743.444717,100 - Official Development Assistance,constant prices,2024,USD millions,United States,Developing countries,"https://sdmx.oecd.org/dcd-public/rest/data/OECD.DCD.FSD,DSD_CRS@DF_CRS,1.6/USA.DPGC.210%2B220%2B230%2B240%2B250%2B310%2B320%2B331%2B332.100._T._T.C%2BD.Q._T..USD?startPeriod=2002&endPeriod=2024&dimensionAtObservation=AllDimensions&format=csvfilewithlabels",2026-08-12
2006,C,Commitments,250,1367.548919,true,6743.444717,100 - Official Development Assistance,constant prices,2024,USD millions,United States,Developing countries,"https://sdmx.oecd.org/dcd-public/rest/data/OECD.DCD.FSD,DSD_CRS@DF_CRS,1.6/USA.DPGC.210%2B220%2B230%2B240%2B250%2B310%2B320%2B331%2B332.100._T._T.C%2BD.Q._T..USD?startPeriod=2002&endPeriod=2024&dimensionAtObservation=AllDimensions&format=csvfilewithlabels",2026-08-12
2006,C,Commitments,310,931.411043,true,6743.444717,100 - Official Development Assistance,constant prices,2024,USD millions,United States,Developing countries,"https://sdmx.oecd.org/dcd-public/rest/data/OECD.DCD.FSD,DSD_CRS@DF_CRS,1.6/USA.DPGC.210%2B220%2B230%2B240%2B250%2B310%2B320%2B331%2B332.100._T._T.C%2BD.Q._T..USD?startPeriod=2002&endPeriod=2024&dimensionAtObservation=AllDimensions&format=csvfilewithlabels",2026-08-12
2006,C,Commitments,320,473.230027,true,6743.444717,100 - Official Development Assistance,constant prices,2024,USD millions,United States,Developing countries,"https://sdmx.oecd.org/dcd-public/rest/data/OECD.DCD.FSD,DSD_CRS@DF_CRS,1.6/USA.DPGC.210%2B220%2B230%2B240%2B250%2B310%2B320%2B331%2B332.100._T._T.C%2BD.Q._T..USD?startPeriod=2002&endPeriod=2024&dimensionAtObservation=AllDimensions&format=csvfilewithlabels",2026-08-12
2006,C,Commitments,331,472.012622,true,6743.444717,100 - Official Development Assistance,constant prices,2024,USD millions,United States,Developing countries,"https://sdmx.oecd.org/dcd-public/rest/data/OECD.DCD.FSD,DSD_CRS@DF_CRS,1.6/USA.DPGC.210%2B220%2B230%2B240%2B250%2B310%2B320%2B331%2B332.100._T._T.C%2BD.Q._T..USD?startPeriod=2002&endPeriod=2024&dimensionAtObservation=AllDimensions&format=csvfilewithlabels",2026-08-12
2006,C,Commitments,332,1.554582,true,6743.444717,100 - Official Development Assistance,constant prices,2024,USD millions,United States,Developing countries,"https://sdmx.oecd.org/dcd-public/rest/data/OECD.DCD.FSD,DSD_CRS@DF_CRS,1.6/USA.DPGC.210%2B220%2B230%2B240%2B250%2B310%2B320%2B331%2B332.100._T._T.C%2BD.Q._T..USD?startPeriod=2002&endPeriod=2024&dimensionAtObservation=AllDimensions&format=csvfilewithlabels",2026-08-12
2006,D,Disbursements,210,1276.972875,true,6556.714346,100 - Official Development Assistance,constant prices,2024,USD millions,United States,Developing countries,"https://sdmx.oecd.org/dcd-public/rest/data/OECD.DCD.FSD,DSD_CRS@DF_CRS,1.6/USA.DPGC.210%2B220%2B230%2B240%2B250%2B310%2B320%2B331%2B332.100._T._T.C%2BD.Q._T..USD?startPeriod=2002&endPeriod=2024&dimensionAtObservation=AllDimensions&format=csvfilewithlabels",2026-08-12
2006,D,Disbursements,220,136.187063,true,6556.714346,100 - Official Development Assistance,constant prices,2024,USD millions,United States,Developing countries,"https://sdmx.oecd.org/dcd-public/rest/data/OECD.DCD.FSD,DSD_CRS@DF_CRS,1.6/USA.DPGC.210%2B220%2B230%2B240%2B250%2B310%2B320%2B331%2B332.100._T._T.C%2BD.Q._T..USD?startPeriod=2002&endPeriod=2024&dimensionAtObservation=AllDimensions&format=csvfilewithlabels",2026-08-12
2006,D,Disbursements,230,1962.649535,true,6556.714346,100 - Official Development Assistance,constant prices,2024,USD millions,United States,Developing countries,"https://sdmx.oecd.org/dcd-public/rest/data/OECD.DCD.FSD,DSD_CRS@DF_CRS,1.6/USA.DPGC.210%2B220%2B230%2B240%2B250%2B310%2B320%2B331%2B332.100._T._T.C%2BD.Q._T..USD?startPeriod=2002&endPeriod=2024&dimensionAtObservation=AllDimensions&format=csvfilewithlabels",2026-08-12
2006,D,Disbursements,240,48.330793,true,6556.714346,100 - Official Development Assistance,constant prices,2024,USD millions,United States,Developing countries,"https://sdmx.oecd.org/dcd-public/rest/data/OECD.DCD.FSD,DSD_CRS@DF_CRS,1.6/USA.DPGC.210%2B220%2B230%2B240%2B250%2B310%2B320%2B331%2B332.100._T._T.C%2BD.Q._T..USD?startPeriod=2002&endPeriod=2024&dimensionAtObservation=AllDimensions&format=csvfilewithlabels",2026-08-12
2006,D,Disbursements,250,1225.273331,true,6556.714346,100 - Official Development Assistance,constant prices,2024,USD millions,United States,Developing countries,"https://sdmx.oecd.org/dcd-public/rest/data/OECD.DCD.FSD,DSD_CRS@DF_CRS,1.6/USA.DPGC.210%2B220%2B230%2B240%2B250%2B310%2B320%2B331%2B332.100._T._T.C%2BD.Q._T..USD?startPeriod=2002&endPeriod=2024&dimensionAtObservation=AllDimensions&format=csvfilewithlabels",2026-08-12
2006,D,Disbursements,310,656.469314,true,6556.714346,100 - Official Development Assistance,constant prices,2024,USD millions,United States,Developing countries,"https://sdmx.oecd.org/dcd-public/rest/data/OECD.DCD.FSD,DSD_CRS@DF_CRS,1.6/USA.DPGC.210%2B220%2B230%2B240%2B250%2B310%2B320%2B331%2B332.100._T._T.C%2BD.Q._T..USD?startPeriod=2002&endPeriod=2024&dimensionAtObservation=AllDimensions&format=csvfilewithlabels",2026-08-12
2006,D,Disbursements,320,1109.943325,true,6556.714346,100 - Official Development Assistance,constant prices,2024,USD millions,United States,Developing countries,"https://sdmx.oecd.org/dcd-public/rest/data/OECD.DCD.FSD,DSD_CRS@DF_CRS,1.6/USA.DPGC.210%2B220%2B230%2B240%2B250%2B310%2B320%2B331%2B332.100._T._T.C%2BD.Q._T..USD?startPeriod=2002&endPeriod=2024&dimensionAtObservation=AllDimensions&format=csvfilewithlabels",2026-08-12
2006,D,Disbursements,331,140.142151,true,6556.714346,100 - Official Development Assistance,constant prices,2024,USD millions,United States,Developing countries,"https://sdmx.oecd.org/dcd-public/rest/data/OECD.DCD.FSD,DSD_CRS@DF_CRS,1.6/USA.DPGC.210%2B220%2B230%2B240%2B250%2B310%2B320%2B331%2B332.100._T._T.C%2BD.Q._T..USD?startPeriod=2002&endPeriod=2024&dimensionAtObservation=AllDimensions&format=csvfilewithlabels",2026-08-12
2006,D,Disbursements,332,0.745959,true,6556.714346,100 - Official Development Assistance,constant prices,2024,USD millions,United States,Developing countries,"https://sdmx.oecd.org/dcd-public/rest/data/OECD.DCD.FSD,DSD_CRS@DF_CRS,1.6/USA.DPGC.210%2B220%2B230%2B240%2B250%2B310%2B320%2B331%2B332.100._T._T.C%2BD.Q._T..USD?startPeriod=2002&endPeriod=2024&dimensionAtObservation=AllDimensions&format=csvfilewithlabels",2026-08-12
2007,C,Commitments,210,1927.220677,true,6904.749387,100 - Official Development Assistance,constant prices,2024,USD millions,United States,Developing countries,"https://sdmx.oecd.org/dcd-public/rest/data/OECD.DCD.FSD,DSD_CRS@DF_CRS,1.6/USA.DPGC.210%2B220%2B230%2B240%2B250%2B310%2B320%2B331%2B332.100._T._T.C%2BD.Q._T..USD?startPeriod=2002&endPeriod=2024&dimensionAtObservation=AllDimensions&format=csvfilewithlabels",2026-08-12
2007,C,Commitments,220,20.74063,true,6904.749387,100 - Official Development Assistance,constant prices,2024,USD millions,United States,Developing countries,"https://sdmx.oecd.org/dcd-public/rest/data/OECD.DCD.FSD,DSD_CRS@DF_CRS,1.6/USA.DPGC.210%2B220%2B230%2B240%2B250%2B310%2B320%2B331%2B332.100._T._T.C%2BD.Q._T..USD?startPeriod=2002&endPeriod=2024&dimensionAtObservation=AllDimensions&format=csvfilewithlabels",2026-08-12
2007,C,Commitments,230,1751.652952,true,6904.749387,100 - Official Development Assistance,constant prices,2024,USD millions,United States,Developing countries,"https://sdmx.oecd.org/dcd-public/rest/data/OECD.DCD.FSD,DSD_CRS@DF_CRS,1.6/USA.DPGC.210%2B220%2B230%2B240%2B250%2B310%2B320%2B331%2B332.100._T._T.C%2BD.Q._T..USD?startPeriod=2002&endPeriod=2024&dimensionAtObservation=AllDimensions&format=csvfilewithlabels",2026-08-12
2007,C,Commitments,240,222.610856,true,6904.749387,100 - Official Development Assistance,constant prices,2024,USD millions,United States,Developing countries,"https://sdmx.oecd.org/dcd-public/rest/data/OECD.DCD.FSD,DSD_CRS@DF_CRS,1.6/USA.DPGC.210%2B220%2B230%2B240%2B250%2B310%2B320%2B331%2B332.100._T._T.C%2BD.Q._T..USD?startPeriod=2002&endPeriod=2024&dimensionAtObservation=AllDimensions&format=csvfilewithlabels",2026-08-12
2007,C,Commitments,250,612.424809,true,6904.749387,100 - Official Development Assistance,constant prices,2024,USD millions,United States,Developing countries,"https://sdmx.oecd.org/dcd-public/rest/data/OECD.DCD.FSD,DSD_CRS@DF_CRS,1.6/USA.DPGC.210%2B220%2B230%2B240%2B250%2B310%2B320%2B331%2B332.100._T._T.C%2BD.Q._T..USD?startPeriod=2002&endPeriod=2024&dimensionAtObservation=AllDimensions&format=csvfilewithlabels",2026-08-12
2007,C,Commitments,310,1776.426502,true,6904.749387,100 - Official Development Assistance,constant prices,2024,USD millions,United States,Developing countries,"https://sdmx.oecd.org/dcd-public/rest/data/OECD.DCD.FSD,DSD_CRS@DF_CRS,1.6/USA.DPGC.210%2B220%2B230%2B240%2B250%2B310%2B320%2B331%2B332.100._T._T.C%2BD.Q._T..USD?startPeriod=2002&endPeriod=2024&dimensionAtObservation=AllDimensions&format=csvfilewithlabels",2026-08-12
2007,C,Commitments,320,319.864622,true,6904.749387,100 - Official Development Assistance,constant prices,2024,USD millions,United States,Developing countries,"https://sdmx.oecd.org/dcd-public/rest/data/OECD.DCD.FSD,DSD_CRS@DF_CRS,1.6/USA.DPGC.210%2B220%2B230%2B240%2B250%2B310%2B320%2B331%2B332.100._T._T.C%2BD.Q._T..USD?startPeriod=2002&endPeriod=2024&dimensionAtObservation=AllDimensions&format=csvfilewithlabels",2026-08-12
2007,C,Commitments,331,272.340108,true,6904.749387,100 - Official Development Assistance,constant prices,2024,USD millions,United States,Developing countries,"https://sdmx.oecd.org/dcd-public/rest/data/OECD.DCD.FSD,DSD_CRS@DF_CRS,1.6/USA.DPGC.210%2B220%2B230%2B240%2B250%2B310%2B320%2B331%2B332.100._T._T.C%2BD.Q._T..USD?startPeriod=2002&endPeriod=2024&dimensionAtObservation=AllDimensions&format=csvfilewithlabels",2026-08-12
2007,C,Commitments,332,1.468231,true,6904.749387,100 - Official Development Assistance,constant prices,2024,USD millions,United States,Developing countries,"https://sdmx.oecd.org/dcd-public/rest/data/OECD.DCD.FSD,DSD_CRS@DF_CRS,1.6/USA.DPGC.210%2B220%2B230%2B240%2B250%2B310%2B320%2B331%2B332.100._T._T.C%2BD.Q._T..USD?startPeriod=2002&endPeriod=2024&dimensionAtObservation=AllDimensions&format=csvfilewithlabels",2026-08-12
2007,D,Disbursements,210,544.513389,true,4844.240572,100 - Official Development Assistance,constant prices,2024,USD millions,United States,Developing countries,"https://sdmx.oecd.org/dcd-public/rest/data/OECD.DCD.FSD,DSD_CRS@DF_CRS,1.6/USA.DPGC.210%2B220%2B230%2B240%2B250%2B310%2B320%2B331%2B332.100._T._T.C%2BD.Q._T..USD?startPeriod=2002&endPeriod=2024&dimensionAtObservation=AllDimensions&format=csvfilewithlabels",2026-08-12
2007,D,Disbursements,220,53.662638,true,4844.240572,100 - Official Development Assistance,constant prices,2024,USD millions,United States,Developing countries,"https://sdmx.oecd.org/dcd-public/rest/data/OECD.DCD.FSD,DSD_CRS@DF_CRS,1.6/USA.DPGC.210%2B220%2B230%2B240%2B250%2B310%2B320%2B331%2B332.100._T._T.C%2BD.Q._T..USD?startPeriod=2002&endPeriod=2024&dimensionAtObservation=AllDimensions&format=csvfilewithlabels",2026-08-12
2007,D,Disbursements,230,1690.992816,true,4844.240572,100 - Official Development Assistance,constant prices,2024,USD millions,United States,Developing countries,"https://sdmx.oecd.org/dcd-public/rest/data/OECD.DCD.FSD,DSD_CRS@DF_CRS,1.6/USA.DPGC.210%2B220%2B230%2B240%2B250%2B310%2B320%2B331%2B332.100._T._T.C%2BD.Q._T..USD?startPeriod=2002&endPeriod=2024&dimensionAtObservation=AllDimensions&format=csvfilewithlabels",2026-08-12
2007,D,Disbursements,240,81.119919,true,4844.240572,100 - Official Development Assistance,constant prices,2024,USD millions,United States,Developing countries,"https://sdmx.oecd.org/dcd-public/rest/data/OECD.DCD.FSD,DSD_CRS@DF_CRS,1.6/USA.DPGC.210%2B220%2B230%2B240%2B250%2B310%2B320%2B331%2B332.100._T._T.C%2BD.Q._T..USD?startPeriod=2002&endPeriod=2024&dimensionAtObservation=AllDimensions&format=csvfilewithlabels",2026-08-12
2007,D,Disbursements,250,1133.146883,true,4844.240572,100 - Official Development Assistance,constant prices,2024,USD millions,United States,Developing countries,"https://sdmx.oecd.org/dcd-public/rest/data/OECD.DCD.FSD,DSD_CRS@DF_CRS,1.6/USA.DPGC.210%2B220%2B230%2B240%2B250%2B310%2B320%2B331%2B332.100._T._T.C%2BD.Q._T..USD?startPeriod=2002&endPeriod=2024&dimensionAtObservation=AllDimensions&format=csvfilewithlabels",2026-08-12
2007,D,Disbursements,310,715.304184,true,4844.240572,100 - Official Development Assistance,constant prices,2024,USD millions,United States,Developing countries,"https://sdmx.oecd.org/dcd-public/rest/data/OECD.DCD.FSD,DSD_CRS@DF_CRS,1.6/USA.DPGC.210%2B220%2B230%2B240%2B250%2B310%2B320%2B331%2B332.100._T._T.C%2BD.Q._T..USD?startPeriod=2002&endPeriod=2024&dimensionAtObservation=AllDimensions&format=csvfilewithlabels",2026-08-12
2007,D,Disbursements,320,466.49215,true,4844.240572,100 - Official Development Assistance,constant prices,2024,USD millions,United States,Developing countries,"https://sdmx.oecd.org/dcd-public/rest/data/OECD.DCD.FSD,DSD_CRS@DF_CRS,1.6/USA.DPGC.210%2B220%2B230%2B240%2B250%2B310%2B320%2B331%2B332.100._T._T.C%2BD.Q._T..USD?startPeriod=2002&endPeriod=2024&dimensionAtObservation=AllDimensions&format=csvfilewithlabels",2026-08-12
2007,D,Disbursements,331,158.210656,true,4844.240572,100 - Official Development Assistance,constant prices,2024,USD millions,United States,Developing countries,"https://sdmx.oecd.org/dcd-public/rest/data/OECD.DCD.FSD,DSD_CRS@DF_CRS,1.6/USA.DPGC.210%2B220%2B230%2B240%2B250%2B310%2B320%2B331%2B332.100._T._T.C%2BD.Q._T..USD?startPeriod=2002&endPeriod=2024&dimensionAtObservation=AllDimensions&format=csvfilewithlabels",2026-08-12
2007,D,Disbursements,332,0.797937,true,4844.240572,100 - Official Development Assistance,constant prices,2024,USD millions,United States,Developing countries,"https://sdmx.oecd.org/dcd-public/rest/data/OECD.DCD.FSD,DSD_CRS@DF_CRS,1.6/USA.DPGC.210%2B220%2B230%2B240%2B250%2B310%2B320%2B331%2B332.100._T._T.C%2BD.Q._T..USD?startPeriod=2002&endPeriod=2024&dimensionAtObservation=AllDimensions&format=csvfilewithlabels",2026-08-12
2008,C,Commitments,210,2598.166264,true,9152.662044,100 - Official Development Assistance,constant prices,2024,USD millions,United States,Developing countries,"https://sdmx.oecd.org/dcd-public/rest/data/OECD.DCD.FSD,DSD_CRS@DF_CRS,1.6/USA.DPGC.210%2B220%2B230%2B240%2B250%2B310%2B320%2B331%2B332.100._T._T.C%2BD.Q._T..USD?startPeriod=2002&endPeriod=2024&dimensionAtObservation=AllDimensions&format=csvfilewithlabels",2026-08-12
2008,C,Commitments,220,14.016675,true,9152.662044,100 - Official Development Assistance,constant prices,2024,USD millions,United States,Developing countries,"https://sdmx.oecd.org/dcd-public/rest/data/OECD.DCD.FSD,DSD_CRS@DF_CRS,1.6/USA.DPGC.210%2B220%2B230%2B240%2B250%2B310%2B320%2B331%2B332.100._T._T.C%2BD.Q._T..USD?startPeriod=2002&endPeriod=2024&dimensionAtObservation=AllDimensions&format=csvfilewithlabels",2026-08-12
2008,C,Commitments,230,2359.676193,true,9152.662044,100 - Official Development Assistance,constant prices,2024,USD millions,United States,Developing countries,"https://sdmx.oecd.org/dcd-public/rest/data/OECD.DCD.FSD,DSD_CRS@DF_CRS,1.6/USA.DPGC.210%2B220%2B230%2B240%2B250%2B310%2B320%2B331%2B332.100._T._T.C%2BD.Q._T..USD?startPeriod=2002&endPeriod=2024&dimensionAtObservation=AllDimensions&format=csvfilewithlabels",2026-08-12
2008,C,Commitments,240,625.57914,true,9152.662044,100 - Official Development Assistance,constant prices,2024,USD millions,United States,Developing countries,"https://sdmx.oecd.org/dcd-public/rest/data/OECD.DCD.FSD,DSD_CRS@DF_CRS,1.6/USA.DPGC.210%2B220%2B230%2B240%2B250%2B310%2B320%2B331%2B332.100._T._T.C%2BD.Q._T..USD?startPeriod=2002&endPeriod=2024&dimensionAtObservation=AllDimensions&format=csvfilewithlabels",2026-08-12
2008,C,Commitments,250,789.839576,true,9152.662044,100 - Official Development Assistance,constant prices,2024,USD millions,United States,Developing countries,"https://sdmx.oecd.org/dcd-public/rest/data/OECD.DCD.FSD,DSD_CRS@DF_CRS,1.6/USA.DPGC.210%2B220%2B230%2B240%2B250%2B310%2B320%2B331%2B332.100._T._T.C%2BD.Q._T..USD?startPeriod=2002&endPeriod=2024&dimensionAtObservation=AllDimensions&format=csvfilewithlabels",2026-08-12
2008,C,Commitments,310,2289.067167,true,9152.662044,100 - Official Development Assistance,constant prices,2024,USD millions,United States,Developing countries,"https://sdmx.oecd.org/dcd-public/rest/data/OECD.DCD.FSD,DSD_CRS@DF_CRS,1.6/USA.DPGC.210%2B220%2B230%2B240%2B250%2B310%2B320%2B331%2B332.100._T._T.C%2BD.Q._T..USD?startPeriod=2002&endPeriod=2024&dimensionAtObservation=AllDimensions&format=csvfilewithlabels",2026-08-12
2008,C,Commitments,320,207.136854,true,9152.662044,100 - Official Development Assistance,constant prices,2024,USD millions,United States,Developing countries,"https://sdmx.oecd.org/dcd-public/rest/data/OECD.DCD.FSD,DSD_CRS@DF_CRS,1.6/USA.DPGC.210%2B220%2B230%2B240%2B250%2B310%2B320%2B331%2B332.100._T._T.C%2BD.Q._T..USD?startPeriod=2002&endPeriod=2024&dimensionAtObservation=AllDimensions&format=csvfilewithlabels",2026-08-12
2008,C,Commitments,331,265.416834,true,9152.662044,100 - Official Development Assistance,constant prices,2024,USD millions,United States,Developing countries,"https://sdmx.oecd.org/dcd-public/rest/data/OECD.DCD.FSD,DSD_CRS@DF_CRS,1.6/USA.DPGC.210%2B220%2B230%2B240%2B250%2B310%2B320%2B331%2B332.100._T._T.C%2BD.Q._T..USD?startPeriod=2002&endPeriod=2024&dimensionAtObservation=AllDimensions&format=csvfilewithlabels",2026-08-12
2008,C,Commitments,332,3.763341,true,9152.662044,100 - Official Development Assistance,constant prices,2024,USD millions,United States,Developing countries,"https://sdmx.oecd.org/dcd-public/rest/data/OECD.DCD.FSD,DSD_CRS@DF_CRS,1.6/USA.DPGC.210%2B220%2B230%2B240%2B250%2B310%2B320%2B331%2B332.100._T._T.C%2BD.Q._T..USD?startPeriod=2002&endPeriod=2024&dimensionAtObservation=AllDimensions&format=csvfilewithlabels",2026-08-12
2008,D,Disbursements,210,972.675405,true,5094.228710,100 - Official Development Assistance,constant prices,2024,USD millions,United States,Developing countries,"https://sdmx.oecd.org/dcd-public/rest/data/OECD.DCD.FSD,DSD_CRS@DF_CRS,1.6/USA.DPGC.210%2B220%2B230%2B240%2B250%2B310%2B320%2B331%2B332.100._T._T.C%2BD.Q._T..USD?startPeriod=2002&endPeriod=2024&dimensionAtObservation=AllDimensions&format=csvfilewithlabels",2026-08-12
2008,D,Disbursements,220,28.34418,true,5094.228710,100 - Official Development Assistance,constant prices,2024,USD millions,United States,Developing countries,"https://sdmx.oecd.org/dcd-public/rest/data/OECD.DCD.FSD,DSD_CRS@DF_CRS,1.6/USA.DPGC.210%2B220%2B230%2B240%2B250%2B310%2B320%2B331%2B332.100._T._T.C%2BD.Q._T..USD?startPeriod=2002&endPeriod=2024&dimensionAtObservation=AllDimensions&format=csvfilewithlabels",2026-08-12
2008,D,Disbursements,230,1392.379938,true,5094.228710,100 - Official Development Assistance,constant prices,2024,USD millions,United States,Developing countries,"https://sdmx.oecd.org/dcd-public/rest/data/OECD.DCD.FSD,DSD_CRS@DF_CRS,1.6/USA.DPGC.210%2B220%2B230%2B240%2B250%2B310%2B320%2B331%2B332.100._T._T.C%2BD.Q._T..USD?startPeriod=2002&endPeriod=2024&dimensionAtObservation=AllDimensions&format=csvfilewithlabels",2026-08-12
2008,D,Disbursements,240,502.769865,true,5094.228710,100 - Official Development Assistance,constant prices,2024,USD millions,United States,Developing countries,"https://sdmx.oecd.org/dcd-public/rest/data/OECD.DCD.FSD,DSD_CRS@DF_CRS,1.6/USA.DPGC.210%2B220%2B230%2B240%2B250%2B310%2B320%2B331%2B332.100._T._T.C%2BD.Q._T..USD?startPeriod=2002&endPeriod=2024&dimensionAtObservation=AllDimensions&format=csvfilewithlabels",2026-08-12
2008,D,Disbursements,250,676.98958,true,5094.228710,100 - Official Development Assistance,constant prices,2024,USD millions,United States,Developing countries,"https://sdmx.oecd.org/dcd-public/rest/data/OECD.DCD.FSD,DSD_CRS@DF_CRS,1.6/USA.DPGC.210%2B220%2B230%2B240%2B250%2B310%2B320%2B331%2B332.100._T._T.C%2BD.Q._T..USD?startPeriod=2002&endPeriod=2024&dimensionAtObservation=AllDimensions&format=csvfilewithlabels",2026-08-12
2008,D,Disbursements,310,1087.616587,true,5094.228710,100 - Official Development Assistance,constant prices,2024,USD millions,United States,Developing countries,"https://sdmx.oecd.org/dcd-public/rest/data/OECD.DCD.FSD,DSD_CRS@DF_CRS,1.6/USA.DPGC.210%2B220%2B230%2B240%2B250%2B310%2B320%2B331%2B332.100._T._T.C%2BD.Q._T..USD?startPeriod=2002&endPeriod=2024&dimensionAtObservation=AllDimensions&format=csvfilewithlabels",2026-08-12
2008,D,Disbursements,320,162.413945,true,5094.228710,100 - Official Development Assistance,constant prices,2024,USD millions,United States,Developing countries,"https://sdmx.oecd.org/dcd-public/rest/data/OECD.DCD.FSD,DSD_CRS@DF_CRS,1.6/USA.DPGC.210%2B220%2B230%2B240%2B250%2B310%2B320%2B331%2B332.100._T._T.C%2BD.Q._T..USD?startPeriod=2002&endPeriod=2024&dimensionAtObservation=AllDimensions&format=csvfilewithlabels",2026-08-12
2008,D,Disbursements,331,270.037083,true,5094.228710,100 - Official Development Assistance,constant prices,2024,USD millions,United States,Developing countries,"https://sdmx.oecd.org/dcd-public/rest/data/OECD.DCD.FSD,DSD_CRS@DF_CRS,1.6/USA.DPGC.210%2B220%2B230%2B240%2B250%2B310%2B320%2B331%2B332.100._T._T.C%2BD.Q._T..USD?startPeriod=2002&endPeriod=2024&dimensionAtObservation=AllDimensions&format=csvfilewithlabels",2026-08-12
2008,D,Disbursements,332,1.002127,true,5094.228710,100 - Official Development Assistance,constant prices,2024,USD millions,United States,Developing countries,"https://sdmx.oecd.org/dcd-public/rest/data/OECD.DCD.FSD,DSD_CRS@DF_CRS,1.6/USA.DPGC.210%2B220%2B230%2B240%2B250%2B310%2B320%2B331%2B332.100._T._T.C%2BD.Q._T..USD?startPeriod=2002&endPeriod=2024&dimensionAtObservation=AllDimensions&format=csvfilewithlabels",2026-08-12
2009,C,Commitments,210,1834.262675,true,6371.263665,100 - Official Development Assistance,constant prices,2024,USD millions,United States,Developing countries,"https://sdmx.oecd.org/dcd-public/rest/data/OECD.DCD.FSD,DSD_CRS@DF_CRS,1.6/USA.DPGC.210%2B220%2B230%2B240%2B250%2B310%2B320%2B331%2B332.100._T._T.C%2BD.Q._T..USD?startPeriod=2002&endPeriod=2024&dimensionAtObservation=AllDimensions&format=csvfilewithlabels",2026-08-12
2009,C,Commitments,220,46.958886,true,6371.263665,100 - Official Development Assistance,constant prices,2024,USD millions,United States,Developing countries,"https://sdmx.oecd.org/dcd-public/rest/data/OECD.DCD.FSD,DSD_CRS@DF_CRS,1.6/USA.DPGC.210%2B220%2B230%2B240%2B250%2B310%2B320%2B331%2B332.100._T._T.C%2BD.Q._T..USD?startPeriod=2002&endPeriod=2024&dimensionAtObservation=AllDimensions&format=csvfilewithlabels",2026-08-12
2009,C,Commitments,230,947.691709,true,6371.263665,100 - Official Development Assistance,constant prices,2024,USD millions,United States,Developing countries,"https://sdmx.oecd.org/dcd-public/rest/data/OECD.DCD.FSD,DSD_CRS@DF_CRS,1.6/USA.DPGC.210%2B220%2B230%2B240%2B250%2B310%2B320%2B331%2B332.100._T._T.C%2BD.Q._T..USD?startPeriod=2002&endPeriod=2024&dimensionAtObservation=AllDimensions&format=csvfilewithlabels",2026-08-12
2009,C,Commitments,240,408.496541,true,6371.263665,100 - Official Development Assistance,constant prices,2024,USD millions,United States,Developing countries,"https://sdmx.oecd.org/dcd-public/rest/data/OECD.DCD.FSD,DSD_CRS@DF_CRS,1.6/USA.DPGC.210%2B220%2B230%2B240%2B250%2B310%2B320%2B331%2B332.100._T._T.C%2BD.Q._T..USD?startPeriod=2002&endPeriod=2024&dimensionAtObservation=AllDimensions&format=csvfilewithlabels",2026-08-12
2009,C,Commitments,250,559.185216,true,6371.263665,100 - Official Development Assistance,constant prices,2024,USD millions,United States,Developing countries,"https://sdmx.oecd.org/dcd-public/rest/data/OECD.DCD.FSD,DSD_CRS@DF_CRS,1.6/USA.DPGC.210%2B220%2B230%2B240%2B250%2B310%2B320%2B331%2B332.100._T._T.C%2BD.Q._T..USD?startPeriod=2002&endPeriod=2024&dimensionAtObservation=AllDimensions&format=csvfilewithlabels",2026-08-12
2009,C,Commitments,310,2107.188954,true,6371.263665,100 - Official Development Assistance,constant prices,2024,USD millions,United States,Developing countries,"https://sdmx.oecd.org/dcd-public/rest/data/OECD.DCD.FSD,DSD_CRS@DF_CRS,1.6/USA.DPGC.210%2B220%2B230%2B240%2B250%2B310%2B320%2B331%2B332.100._T._T.C%2BD.Q._T..USD?startPeriod=2002&endPeriod=2024&dimensionAtObservation=AllDimensions&format=csvfilewithlabels",2026-08-12
2009,C,Commitments,320,156.774581,true,6371.263665,100 - Official Development Assistance,constant prices,2024,USD millions,United States,Developing countries,"https://sdmx.oecd.org/dcd-public/rest/data/OECD.DCD.FSD,DSD_CRS@DF_CRS,1.6/USA.DPGC.210%2B220%2B230%2B240%2B250%2B310%2B320%2B331%2B332.100._T._T.C%2BD.Q._T..USD?startPeriod=2002&endPeriod=2024&dimensionAtObservation=AllDimensions&format=csvfilewithlabels",2026-08-12
2009,C,Commitments,331,218.022694,true,6371.263665,100 - Official Development Assistance,constant prices,2024,USD millions,United States,Developing countries,"https://sdmx.oecd.org/dcd-public/rest/data/OECD.DCD.FSD,DSD_CRS@DF_CRS,1.6/USA.DPGC.210%2B220%2B230%2B240%2B250%2B310%2B320%2B331%2B332.100._T._T.C%2BD.Q._T..USD?startPeriod=2002&endPeriod=2024&dimensionAtObservation=AllDimensions&format=csvfilewithlabels",2026-08-12
2009,C,Commitments,332,92.682409,true,6371.263665,100 - Official Development Assistance,constant prices,2024,USD millions,United States,Developing countries,"https://sdmx.oecd.org/dcd-public/rest/data/OECD.DCD.FSD,DSD_CRS@DF_CRS,1.6/USA.DPGC.210%2B220%2B230%2B240%2B250%2B310%2B320%2B331%2B332.100._T._T.C%2BD.Q._T..USD?startPeriod=2002&endPeriod=2024&dimensionAtObservation=AllDimensions&format=csvfilewithlabels",2026-08-12
2009,D,Disbursements,210,1627.836794,true,5011.876321,100 - Official Development Assistance,constant prices,2024,USD millions,United States,Developing countries,"https://sdmx.oecd.org/dcd-public/rest/data/OECD.DCD.FSD,DSD_CRS@DF_CRS,1.6/USA.DPGC.210%2B220%2B230%2B240%2B250%2B310%2B320%2B331%2B332.100._T._T.C%2BD.Q._T..USD?startPeriod=2002&endPeriod=2024&dimensionAtObservation=AllDimensions&format=csvfilewithlabels",2026-08-12
2009,D,Disbursements,220,28.399767,true,5011.876321,100 - Official Development Assistance,constant prices,2024,USD millions,United States,Developing countries,"https://sdmx.oecd.org/dcd-public/rest/data/OECD.DCD.FSD,DSD_CRS@DF_CRS,1.6/USA.DPGC.210%2B220%2B230%2B240%2B250%2B310%2B320%2B331%2B332.100._T._T.C%2BD.Q._T..USD?startPeriod=2002&endPeriod=2024&dimensionAtObservation=AllDimensions&format=csvfilewithlabels",2026-08-12
2009,D,Disbursements,230,741.85859,true,5011.876321,100 - Official Development Assistance,constant prices,2024,USD millions,United States,Developing countries,"https://sdmx.oecd.org/dcd-public/rest/data/OECD.DCD.FSD,DSD_CRS@DF_CRS,1.6/USA.DPGC.210%2B220%2B230%2B240%2B250%2B310%2B320%2B331%2B332.100._T._T.C%2BD.Q._T..USD?startPeriod=2002&endPeriod=2024&dimensionAtObservation=AllDimensions&format=csvfilewithlabels",2026-08-12
2009,D,Disbursements,240,205.41327,true,5011.876321,100 - Official Development Assistance,constant prices,2024,USD millions,United States,Developing countries,"https://sdmx.oecd.org/dcd-public/rest/data/OECD.DCD.FSD,DSD_CRS@DF_CRS,1.6/USA.DPGC.210%2B220%2B230%2B240%2B250%2B310%2B320%2B331%2B332.100._T._T.C%2BD.Q._T..USD?startPeriod=2002&endPeriod=2024&dimensionAtObservation=AllDimensions&format=csvfilewithlabels",2026-08-12
2009,D,Disbursements,250,561.606953,true,5011.876321,100 - Official Development Assistance,constant prices,2024,USD millions,United States,Developing countries,"https://sdmx.oecd.org/dcd-public/rest/data/OECD.DCD.FSD,DSD_CRS@DF_CRS,1.6/USA.DPGC.210%2B220%2B230%2B240%2B250%2B310%2B320%2B331%2B332.100._T._T.C%2BD.Q._T..USD?startPeriod=2002&endPeriod=2024&dimensionAtObservation=AllDimensions&format=csvfilewithlabels",2026-08-12
2009,D,Disbursements,310,1468.266776,true,5011.876321,100 - Official Development Assistance,constant prices,2024,USD millions,United States,Developing countries,"https://sdmx.oecd.org/dcd-public/rest/data/OECD.DCD.FSD,DSD_CRS@DF_CRS,1.6/USA.DPGC.210%2B220%2B230%2B240%2B250%2B310%2B320%2B331%2B332.100._T._T.C%2BD.Q._T..USD?startPeriod=2002&endPeriod=2024&dimensionAtObservation=AllDimensions&format=csvfilewithlabels",2026-08-12
2009,D,Disbursements,320,138.599716,true,5011.876321,100 - Official Development Assistance,constant prices,2024,USD millions,United States,Developing countries,"https://sdmx.oecd.org/dcd-public/rest/data/OECD.DCD.FSD,DSD_CRS@DF_CRS,1.6/USA.DPGC.210%2B220%2B230%2B240%2B250%2B310%2B320%2B331%2B332.100._T._T.C%2BD.Q._T..USD?startPeriod=2002&endPeriod=2024&dimensionAtObservation=AllDimensions&format=csvfilewithlabels",2026-08-12
2009,D,Disbursements,331,239.065138,true,5011.876321,100 - Official Development Assistance,constant prices,2024,USD millions,United States,Developing countries,"https://sdmx.oecd.org/dcd-public/rest/data/OECD.DCD.FSD,DSD_CRS@DF_CRS,1.6/USA.DPGC.210%2B220%2B230%2B240%2B250%2B310%2B320%2B331%2B332.100._T._T.C%2BD.Q._T..USD?startPeriod=2002&endPeriod=2024&dimensionAtObservation=AllDimensions&format=csvfilewithlabels",2026-08-12
2009,D,Disbursements,332,0.829317,true,5011.876321,100 - Official Development Assistance,constant prices,2024,USD millions,United States,Developing countries,"https://sdmx.oecd.org/dcd-public/rest/data/OECD.DCD.FSD,DSD_CRS@DF_CRS,1.6/USA.DPGC.210%2B220%2B230%2B240%2B250%2B310%2B320%2B331%2B332.100._T._T.C%2BD.Q._T..USD?startPeriod=2002&endPeriod=2024&dimensionAtObservation=AllDimensions&format=csvfilewithlabels",2026-08-12
2010,C,Commitments,210,1604.98251,true,6181.536264,100 - Official Development Assistance,constant prices,2024,USD millions,United States,Developing countries,"https://sdmx.oecd.org/dcd-public/rest/data/OECD.DCD.FSD,DSD_CRS@DF_CRS,1.6/USA.DPGC.210%2B220%2B230%2B240%2B250%2B310%2B320%2B331%2B332.100._T._T.C%2BD.Q._T..USD?startPeriod=2002&endPeriod=2024&dimensionAtObservation=AllDimensions&format=csvfilewithlabels",2026-08-12
2010,C,Commitments,220,24.730469,true,6181.536264,100 - Official Development Assistance,constant prices,2024,USD millions,United States,Developing countries,"https://sdmx.oecd.org/dcd-public/rest/data/OECD.DCD.FSD,DSD_CRS@DF_CRS,1.6/USA.DPGC.210%2B220%2B230%2B240%2B250%2B310%2B320%2B331%2B332.100._T._T.C%2BD.Q._T..USD?startPeriod=2002&endPeriod=2024&dimensionAtObservation=AllDimensions&format=csvfilewithlabels",2026-08-12
2010,C,Commitments,230,1080.306752,true,6181.536264,100 - Official Development Assistance,constant prices,2024,USD millions,United States,Developing countries,"https://sdmx.oecd.org/dcd-public/rest/data/OECD.DCD.FSD,DSD_CRS@DF_CRS,1.6/USA.DPGC.210%2B220%2B230%2B240%2B250%2B310%2B320%2B331%2B332.100._T._T.C%2BD.Q._T..USD?startPeriod=2002&endPeriod=2024&dimensionAtObservation=AllDimensions&format=csvfilewithlabels",2026-08-12
2010,C,Commitments,240,394.172724,true,6181.536264,100 - Official Development Assistance,constant prices,2024,USD millions,United States,Developing countries,"https://sdmx.oecd.org/dcd-public/rest/data/OECD.DCD.FSD,DSD_CRS@DF_CRS,1.6/USA.DPGC.210%2B220%2B230%2B240%2B250%2B310%2B320%2B331%2B332.100._T._T.C%2BD.Q._T..USD?startPeriod=2002&endPeriod=2024&dimensionAtObservation=AllDimensions&format=csvfilewithlabels",2026-08-12
2010,C,Commitments,250,549.792062,true,6181.536264,100 - Official Development Assistance,constant prices,2024,USD millions,United States,Developing countries,"https://sdmx.oecd.org/dcd-public/rest/data/OECD.DCD.FSD,DSD_CRS@DF_CRS,1.6/USA.DPGC.210%2B220%2B230%2B240%2B250%2B310%2B320%2B331%2B332.100._T._T.C%2BD.Q._T..USD?startPeriod=2002&endPeriod=2024&dimensionAtObservation=AllDimensions&format=csvfilewithlabels",2026-08-12
2010,C,Commitments,310,2183.950224,true,6181.536264,100 - Official Development Assistance,constant prices,2024,USD millions,United States,Developing countries,"https://sdmx.oecd.org/dcd-public/rest/data/OECD.DCD.FSD,DSD_CRS@DF_CRS,1.6/USA.DPGC.210%2B220%2B230%2B240%2B250%2B310%2B320%2B331%2B332.100._T._T.C%2BD.Q._T..USD?startPeriod=2002&endPeriod=2024&dimensionAtObservation=AllDimensions&format=csvfilewithlabels",2026-08-12
2010,C,Commitments,320,125.200675,true,6181.536264,100 - Official Development Assistance,constant prices,2024,USD millions,United States,Developing countries,"https://sdmx.oecd.org/dcd-public/rest/data/OECD.DCD.FSD,DSD_CRS@DF_CRS,1.6/USA.DPGC.210%2B220%2B230%2B240%2B250%2B310%2B320%2B331%2B332.100._T._T.C%2BD.Q._T..USD?startPeriod=2002&endPeriod=2024&dimensionAtObservation=AllDimensions&format=csvfilewithlabels",2026-08-12
2010,C,Commitments,331,218.138411,true,6181.536264,100 - Official Development Assistance,constant prices,2024,USD millions,United States,Developing countries,"https://sdmx.oecd.org/dcd-public/rest/data/OECD.DCD.FSD,DSD_CRS@DF_CRS,1.6/USA.DPGC.210%2B220%2B230%2B240%2B250%2B310%2B320%2B331%2B332.100._T._T.C%2BD.Q._T..USD?startPeriod=2002&endPeriod=2024&dimensionAtObservation=AllDimensions&format=csvfilewithlabels",2026-08-12
2010,C,Commitments,332,0.262437,true,6181.536264,100 - Official Development Assistance,constant prices,2024,USD millions,United States,Developing countries,"https://sdmx.oecd.org/dcd-public/rest/data/OECD.DCD.FSD,DSD_CRS@DF_CRS,1.6/USA.DPGC.210%2B220%2B230%2B240%2B250%2B310%2B320%2B331%2B332.100._T._T.C%2BD.Q._T..USD?startPeriod=2002&endPeriod=2024&dimensionAtObservation=AllDimensions&format=csvfilewithlabels",2026-08-12
2010,D,Disbursements,210,1634.757066,true,5728.218516,100 - Official Development Assistance,constant prices,2024,USD millions,United States,Developing countries,"https://sdmx.oecd.org/dcd-public/rest/data/OECD.DCD.FSD,DSD_CRS@DF_CRS,1.6/USA.DPGC.210%2B220%2B230%2B240%2B250%2B310%2B320%2B331%2B332.100._T._T.C%2BD.Q._T..USD?startPeriod=2002&endPeriod=2024&dimensionAtObservation=AllDimensions&format=csvfilewithlabels",2026-08-12
2010,D,Disbursements,220,48.169737,true,5728.218516,100 - Official Development Assistance,constant prices,2024,USD millions,United States,Developing countries,"https://sdmx.oecd.org/dcd-public/rest/data/OECD.DCD.FSD,DSD_CRS@DF_CRS,1.6/USA.DPGC.210%2B220%2B230%2B240%2B250%2B310%2B320%2B331%2B332.100._T._T.C%2BD.Q._T..USD?startPeriod=2002&endPeriod=2024&dimensionAtObservation=AllDimensions&format=csvfilewithlabels",2026-08-12
2010,D,Disbursements,230,776.695082,true,5728.218516,100 - Official Development Assistance,constant prices,2024,USD millions,United States,Developing countries,"https://sdmx.oecd.org/dcd-public/rest/data/OECD.DCD.FSD,DSD_CRS@DF_CRS,1.6/USA.DPGC.210%2B220%2B230%2B240%2B250%2B310%2B320%2B331%2B332.100._T._T.C%2BD.Q._T..USD?startPeriod=2002&endPeriod=2024&dimensionAtObservation=AllDimensions&format=csvfilewithlabels",2026-08-12
2010,D,Disbursements,240,333.395304,true,5728.218516,100 - Official Development Assistance,constant prices,2024,USD millions,United States,Developing countries,"https://sdmx.oecd.org/dcd-public/rest/data/OECD.DCD.FSD,DSD_CRS@DF_CRS,1.6/USA.DPGC.210%2B220%2B230%2B240%2B250%2B310%2B320%2B331%2B332.100._T._T.C%2BD.Q._T..USD?startPeriod=2002&endPeriod=2024&dimensionAtObservation=AllDimensions&format=csvfilewithlabels",2026-08-12
2010,D,Disbursements,250,526.315382,true,5728.218516,100 - Official Development Assistance,constant prices,2024,USD millions,United States,Developing countries,"https://sdmx.oecd.org/dcd-public/rest/data/OECD.DCD.FSD,DSD_CRS@DF_CRS,1.6/USA.DPGC.210%2B220%2B230%2B240%2B250%2B310%2B320%2B331%2B332.100._T._T.C%2BD.Q._T..USD?startPeriod=2002&endPeriod=2024&dimensionAtObservation=AllDimensions&format=csvfilewithlabels",2026-08-12
2010,D,Disbursements,310,1996.370399,true,5728.218516,100 - Official Development Assistance,constant prices,2024,USD millions,United States,Developing countries,"https://sdmx.oecd.org/dcd-public/rest/data/OECD.DCD.FSD,DSD_CRS@DF_CRS,1.6/USA.DPGC.210%2B220%2B230%2B240%2B250%2B310%2B320%2B331%2B332.100._T._T.C%2BD.Q._T..USD?startPeriod=2002&endPeriod=2024&dimensionAtObservation=AllDimensions&format=csvfilewithlabels",2026-08-12
2010,D,Disbursements,320,155.743828,true,5728.218516,100 - Official Development Assistance,constant prices,2024,USD millions,United States,Developing countries,"https://sdmx.oecd.org/dcd-public/rest/data/OECD.DCD.FSD,DSD_CRS@DF_CRS,1.6/USA.DPGC.210%2B220%2B230%2B240%2B250%2B310%2B320%2B331%2B332.100._T._T.C%2BD.Q._T..USD?startPeriod=2002&endPeriod=2024&dimensionAtObservation=AllDimensions&format=csvfilewithlabels",2026-08-12
2010,D,Disbursements,331,249.978459,true,5728.218516,100 - Official Development Assistance,constant prices,2024,USD millions,United States,Developing countries,"https://sdmx.oecd.org/dcd-public/rest/data/OECD.DCD.FSD,DSD_CRS@DF_CRS,1.6/USA.DPGC.210%2B220%2B230%2B240%2B250%2B310%2B320%2B331%2B332.100._T._T.C%2BD.Q._T..USD?startPeriod=2002&endPeriod=2024&dimensionAtObservation=AllDimensions&format=csvfilewithlabels",2026-08-12
2010,D,Disbursements,332,6.793259,true,5728.218516,100 - Official Development Assistance,constant prices,2024,USD millions,United States,Developing countries,"https://sdmx.oecd.org/dcd-public/rest/data/OECD.DCD.FSD,DSD_CRS@DF_CRS,1.6/USA.DPGC.210%2B220%2B230%2B240%2B250%2B310%2B320%2B331%2B332.100._T._T.C%2BD.Q._T..USD?startPeriod=2002&endPeriod=2024&dimensionAtObservation=AllDimensions&format=csvfilewithlabels",2026-08-12
2011,C,Commitments,210,1028.380453,true,5021.232881,100 - Official Development Assistance,constant prices,2024,USD millions,United States,Developing countries,"https://sdmx.oecd.org/dcd-public/rest/data/OECD.DCD.FSD,DSD_CRS@DF_CRS,1.6/USA.DPGC.210%2B220%2B230%2B240%2B250%2B310%2B320%2B331%2B332.100._T._T.C%2BD.Q._T..USD?startPeriod=2002&endPeriod=2024&dimensionAtObservation=AllDimensions&format=csvfilewithlabels",2026-08-12
2011,C,Commitments,220,19.270035,true,5021.232881,100 - Official Development Assistance,constant prices,2024,USD millions,United States,Developing countries,"https://sdmx.oecd.org/dcd-public/rest/data/OECD.DCD.FSD,DSD_CRS@DF_CRS,1.6/USA.DPGC.210%2B220%2B230%2B240%2B250%2B310%2B320%2B331%2B332.100._T._T.C%2BD.Q._T..USD?startPeriod=2002&endPeriod=2024&dimensionAtObservation=AllDimensions&format=csvfilewithlabels",2026-08-12
2011,C,Commitments,230,764.762402,true,5021.232881,100 - Official Development Assistance,constant prices,2024,USD millions,United States,Developing countries,"https://sdmx.oecd.org/dcd-public/rest/data/OECD.DCD.FSD,DSD_CRS@DF_CRS,1.6/USA.DPGC.210%2B220%2B230%2B240%2B250%2B310%2B320%2B331%2B332.100._T._T.C%2BD.Q._T..USD?startPeriod=2002&endPeriod=2024&dimensionAtObservation=AllDimensions&format=csvfilewithlabels",2026-08-12
2011,C,Commitments,240,156.467,true,5021.232881,100 - Official Development Assistance,constant prices,2024,USD millions,United States,Developing countries,"https://sdmx.oecd.org/dcd-public/rest/data/OECD.DCD.FSD,DSD_CRS@DF_CRS,1.6/USA.DPGC.210%2B220%2B230%2B240%2B250%2B310%2B320%2B331%2B332.100._T._T.C%2BD.Q._T..USD?startPeriod=2002&endPeriod=2024&dimensionAtObservation=AllDimensions&format=csvfilewithlabels",2026-08-12
2011,C,Commitments,250,674.246893,true,5021.232881,100 - Official Development Assistance,constant prices,2024,USD millions,United States,Developing countries,"https://sdmx.oecd.org/dcd-public/rest/data/OECD.DCD.FSD,DSD_CRS@DF_CRS,1.6/USA.DPGC.210%2B220%2B230%2B240%2B250%2B310%2B320%2B331%2B332.100._T._T.C%2BD.Q._T..USD?startPeriod=2002&endPeriod=2024&dimensionAtObservation=AllDimensions&format=csvfilewithlabels",2026-08-12
2011,C,Commitments,310,1828.571954,true,5021.232881,100 - Official Development Assistance,constant prices,2024,USD millions,United States,Developing countries,"https://sdmx.oecd.org/dcd-public/rest/data/OECD.DCD.FSD,DSD_CRS@DF_CRS,1.6/USA.DPGC.210%2B220%2B230%2B240%2B250%2B310%2B320%2B331%2B332.100._T._T.C%2BD.Q._T..USD?startPeriod=2002&endPeriod=2024&dimensionAtObservation=AllDimensions&format=csvfilewithlabels",2026-08-12
2011,C,Commitments,320,234.222816,true,5021.232881,100 - Official Development Assistance,constant prices,2024,USD millions,United States,Developing countries,"https://sdmx.oecd.org/dcd-public/rest/data/OECD.DCD.FSD,DSD_CRS@DF_CRS,1.6/USA.DPGC.210%2B220%2B230%2B240%2B250%2B310%2B320%2B331%2B332.100._T._T.C%2BD.Q._T..USD?startPeriod=2002&endPeriod=2024&dimensionAtObservation=AllDimensions&format=csvfilewithlabels",2026-08-12
2011,C,Commitments,331,315.311328,true,5021.232881,100 - Official Development Assistance,constant prices,2024,USD millions,United States,Developing countries,"https://sdmx.oecd.org/dcd-public/rest/data/OECD.DCD.FSD,DSD_CRS@DF_CRS,1.6/USA.DPGC.210%2B220%2B230%2B240%2B250%2B310%2B320%2B331%2B332.100._T._T.C%2BD.Q._T..USD?startPeriod=2002&endPeriod=2024&dimensionAtObservation=AllDimensions&format=csvfilewithlabels",2026-08-12
2011,C,Commitments,332,0,false,5021.232881,100 - Official Development Assistance,constant prices,2024,USD millions,United States,Developing countries,"https://sdmx.oecd.org/dcd-public/rest/data/OECD.DCD.FSD,DSD_CRS@DF_CRS,1.6/USA.DPGC.210%2B220%2B230%2B240%2B250%2B310%2B320%2B331%2B332.100._T._T.C%2BD.Q._T..USD?startPeriod=2002&endPeriod=2024&dimensionAtObservation=AllDimensions&format=csvfilewithlabels",2026-08-12
2011,D,Disbursements,210,1507.044863,true,5464.942133,100 - Official Development Assistance,constant prices,2024,USD millions,United States,Developing countries,"https://sdmx.oecd.org/dcd-public/rest/data/OECD.DCD.FSD,DSD_CRS@DF_CRS,1.6/USA.DPGC.210%2B220%2B230%2B240%2B250%2B310%2B320%2B331%2B332.100._T._T.C%2BD.Q._T..USD?startPeriod=2002&endPeriod=2024&dimensionAtObservation=AllDimensions&format=csvfilewithlabels",2026-08-12
2011,D,Disbursements,220,18.625697,true,5464.942133,100 - Official Development Assistance,constant prices,2024,USD millions,United States,Developing countries,"https://sdmx.oecd.org/dcd-public/rest/data/OECD.DCD.FSD,DSD_CRS@DF_CRS,1.6/USA.DPGC.210%2B220%2B230%2B240%2B250%2B310%2B320%2B331%2B332.100._T._T.C%2BD.Q._T..USD?startPeriod=2002&endPeriod=2024&dimensionAtObservation=AllDimensions&format=csvfilewithlabels",2026-08-12
2011,D,Disbursements,230,694.352106,true,5464.942133,100 - Official Development Assistance,constant prices,2024,USD millions,United States,Developing countries,"https://sdmx.oecd.org/dcd-public/rest/data/OECD.DCD.FSD,DSD_CRS@DF_CRS,1.6/USA.DPGC.210%2B220%2B230%2B240%2B250%2B310%2B320%2B331%2B332.100._T._T.C%2BD.Q._T..USD?startPeriod=2002&endPeriod=2024&dimensionAtObservation=AllDimensions&format=csvfilewithlabels",2026-08-12
2011,D,Disbursements,240,250.048404,true,5464.942133,100 - Official Development Assistance,constant prices,2024,USD millions,United States,Developing countries,"https://sdmx.oecd.org/dcd-public/rest/data/OECD.DCD.FSD,DSD_CRS@DF_CRS,1.6/USA.DPGC.210%2B220%2B230%2B240%2B250%2B310%2B320%2B331%2B332.100._T._T.C%2BD.Q._T..USD?startPeriod=2002&endPeriod=2024&dimensionAtObservation=AllDimensions&format=csvfilewithlabels",2026-08-12
2011,D,Disbursements,250,582.012395,true,5464.942133,100 - Official Development Assistance,constant prices,2024,USD millions,United States,Developing countries,"https://sdmx.oecd.org/dcd-public/rest/data/OECD.DCD.FSD,DSD_CRS@DF_CRS,1.6/USA.DPGC.210%2B220%2B230%2B240%2B250%2B310%2B320%2B331%2B332.100._T._T.C%2BD.Q._T..USD?startPeriod=2002&endPeriod=2024&dimensionAtObservation=AllDimensions&format=csvfilewithlabels",2026-08-12
2011,D,Disbursements,310,1937.378731,true,5464.942133,100 - Official Development Assistance,constant prices,2024,USD millions,United States,Developing countries,"https://sdmx.oecd.org/dcd-public/rest/data/OECD.DCD.FSD,DSD_CRS@DF_CRS,1.6/USA.DPGC.210%2B220%2B230%2B240%2B250%2B310%2B320%2B331%2B332.100._T._T.C%2BD.Q._T..USD?startPeriod=2002&endPeriod=2024&dimensionAtObservation=AllDimensions&format=csvfilewithlabels",2026-08-12
2011,D,Disbursements,320,188.873052,true,5464.942133,100 - Official Development Assistance,constant prices,2024,USD millions,United States,Developing countries,"https://sdmx.oecd.org/dcd-public/rest/data/OECD.DCD.FSD,DSD_CRS@DF_CRS,1.6/USA.DPGC.210%2B220%2B230%2B240%2B250%2B310%2B320%2B331%2B332.100._T._T.C%2BD.Q._T..USD?startPeriod=2002&endPeriod=2024&dimensionAtObservation=AllDimensions&format=csvfilewithlabels",2026-08-12
2011,D,Disbursements,331,278.836038,true,5464.942133,100 - Official Development Assistance,constant prices,2024,USD millions,United States,Developing countries,"https://sdmx.oecd.org/dcd-public/rest/data/OECD.DCD.FSD,DSD_CRS@DF_CRS,1.6/USA.DPGC.210%2B220%2B230%2B240%2B250%2B310%2B320%2B331%2B332.100._T._T.C%2BD.Q._T..USD?startPeriod=2002&endPeriod=2024&dimensionAtObservation=AllDimensions&format=csvfilewithlabels",2026-08-12
2011,D,Disbursements,332,7.770847,true,5464.942133,100 - Official Development Assistance,constant prices,2024,USD millions,United States,Developing countries,"https://sdmx.oecd.org/dcd-public/rest/data/OECD.DCD.FSD,DSD_CRS@DF_CRS,1.6/USA.DPGC.210%2B220%2B230%2B240%2B250%2B310%2B320%2B331%2B332.100._T._T.C%2BD.Q._T..USD?startPeriod=2002&endPeriod=2024&dimensionAtObservation=AllDimensions&format=csvfilewithlabels",2026-08-12
2012,C,Commitments,210,634.698686,true,4126.098621,100 - Official Development Assistance,constant prices,2024,USD millions,United States,Developing countries,"https://sdmx.oecd.org/dcd-public/rest/data/OECD.DCD.FSD,DSD_CRS@DF_CRS,1.6/USA.DPGC.210%2B220%2B230%2B240%2B250%2B310%2B320%2B331%2B332.100._T._T.C%2BD.Q._T..USD?startPeriod=2002&endPeriod=2024&dimensionAtObservation=AllDimensions&format=csvfilewithlabels",2026-08-12
2012,C,Commitments,220,26.644316,true,4126.098621,100 - Official Development Assistance,constant prices,2024,USD millions,United States,Developing countries,"https://sdmx.oecd.org/dcd-public/rest/data/OECD.DCD.FSD,DSD_CRS@DF_CRS,1.6/USA.DPGC.210%2B220%2B230%2B240%2B250%2B310%2B320%2B331%2B332.100._T._T.C%2BD.Q._T..USD?startPeriod=2002&endPeriod=2024&dimensionAtObservation=AllDimensions&format=csvfilewithlabels",2026-08-12
2012,C,Commitments,230,564.522212,true,4126.098621,100 - Official Development Assistance,constant prices,2024,USD millions,United States,Developing countries,"https://sdmx.oecd.org/dcd-public/rest/data/OECD.DCD.FSD,DSD_CRS@DF_CRS,1.6/USA.DPGC.210%2B220%2B230%2B240%2B250%2B310%2B320%2B331%2B332.100._T._T.C%2BD.Q._T..USD?startPeriod=2002&endPeriod=2024&dimensionAtObservation=AllDimensions&format=csvfilewithlabels",2026-08-12
2012,C,Commitments,240,287.348039,true,4126.098621,100 - Official Development Assistance,constant prices,2024,USD millions,United States,Developing countries,"https://sdmx.oecd.org/dcd-public/rest/data/OECD.DCD.FSD,DSD_CRS@DF_CRS,1.6/USA.DPGC.210%2B220%2B230%2B240%2B250%2B310%2B320%2B331%2B332.100._T._T.C%2BD.Q._T..USD?startPeriod=2002&endPeriod=2024&dimensionAtObservation=AllDimensions&format=csvfilewithlabels",2026-08-12
2012,C,Commitments,250,507.412265,true,4126.098621,100 - Official Development Assistance,constant prices,2024,USD millions,United States,Developing countries,"https://sdmx.oecd.org/dcd-public/rest/data/OECD.DCD.FSD,DSD_CRS@DF_CRS,1.6/USA.DPGC.210%2B220%2B230%2B240%2B250%2B310%2B320%2B331%2B332.100._T._T.C%2BD.Q._T..USD?startPeriod=2002&endPeriod=2024&dimensionAtObservation=AllDimensions&format=csvfilewithlabels",2026-08-12
2012,C,Commitments,310,1492.712091,true,4126.098621,100 - Official Development Assistance,constant prices,2024,USD millions,United States,Developing countries,"https://sdmx.oecd.org/dcd-public/rest/data/OECD.DCD.FSD,DSD_CRS@DF_CRS,1.6/USA.DPGC.210%2B220%2B230%2B240%2B250%2B310%2B320%2B331%2B332.100._T._T.C%2BD.Q._T..USD?startPeriod=2002&endPeriod=2024&dimensionAtObservation=AllDimensions&format=csvfilewithlabels",2026-08-12
2012,C,Commitments,320,184.916021,true,4126.098621,100 - Official Development Assistance,constant prices,2024,USD millions,United States,Developing countries,"https://sdmx.oecd.org/dcd-public/rest/data/OECD.DCD.FSD,DSD_CRS@DF_CRS,1.6/USA.DPGC.210%2B220%2B230%2B240%2B250%2B310%2B320%2B331%2B332.100._T._T.C%2BD.Q._T..USD?startPeriod=2002&endPeriod=2024&dimensionAtObservation=AllDimensions&format=csvfilewithlabels",2026-08-12
2012,C,Commitments,331,425.359641,true,4126.098621,100 - Official Development Assistance,constant prices,2024,USD millions,United States,Developing countries,"https://sdmx.oecd.org/dcd-public/rest/data/OECD.DCD.FSD,DSD_CRS@DF_CRS,1.6/USA.DPGC.210%2B220%2B230%2B240%2B250%2B310%2B320%2B331%2B332.100._T._T.C%2BD.Q._T..USD?startPeriod=2002&endPeriod=2024&dimensionAtObservation=AllDimensions&format=csvfilewithlabels",2026-08-12
2012,C,Commitments,332,2.48535,true,4126.098621,100 - Official Development Assistance,constant prices,2024,USD millions,United States,Developing countries,"https://sdmx.oecd.org/dcd-public/rest/data/OECD.DCD.FSD,DSD_CRS@DF_CRS,1.6/USA.DPGC.210%2B220%2B230%2B240%2B250%2B310%2B320%2B331%2B332.100._T._T.C%2BD.Q._T..USD?startPeriod=2002&endPeriod=2024&dimensionAtObservation=AllDimensions&format=csvfilewithlabels",2026-08-12
2012,D,Disbursements,210,936.541896,true,4754.806201,100 - Official Development Assistance,constant prices,2024,USD millions,United States,Developing countries,"https://sdmx.oecd.org/dcd-public/rest/data/OECD.DCD.FSD,DSD_CRS@DF_CRS,1.6/USA.DPGC.210%2B220%2B230%2B240%2B250%2B310%2B320%2B331%2B332.100._T._T.C%2BD.Q._T..USD?startPeriod=2002&endPeriod=2024&dimensionAtObservation=AllDimensions&format=csvfilewithlabels",2026-08-12
2012,D,Disbursements,220,16.789901,true,4754.806201,100 - Official Development Assistance,constant prices,2024,USD millions,United States,Developing countries,"https://sdmx.oecd.org/dcd-public/rest/data/OECD.DCD.FSD,DSD_CRS@DF_CRS,1.6/USA.DPGC.210%2B220%2B230%2B240%2B250%2B310%2B320%2B331%2B332.100._T._T.C%2BD.Q._T..USD?startPeriod=2002&endPeriod=2024&dimensionAtObservation=AllDimensions&format=csvfilewithlabels",2026-08-12
2012,D,Disbursements,230,667.561387,true,4754.806201,100 - Official Development Assistance,constant prices,2024,USD millions,United States,Developing countries,"https://sdmx.oecd.org/dcd-public/rest/data/OECD.DCD.FSD,DSD_CRS@DF_CRS,1.6/USA.DPGC.210%2B220%2B230%2B240%2B250%2B310%2B320%2B331%2B332.100._T._T.C%2BD.Q._T..USD?startPeriod=2002&endPeriod=2024&dimensionAtObservation=AllDimensions&format=csvfilewithlabels",2026-08-12
2012,D,Disbursements,240,329.397283,true,4754.806201,100 - Official Development Assistance,constant prices,2024,USD millions,United States,Developing countries,"https://sdmx.oecd.org/dcd-public/rest/data/OECD.DCD.FSD,DSD_CRS@DF_CRS,1.6/USA.DPGC.210%2B220%2B230%2B240%2B250%2B310%2B320%2B331%2B332.100._T._T.C%2BD.Q._T..USD?startPeriod=2002&endPeriod=2024&dimensionAtObservation=AllDimensions&format=csvfilewithlabels",2026-08-12
2012,D,Disbursements,250,534.728664,true,4754.806201,100 - Official Development Assistance,constant prices,2024,USD millions,United States,Developing countries,"https://sdmx.oecd.org/dcd-public/rest/data/OECD.DCD.FSD,DSD_CRS@DF_CRS,1.6/USA.DPGC.210%2B220%2B230%2B240%2B250%2B310%2B320%2B331%2B332.100._T._T.C%2BD.Q._T..USD?startPeriod=2002&endPeriod=2024&dimensionAtObservation=AllDimensions&format=csvfilewithlabels",2026-08-12
2012,D,Disbursements,310,1728.267378,true,4754.806201,100 - Official Development Assistance,constant prices,2024,USD millions,United States,Developing countries,"https://sdmx.oecd.org/dcd-public/rest/data/OECD.DCD.FSD,DSD_CRS@DF_CRS,1.6/USA.DPGC.210%2B220%2B230%2B240%2B250%2B310%2B320%2B331%2B332.100._T._T.C%2BD.Q._T..USD?startPeriod=2002&endPeriod=2024&dimensionAtObservation=AllDimensions&format=csvfilewithlabels",2026-08-12
2012,D,Disbursements,320,168.896687,true,4754.806201,100 - Official Development Assistance,constant prices,2024,USD millions,United States,Developing countries,"https://sdmx.oecd.org/dcd-public/rest/data/OECD.DCD.FSD,DSD_CRS@DF_CRS,1.6/USA.DPGC.210%2B220%2B230%2B240%2B250%2B310%2B320%2B331%2B332.100._T._T.C%2BD.Q._T..USD?startPeriod=2002&endPeriod=2024&dimensionAtObservation=AllDimensions&format=csvfilewithlabels",2026-08-12
2012,D,Disbursements,331,361.36388,true,4754.806201,100 - Official Development Assistance,constant prices,2024,USD millions,United States,Developing countries,"https://sdmx.oecd.org/dcd-public/rest/data/OECD.DCD.FSD,DSD_CRS@DF_CRS,1.6/USA.DPGC.210%2B220%2B230%2B240%2B250%2B310%2B320%2B331%2B332.100._T._T.C%2BD.Q._T..USD?startPeriod=2002&endPeriod=2024&dimensionAtObservation=AllDimensions&format=csvfilewithlabels",2026-08-12
2012,D,Disbursements,332,11.259125,true,4754.806201,100 - Official Development Assistance,constant prices,2024,USD millions,United States,Developing countries,"https://sdmx.oecd.org/dcd-public/rest/data/OECD.DCD.FSD,DSD_CRS@DF_CRS,1.6/USA.DPGC.210%2B220%2B230%2B240%2B250%2B310%2B320%2B331%2B332.100._T._T.C%2BD.Q._T..USD?startPeriod=2002&endPeriod=2024&dimensionAtObservation=AllDimensions&format=csvfilewithlabels",2026-08-12
2013,C,Commitments,210,495.214273,true,5047.781351,100 - Official Development Assistance,constant prices,2024,USD millions,United States,Developing countries,"https://sdmx.oecd.org/dcd-public/rest/data/OECD.DCD.FSD,DSD_CRS@DF_CRS,1.6/USA.DPGC.210%2B220%2B230%2B240%2B250%2B310%2B320%2B331%2B332.100._T._T.C%2BD.Q._T..USD?startPeriod=2002&endPeriod=2024&dimensionAtObservation=AllDimensions&format=csvfilewithlabels",2026-08-12
2013,C,Commitments,220,15.751069,true,5047.781351,100 - Official Development Assistance,constant prices,2024,USD millions,United States,Developing countries,"https://sdmx.oecd.org/dcd-public/rest/data/OECD.DCD.FSD,DSD_CRS@DF_CRS,1.6/USA.DPGC.210%2B220%2B230%2B240%2B250%2B310%2B320%2B331%2B332.100._T._T.C%2BD.Q._T..USD?startPeriod=2002&endPeriod=2024&dimensionAtObservation=AllDimensions&format=csvfilewithlabels",2026-08-12
2013,C,Commitments,230,1649.479683,true,5047.781351,100 - Official Development Assistance,constant prices,2024,USD millions,United States,Developing countries,"https://sdmx.oecd.org/dcd-public/rest/data/OECD.DCD.FSD,DSD_CRS@DF_CRS,1.6/USA.DPGC.210%2B220%2B230%2B240%2B250%2B310%2B320%2B331%2B332.100._T._T.C%2BD.Q._T..USD?startPeriod=2002&endPeriod=2024&dimensionAtObservation=AllDimensions&format=csvfilewithlabels",2026-08-12
2013,C,Commitments,240,337.586933,true,5047.781351,100 - Official Development Assistance,constant prices,2024,USD millions,United States,Developing countries,"https://sdmx.oecd.org/dcd-public/rest/data/OECD.DCD.FSD,DSD_CRS@DF_CRS,1.6/USA.DPGC.210%2B220%2B230%2B240%2B250%2B310%2B320%2B331%2B332.100._T._T.C%2BD.Q._T..USD?startPeriod=2002&endPeriod=2024&dimensionAtObservation=AllDimensions&format=csvfilewithlabels",2026-08-12
2013,C,Commitments,250,485.424572,true,5047.781351,100 - Official Development Assistance,constant prices,2024,USD millions,United States,Developing countries,"https://sdmx.oecd.org/dcd-public/rest/data/OECD.DCD.FSD,DSD_CRS@DF_CRS,1.6/USA.DPGC.210%2B220%2B230%2B240%2B250%2B310%2B320%2B331%2B332.100._T._T.C%2BD.Q._T..USD?startPeriod=2002&endPeriod=2024&dimensionAtObservation=AllDimensions&format=csvfilewithlabels",2026-08-12
2013,C,Commitments,310,1540.599906,true,5047.781351,100 - Official Development Assistance,constant prices,2024,USD millions,United States,Developing countries,"https://sdmx.oecd.org/dcd-public/rest/data/OECD.DCD.FSD,DSD_CRS@DF_CRS,1.6/USA.DPGC.210%2B220%2B230%2B240%2B250%2B310%2B320%2B331%2B332.100._T._T.C%2BD.Q._T..USD?startPeriod=2002&endPeriod=2024&dimensionAtObservation=AllDimensions&format=csvfilewithlabels",2026-08-12
2013,C,Commitments,320,153.637128,true,5047.781351,100 - Official Development Assistance,constant prices,2024,USD millions,United States,Developing countries,"https://sdmx.oecd.org/dcd-public/rest/data/OECD.DCD.FSD,DSD_CRS@DF_CRS,1.6/USA.DPGC.210%2B220%2B230%2B240%2B250%2B310%2B320%2B331%2B332.100._T._T.C%2BD.Q._T..USD?startPeriod=2002&endPeriod=2024&dimensionAtObservation=AllDimensions&format=csvfilewithlabels",2026-08-12
2013,C,Commitments,331,365.816907,true,5047.781351,100 - Official Development Assistance,constant prices,2024,USD millions,United States,Developing countries,"https://sdmx.oecd.org/dcd-public/rest/data/OECD.DCD.FSD,DSD_CRS@DF_CRS,1.6/USA.DPGC.210%2B220%2B230%2B240%2B250%2B310%2B320%2B331%2B332.100._T._T.C%2BD.Q._T..USD?startPeriod=2002&endPeriod=2024&dimensionAtObservation=AllDimensions&format=csvfilewithlabels",2026-08-12
2013,C,Commitments,332,4.27088,true,5047.781351,100 - Official Development Assistance,constant prices,2024,USD millions,United States,Developing countries,"https://sdmx.oecd.org/dcd-public/rest/data/OECD.DCD.FSD,DSD_CRS@DF_CRS,1.6/USA.DPGC.210%2B220%2B230%2B240%2B250%2B310%2B320%2B331%2B332.100._T._T.C%2BD.Q._T..USD?startPeriod=2002&endPeriod=2024&dimensionAtObservation=AllDimensions&format=csvfilewithlabels",2026-08-12
2013,D,Disbursements,210,918.509208,true,4416.942384,100 - Official Development Assistance,constant prices,2024,USD millions,United States,Developing countries,"https://sdmx.oecd.org/dcd-public/rest/data/OECD.DCD.FSD,DSD_CRS@DF_CRS,1.6/USA.DPGC.210%2B220%2B230%2B240%2B250%2B310%2B320%2B331%2B332.100._T._T.C%2BD.Q._T..USD?startPeriod=2002&endPeriod=2024&dimensionAtObservation=AllDimensions&format=csvfilewithlabels",2026-08-12
2013,D,Disbursements,220,14.673341,true,4416.942384,100 - Official Development Assistance,constant prices,2024,USD millions,United States,Developing countries,"https://sdmx.oecd.org/dcd-public/rest/data/OECD.DCD.FSD,DSD_CRS@DF_CRS,1.6/USA.DPGC.210%2B220%2B230%2B240%2B250%2B310%2B320%2B331%2B332.100._T._T.C%2BD.Q._T..USD?startPeriod=2002&endPeriod=2024&dimensionAtObservation=AllDimensions&format=csvfilewithlabels",2026-08-12
2013,D,Disbursements,230,774.055666,true,4416.942384,100 - Official Development Assistance,constant prices,2024,USD millions,United States,Developing countries,"https://sdmx.oecd.org/dcd-public/rest/data/OECD.DCD.FSD,DSD_CRS@DF_CRS,1.6/USA.DPGC.210%2B220%2B230%2B240%2B250%2B310%2B320%2B331%2B332.100._T._T.C%2BD.Q._T..USD?startPeriod=2002&endPeriod=2024&dimensionAtObservation=AllDimensions&format=csvfilewithlabels",2026-08-12
2013,D,Disbursements,240,172.251656,true,4416.942384,100 - Official Development Assistance,constant prices,2024,USD millions,United States,Developing countries,"https://sdmx.oecd.org/dcd-public/rest/data/OECD.DCD.FSD,DSD_CRS@DF_CRS,1.6/USA.DPGC.210%2B220%2B230%2B240%2B250%2B310%2B320%2B331%2B332.100._T._T.C%2BD.Q._T..USD?startPeriod=2002&endPeriod=2024&dimensionAtObservation=AllDimensions&format=csvfilewithlabels",2026-08-12
2013,D,Disbursements,250,445.082281,true,4416.942384,100 - Official Development Assistance,constant prices,2024,USD millions,United States,Developing countries,"https://sdmx.oecd.org/dcd-public/rest/data/OECD.DCD.FSD,DSD_CRS@DF_CRS,1.6/USA.DPGC.210%2B220%2B230%2B240%2B250%2B310%2B320%2B331%2B332.100._T._T.C%2BD.Q._T..USD?startPeriod=2002&endPeriod=2024&dimensionAtObservation=AllDimensions&format=csvfilewithlabels",2026-08-12
2013,D,Disbursements,310,1602.814723,true,4416.942384,100 - Official Development Assistance,constant prices,2024,USD millions,United States,Developing countries,"https://sdmx.oecd.org/dcd-public/rest/data/OECD.DCD.FSD,DSD_CRS@DF_CRS,1.6/USA.DPGC.210%2B220%2B230%2B240%2B250%2B310%2B320%2B331%2B332.100._T._T.C%2BD.Q._T..USD?startPeriod=2002&endPeriod=2024&dimensionAtObservation=AllDimensions&format=csvfilewithlabels",2026-08-12
2013,D,Disbursements,320,131.040033,true,4416.942384,100 - Official Development Assistance,constant prices,2024,USD millions,United States,Developing countries,"https://sdmx.oecd.org/dcd-public/rest/data/OECD.DCD.FSD,DSD_CRS@DF_CRS,1.6/USA.DPGC.210%2B220%2B230%2B240%2B250%2B310%2B320%2B331%2B332.100._T._T.C%2BD.Q._T..USD?startPeriod=2002&endPeriod=2024&dimensionAtObservation=AllDimensions&format=csvfilewithlabels",2026-08-12
2013,D,Disbursements,331,339.031193,true,4416.942384,100 - Official Development Assistance,constant prices,2024,USD millions,United States,Developing countries,"https://sdmx.oecd.org/dcd-public/rest/data/OECD.DCD.FSD,DSD_CRS@DF_CRS,1.6/USA.DPGC.210%2B220%2B230%2B240%2B250%2B310%2B320%2B331%2B332.100._T._T.C%2BD.Q._T..USD?startPeriod=2002&endPeriod=2024&dimensionAtObservation=AllDimensions&format=csvfilewithlabels",2026-08-12
2013,D,Disbursements,332,19.484283,true,4416.942384,100 - Official Development Assistance,constant prices,2024,USD millions,United States,Developing countries,"https://sdmx.oecd.org/dcd-public/rest/data/OECD.DCD.FSD,DSD_CRS@DF_CRS,1.6/USA.DPGC.210%2B220%2B230%2B240%2B250%2B310%2B320%2B331%2B332.100._T._T.C%2BD.Q._T..USD?startPeriod=2002&endPeriod=2024&dimensionAtObservation=AllDimensions&format=csvfilewithlabels",2026-08-12
2014,C,Commitments,210,479.501155,true,3813.101379,100 - Official Development Assistance,constant prices,2024,USD millions,United States,Developing countries,"https://sdmx.oecd.org/dcd-public/rest/data/OECD.DCD.FSD,DSD_CRS@DF_CRS,1.6/USA.DPGC.210%2B220%2B230%2B240%2B250%2B310%2B320%2B331%2B332.100._T._T.C%2BD.Q._T..USD?startPeriod=2002&endPeriod=2024&dimensionAtObservation=AllDimensions&format=csvfilewithlabels",2026-08-12
2014,C,Commitments,220,15.207043,true,3813.101379,100 - Official Development Assistance,constant prices,2024,USD millions,United States,Developing countries,"https://sdmx.oecd.org/dcd-public/rest/data/OECD.DCD.FSD,DSD_CRS@DF_CRS,1.6/USA.DPGC.210%2B220%2B230%2B240%2B250%2B310%2B320%2B331%2B332.100._T._T.C%2BD.Q._T..USD?startPeriod=2002&endPeriod=2024&dimensionAtObservation=AllDimensions&format=csvfilewithlabels",2026-08-12
2014,C,Commitments,230,465.876275,true,3813.101379,100 - Official Development Assistance,constant prices,2024,USD millions,United States,Developing countries,"https://sdmx.oecd.org/dcd-public/rest/data/OECD.DCD.FSD,DSD_CRS@DF_CRS,1.6/USA.DPGC.210%2B220%2B230%2B240%2B250%2B310%2B320%2B331%2B332.100._T._T.C%2BD.Q._T..USD?startPeriod=2002&endPeriod=2024&dimensionAtObservation=AllDimensions&format=csvfilewithlabels",2026-08-12
2014,C,Commitments,240,156.386887,true,3813.101379,100 - Official Development Assistance,constant prices,2024,USD millions,United States,Developing countries,"https://sdmx.oecd.org/dcd-public/rest/data/OECD.DCD.FSD,DSD_CRS@DF_CRS,1.6/USA.DPGC.210%2B220%2B230%2B240%2B250%2B310%2B320%2B331%2B332.100._T._T.C%2BD.Q._T..USD?startPeriod=2002&endPeriod=2024&dimensionAtObservation=AllDimensions&format=csvfilewithlabels",2026-08-12
2014,C,Commitments,250,504.848387,true,3813.101379,100 - Official Development Assistance,constant prices,2024,USD millions,United States,Developing countries,"https://sdmx.oecd.org/dcd-public/rest/data/OECD.DCD.FSD,DSD_CRS@DF_CRS,1.6/USA.DPGC.210%2B220%2B230%2B240%2B250%2B310%2B320%2B331%2B332.100._T._T.C%2BD.Q._T..USD?startPeriod=2002&endPeriod=2024&dimensionAtObservation=AllDimensions&format=csvfilewithlabels",2026-08-12
2014,C,Commitments,310,1683.403236,true,3813.101379,100 - Official Development Assistance,constant prices,2024,USD millions,United States,Developing countries,"https://sdmx.oecd.org/dcd-public/rest/data/OECD.DCD.FSD,DSD_CRS@DF_CRS,1.6/USA.DPGC.210%2B220%2B230%2B240%2B250%2B310%2B320%2B331%2B332.100._T._T.C%2BD.Q._T..USD?startPeriod=2002&endPeriod=2024&dimensionAtObservation=AllDimensions&format=csvfilewithlabels",2026-08-12
2014,C,Commitments,320,121.410182,true,3813.101379,100 - Official Development Assistance,constant prices,2024,USD millions,United States,Developing countries,"https://sdmx.oecd.org/dcd-public/rest/data/OECD.DCD.FSD,DSD_CRS@DF_CRS,1.6/USA.DPGC.210%2B220%2B230%2B240%2B250%2B310%2B320%2B331%2B332.100._T._T.C%2BD.Q._T..USD?startPeriod=2002&endPeriod=2024&dimensionAtObservation=AllDimensions&format=csvfilewithlabels",2026-08-12
2014,C,Commitments,331,385.707876,true,3813.101379,100 - Official Development Assistance,constant prices,2024,USD millions,United States,Developing countries,"https://sdmx.oecd.org/dcd-public/rest/data/OECD.DCD.FSD,DSD_CRS@DF_CRS,1.6/USA.DPGC.210%2B220%2B230%2B240%2B250%2B310%2B320%2B331%2B332.100._T._T.C%2BD.Q._T..USD?startPeriod=2002&endPeriod=2024&dimensionAtObservation=AllDimensions&format=csvfilewithlabels",2026-08-12
2014,C,Commitments,332,0.760338,true,3813.101379,100 - Official Development Assistance,constant prices,2024,USD millions,United States,Developing countries,"https://sdmx.oecd.org/dcd-public/rest/data/OECD.DCD.FSD,DSD_CRS@DF_CRS,1.6/USA.DPGC.210%2B220%2B230%2B240%2B250%2B310%2B320%2B331%2B332.100._T._T.C%2BD.Q._T..USD?startPeriod=2002&endPeriod=2024&dimensionAtObservation=AllDimensions&format=csvfilewithlabels",2026-08-12
2014,D,Disbursements,210,761.313223,true,4119.421851,100 - Official Development Assistance,constant prices,2024,USD millions,United States,Developing countries,"https://sdmx.oecd.org/dcd-public/rest/data/OECD.DCD.FSD,DSD_CRS@DF_CRS,1.6/USA.DPGC.210%2B220%2B230%2B240%2B250%2B310%2B320%2B331%2B332.100._T._T.C%2BD.Q._T..USD?startPeriod=2002&endPeriod=2024&dimensionAtObservation=AllDimensions&format=csvfilewithlabels",2026-08-12
2014,D,Disbursements,220,12.899402,true,4119.421851,100 - Official Development Assistance,constant prices,2024,USD millions,United States,Developing countries,"https://sdmx.oecd.org/dcd-public/rest/data/OECD.DCD.FSD,DSD_CRS@DF_CRS,1.6/USA.DPGC.210%2B220%2B230%2B240%2B250%2B310%2B320%2B331%2B332.100._T._T.C%2BD.Q._T..USD?startPeriod=2002&endPeriod=2024&dimensionAtObservation=AllDimensions&format=csvfilewithlabels",2026-08-12
2014,D,Disbursements,230,518.893278,true,4119.421851,100 - Official Development Assistance,constant prices,2024,USD millions,United States,Developing countries,"https://sdmx.oecd.org/dcd-public/rest/data/OECD.DCD.FSD,DSD_CRS@DF_CRS,1.6/USA.DPGC.210%2B220%2B230%2B240%2B250%2B310%2B320%2B331%2B332.100._T._T.C%2BD.Q._T..USD?startPeriod=2002&endPeriod=2024&dimensionAtObservation=AllDimensions&format=csvfilewithlabels",2026-08-12
2014,D,Disbursements,240,105.430111,true,4119.421851,100 - Official Development Assistance,constant prices,2024,USD millions,United States,Developing countries,"https://sdmx.oecd.org/dcd-public/rest/data/OECD.DCD.FSD,DSD_CRS@DF_CRS,1.6/USA.DPGC.210%2B220%2B230%2B240%2B250%2B310%2B320%2B331%2B332.100._T._T.C%2BD.Q._T..USD?startPeriod=2002&endPeriod=2024&dimensionAtObservation=AllDimensions&format=csvfilewithlabels",2026-08-12
2014,D,Disbursements,250,509.565889,true,4119.421851,100 - Official Development Assistance,constant prices,2024,USD millions,United States,Developing countries,"https://sdmx.oecd.org/dcd-public/rest/data/OECD.DCD.FSD,DSD_CRS@DF_CRS,1.6/USA.DPGC.210%2B220%2B230%2B240%2B250%2B310%2B320%2B331%2B332.100._T._T.C%2BD.Q._T..USD?startPeriod=2002&endPeriod=2024&dimensionAtObservation=AllDimensions&format=csvfilewithlabels",2026-08-12
2014,D,Disbursements,310,1755.569785,true,4119.421851,100 - Official Development Assistance,constant prices,2024,USD millions,United States,Developing countries,"https://sdmx.oecd.org/dcd-public/rest/data/OECD.DCD.FSD,DSD_CRS@DF_CRS,1.6/USA.DPGC.210%2B220%2B230%2B240%2B250%2B310%2B320%2B331%2B332.100._T._T.C%2BD.Q._T..USD?startPeriod=2002&endPeriod=2024&dimensionAtObservation=AllDimensions&format=csvfilewithlabels",2026-08-12
2014,D,Disbursements,320,106.194785,true,4119.421851,100 - Official Development Assistance,constant prices,2024,USD millions,United States,Developing countries,"https://sdmx.oecd.org/dcd-public/rest/data/OECD.DCD.FSD,DSD_CRS@DF_CRS,1.6/USA.DPGC.210%2B220%2B230%2B240%2B250%2B310%2B320%2B331%2B332.100._T._T.C%2BD.Q._T..USD?startPeriod=2002&endPeriod=2024&dimensionAtObservation=AllDimensions&format=csvfilewithlabels",2026-08-12
2014,D,Disbursements,331,304.527788,true,4119.421851,100 - Official Development Assistance,constant prices,2024,USD millions,United States,Developing countries,"https://sdmx.oecd.org/dcd-public/rest/data/OECD.DCD.FSD,DSD_CRS@DF_CRS,1.6/USA.DPGC.210%2B220%2B230%2B240%2B250%2B310%2B320%2B331%2B332.100._T._T.C%2BD.Q._T..USD?startPeriod=2002&endPeriod=2024&dimensionAtObservation=AllDimensions&format=csvfilewithlabels",2026-08-12
2014,D,Disbursements,332,45.02759,true,4119.421851,100 - Official Development Assistance,constant prices,2024,USD millions,United States,Developing countries,"https://sdmx.oecd.org/dcd-public/rest/data/OECD.DCD.FSD,DSD_CRS@DF_CRS,1.6/USA.DPGC.210%2B220%2B230%2B240%2B250%2B310%2B320%2B331%2B332.100._T._T.C%2BD.Q._T..USD?startPeriod=2002&endPeriod=2024&dimensionAtObservation=AllDimensions&format=csvfilewithlabels",2026-08-12
2015,C,Commitments,210,354.143314,true,4363.243753,100 - Official Development Assistance,constant prices,2024,USD millions,United States,Developing countries,"https://sdmx.oecd.org/dcd-public/rest/data/OECD.DCD.FSD,DSD_CRS@DF_CRS,1.6/USA.DPGC.210%2B220%2B230%2B240%2B250%2B310%2B320%2B331%2B332.100._T._T.C%2BD.Q._T..USD?startPeriod=2002&endPeriod=2024&dimensionAtObservation=AllDimensions&format=csvfilewithlabels",2026-08-12
2015,C,Commitments,220,8.694004,true,4363.243753,100 - Official Development Assistance,constant prices,2024,USD millions,United States,Developing countries,"https://sdmx.oecd.org/dcd-public/rest/data/OECD.DCD.FSD,DSD_CRS@DF_CRS,1.6/USA.DPGC.210%2B220%2B230%2B240%2B250%2B310%2B320%2B331%2B332.100._T._T.C%2BD.Q._T..USD?startPeriod=2002&endPeriod=2024&dimensionAtObservation=AllDimensions&format=csvfilewithlabels",2026-08-12
2015,C,Commitments,230,1183.83602,true,4363.243753,100 - Official Development Assistance,constant prices,2024,USD millions,United States,Developing countries,"https://sdmx.oecd.org/dcd-public/rest/data/OECD.DCD.FSD,DSD_CRS@DF_CRS,1.6/USA.DPGC.210%2B220%2B230%2B240%2B250%2B310%2B320%2B331%2B332.100._T._T.C%2BD.Q._T..USD?startPeriod=2002&endPeriod=2024&dimensionAtObservation=AllDimensions&format=csvfilewithlabels",2026-08-12
2015,C,Commitments,240,136.801648,true,4363.243753,100 - Official Development Assistance,constant prices,2024,USD millions,United States,Developing countries,"https://sdmx.oecd.org/dcd-public/rest/data/OECD.DCD.FSD,DSD_CRS@DF_CRS,1.6/USA.DPGC.210%2B220%2B230%2B240%2B250%2B310%2B320%2B331%2B332.100._T._T.C%2BD.Q._T..USD?startPeriod=2002&endPeriod=2024&dimensionAtObservation=AllDimensions&format=csvfilewithlabels",2026-08-12
2015,C,Commitments,250,398.256998,true,4363.243753,100 - Official Development Assistance,constant prices,2024,USD millions,United States,Developing countries,"https://sdmx.oecd.org/dcd-public/rest/data/OECD.DCD.FSD,DSD_CRS@DF_CRS,1.6/USA.DPGC.210%2B220%2B230%2B240%2B250%2B310%2B320%2B331%2B332.100._T._T.C%2BD.Q._T..USD?startPeriod=2002&endPeriod=2024&dimensionAtObservation=AllDimensions&format=csvfilewithlabels",2026-08-12
2015,C,Commitments,310,1909.780985,true,4363.243753,100 - Official Development Assistance,constant prices,2024,USD millions,United States,Developing countries,"https://sdmx.oecd.org/dcd-public/rest/data/OECD.DCD.FSD,DSD_CRS@DF_CRS,1.6/USA.DPGC.210%2B220%2B230%2B240%2B250%2B310%2B320%2B331%2B332.100._T._T.C%2BD.Q._T..USD?startPeriod=2002&endPeriod=2024&dimensionAtObservation=AllDimensions&format=csvfilewithlabels",2026-08-12
2015,C,Commitments,320,129.518232,true,4363.243753,100 - Official Development Assistance,constant prices,2024,USD millions,United States,Developing countries,"https://sdmx.oecd.org/dcd-public/rest/data/OECD.DCD.FSD,DSD_CRS@DF_CRS,1.6/USA.DPGC.210%2B220%2B230%2B240%2B250%2B310%2B320%2B331%2B332.100._T._T.C%2BD.Q._T..USD?startPeriod=2002&endPeriod=2024&dimensionAtObservation=AllDimensions&format=csvfilewithlabels",2026-08-12
2015,C,Commitments,331,241.816919,true,4363.243753,100 - Official Development Assistance,constant prices,2024,USD millions,United States,Developing countries,"https://sdmx.oecd.org/dcd-public/rest/data/OECD.DCD.FSD,DSD_CRS@DF_CRS,1.6/USA.DPGC.210%2B220%2B230%2B240%2B250%2B310%2B320%2B331%2B332.100._T._T.C%2BD.Q._T..USD?startPeriod=2002&endPeriod=2024&dimensionAtObservation=AllDimensions&format=csvfilewithlabels",2026-08-12
2015,C,Commitments,332,0.395633,true,4363.243753,100 - Official Development Assistance,constant prices,2024,USD millions,United States,Developing countries,"https://sdmx.oecd.org/dcd-public/rest/data/OECD.DCD.FSD,DSD_CRS@DF_CRS,1.6/USA.DPGC.210%2B220%2B230%2B240%2B250%2B310%2B320%2B331%2B332.100._T._T.C%2BD.Q._T..USD?startPeriod=2002&endPeriod=2024&dimensionAtObservation=AllDimensions&format=csvfilewithlabels",2026-08-12
2015,D,Disbursements,210,504.162785,true,3656.023642,100 - Official Development Assistance,constant prices,2024,USD millions,United States,Developing countries,"https://sdmx.oecd.org/dcd-public/rest/data/OECD.DCD.FSD,DSD_CRS@DF_CRS,1.6/USA.DPGC.210%2B220%2B230%2B240%2B250%2B310%2B320%2B331%2B332.100._T._T.C%2BD.Q._T..USD?startPeriod=2002&endPeriod=2024&dimensionAtObservation=AllDimensions&format=csvfilewithlabels",2026-08-12
2015,D,Disbursements,220,9.466916,true,3656.023642,100 - Official Development Assistance,constant prices,2024,USD millions,United States,Developing countries,"https://sdmx.oecd.org/dcd-public/rest/data/OECD.DCD.FSD,DSD_CRS@DF_CRS,1.6/USA.DPGC.210%2B220%2B230%2B240%2B250%2B310%2B320%2B331%2B332.100._T._T.C%2BD.Q._T..USD?startPeriod=2002&endPeriod=2024&dimensionAtObservation=AllDimensions&format=csvfilewithlabels",2026-08-12
2015,D,Disbursements,230,552.760553,true,3656.023642,100 - Official Development Assistance,constant prices,2024,USD millions,United States,Developing countries,"https://sdmx.oecd.org/dcd-public/rest/data/OECD.DCD.FSD,DSD_CRS@DF_CRS,1.6/USA.DPGC.210%2B220%2B230%2B240%2B250%2B310%2B320%2B331%2B332.100._T._T.C%2BD.Q._T..USD?startPeriod=2002&endPeriod=2024&dimensionAtObservation=AllDimensions&format=csvfilewithlabels",2026-08-12
2015,D,Disbursements,240,96.622224,true,3656.023642,100 - Official Development Assistance,constant prices,2024,USD millions,United States,Developing countries,"https://sdmx.oecd.org/dcd-public/rest/data/OECD.DCD.FSD,DSD_CRS@DF_CRS,1.6/USA.DPGC.210%2B220%2B230%2B240%2B250%2B310%2B320%2B331%2B332.100._T._T.C%2BD.Q._T..USD?startPeriod=2002&endPeriod=2024&dimensionAtObservation=AllDimensions&format=csvfilewithlabels",2026-08-12
2015,D,Disbursements,250,342.973049,true,3656.023642,100 - Official Development Assistance,constant prices,2024,USD millions,United States,Developing countries,"https://sdmx.oecd.org/dcd-public/rest/data/OECD.DCD.FSD,DSD_CRS@DF_CRS,1.6/USA.DPGC.210%2B220%2B230%2B240%2B250%2B310%2B320%2B331%2B332.100._T._T.C%2BD.Q._T..USD?startPeriod=2002&endPeriod=2024&dimensionAtObservation=AllDimensions&format=csvfilewithlabels",2026-08-12
2015,D,Disbursements,310,1796.455691,true,3656.023642,100 - Official Development Assistance,constant prices,2024,USD millions,United States,Developing countries,"https://sdmx.oecd.org/dcd-public/rest/data/OECD.DCD.FSD,DSD_CRS@DF_CRS,1.6/USA.DPGC.210%2B220%2B230%2B240%2B250%2B310%2B320%2B331%2B332.100._T._T.C%2BD.Q._T..USD?startPeriod=2002&endPeriod=2024&dimensionAtObservation=AllDimensions&format=csvfilewithlabels",2026-08-12
2015,D,Disbursements,320,101.451153,true,3656.023642,100 - Official Development Assistance,constant prices,2024,USD millions,United States,Developing countries,"https://sdmx.oecd.org/dcd-public/rest/data/OECD.DCD.FSD,DSD_CRS@DF_CRS,1.6/USA.DPGC.210%2B220%2B230%2B240%2B250%2B310%2B320%2B331%2B332.100._T._T.C%2BD.Q._T..USD?startPeriod=2002&endPeriod=2024&dimensionAtObservation=AllDimensions&format=csvfilewithlabels",2026-08-12
2015,D,Disbursements,331,250.633531,true,3656.023642,100 - Official Development Assistance,constant prices,2024,USD millions,United States,Developing countries,"https://sdmx.oecd.org/dcd-public/rest/data/OECD.DCD.FSD,DSD_CRS@DF_CRS,1.6/USA.DPGC.210%2B220%2B230%2B240%2B250%2B310%2B320%2B331%2B332.100._T._T.C%2BD.Q._T..USD?startPeriod=2002&endPeriod=2024&dimensionAtObservation=AllDimensions&format=csvfilewithlabels",2026-08-12
2015,D,Disbursements,332,1.49774,true,3656.023642,100 - Official Development Assistance,constant prices,2024,USD millions,United States,Developing countries,"https://sdmx.oecd.org/dcd-public/rest/data/OECD.DCD.FSD,DSD_CRS@DF_CRS,1.6/USA.DPGC.210%2B220%2B230%2B240%2B250%2B310%2B320%2B331%2B332.100._T._T.C%2BD.Q._T..USD?startPeriod=2002&endPeriod=2024&dimensionAtObservation=AllDimensions&format=csvfilewithlabels",2026-08-12
2016,C,Commitments,210,163.853315,true,3728.103343,100 - Official Development Assistance,constant prices,2024,USD millions,United States,Developing countries,"https://sdmx.oecd.org/dcd-public/rest/data/OECD.DCD.FSD,DSD_CRS@DF_CRS,1.6/USA.DPGC.210%2B220%2B230%2B240%2B250%2B310%2B320%2B331%2B332.100._T._T.C%2BD.Q._T..USD?startPeriod=2002&endPeriod=2024&dimensionAtObservation=AllDimensions&format=csvfilewithlabels",2026-08-12
2016,C,Commitments,220,22.574016,true,3728.103343,100 - Official Development Assistance,constant prices,2024,USD millions,United States,Developing countries,"https://sdmx.oecd.org/dcd-public/rest/data/OECD.DCD.FSD,DSD_CRS@DF_CRS,1.6/USA.DPGC.210%2B220%2B230%2B240%2B250%2B310%2B320%2B331%2B332.100._T._T.C%2BD.Q._T..USD?startPeriod=2002&endPeriod=2024&dimensionAtObservation=AllDimensions&format=csvfilewithlabels",2026-08-12
2016,C,Commitments,230,1192.480517,true,3728.103343,100 - Official Development Assistance,constant prices,2024,USD millions,United States,Developing countries,"https://sdmx.oecd.org/dcd-public/rest/data/OECD.DCD.FSD,DSD_CRS@DF_CRS,1.6/USA.DPGC.210%2B220%2B230%2B240%2B250%2B310%2B320%2B331%2B332.100._T._T.C%2BD.Q._T..USD?startPeriod=2002&endPeriod=2024&dimensionAtObservation=AllDimensions&format=csvfilewithlabels",2026-08-12
2016,C,Commitments,240,155.748381,true,3728.103343,100 - Official Development Assistance,constant prices,2024,USD millions,United States,Developing countries,"https://sdmx.oecd.org/dcd-public/rest/data/OECD.DCD.FSD,DSD_CRS@DF_CRS,1.6/USA.DPGC.210%2B220%2B230%2B240%2B250%2B310%2B320%2B331%2B332.100._T._T.C%2BD.Q._T..USD?startPeriod=2002&endPeriod=2024&dimensionAtObservation=AllDimensions&format=csvfilewithlabels",2026-08-12
2016,C,Commitments,250,302.429986,true,3728.103343,100 - Official Development Assistance,constant prices,2024,USD millions,United States,Developing countries,"https://sdmx.oecd.org/dcd-public/rest/data/OECD.DCD.FSD,DSD_CRS@DF_CRS,1.6/USA.DPGC.210%2B220%2B230%2B240%2B250%2B310%2B320%2B331%2B332.100._T._T.C%2BD.Q._T..USD?startPeriod=2002&endPeriod=2024&dimensionAtObservation=AllDimensions&format=csvfilewithlabels",2026-08-12
2016,C,Commitments,310,1566.592801,true,3728.103343,100 - Official Development Assistance,constant prices,2024,USD millions,United States,Developing countries,"https://sdmx.oecd.org/dcd-public/rest/data/OECD.DCD.FSD,DSD_CRS@DF_CRS,1.6/USA.DPGC.210%2B220%2B230%2B240%2B250%2B310%2B320%2B331%2B332.100._T._T.C%2BD.Q._T..USD?startPeriod=2002&endPeriod=2024&dimensionAtObservation=AllDimensions&format=csvfilewithlabels",2026-08-12
2016,C,Commitments,320,117.339,true,3728.103343,100 - Official Development Assistance,constant prices,2024,USD millions,United States,Developing countries,"https://sdmx.oecd.org/dcd-public/rest/data/OECD.DCD.FSD,DSD_CRS@DF_CRS,1.6/USA.DPGC.210%2B220%2B230%2B240%2B250%2B310%2B320%2B331%2B332.100._T._T.C%2BD.Q._T..USD?startPeriod=2002&endPeriod=2024&dimensionAtObservation=AllDimensions&format=csvfilewithlabels",2026-08-12
2016,C,Commitments,331,206.573726,true,3728.103343,100 - Official Development Assistance,constant prices,2024,USD millions,United States,Developing countries,"https://sdmx.oecd.org/dcd-public/rest/data/OECD.DCD.FSD,DSD_CRS@DF_CRS,1.6/USA.DPGC.210%2B220%2B230%2B240%2B250%2B310%2B320%2B331%2B332.100._T._T.C%2BD.Q._T..USD?startPeriod=2002&endPeriod=2024&dimensionAtObservation=AllDimensions&format=csvfilewithlabels",2026-08-12
2016,C,Commitments,332,0.511601,true,3728.103343,100 - Official Development Assistance,constant prices,2024,USD millions,United States,Developing countries,"https://sdmx.oecd.org/dcd-public/rest/data/OECD.DCD.FSD,DSD_CRS@DF_CRS,1.6/USA.DPGC.210%2B220%2B230%2B240%2B250%2B310%2B320%2B331%2B332.100._T._T.C%2BD.Q._T..USD?startPeriod=2002&endPeriod=2024&dimensionAtObservation=AllDimensions&format=csvfilewithlabels",2026-08-12
2016,D,Disbursements,210,314.417705,true,3443.022206,100 - Official Development Assistance,constant prices,2024,USD millions,United States,Developing countries,"https://sdmx.oecd.org/dcd-public/rest/data/OECD.DCD.FSD,DSD_CRS@DF_CRS,1.6/USA.DPGC.210%2B220%2B230%2B240%2B250%2B310%2B320%2B331%2B332.100._T._T.C%2BD.Q._T..USD?startPeriod=2002&endPeriod=2024&dimensionAtObservation=AllDimensions&format=csvfilewithlabels",2026-08-12
2016,D,Disbursements,220,6.408103,true,3443.022206,100 - Official Development Assistance,constant prices,2024,USD millions,United States,Developing countries,"https://sdmx.oecd.org/dcd-public/rest/data/OECD.DCD.FSD,DSD_CRS@DF_CRS,1.6/USA.DPGC.210%2B220%2B230%2B240%2B250%2B310%2B320%2B331%2B332.100._T._T.C%2BD.Q._T..USD?startPeriod=2002&endPeriod=2024&dimensionAtObservation=AllDimensions&format=csvfilewithlabels",2026-08-12
2016,D,Disbursements,230,634.173943,true,3443.022206,100 - Official Development Assistance,constant prices,2024,USD millions,United States,Developing countries,"https://sdmx.oecd.org/dcd-public/rest/data/OECD.DCD.FSD,DSD_CRS@DF_CRS,1.6/USA.DPGC.210%2B220%2B230%2B240%2B250%2B310%2B320%2B331%2B332.100._T._T.C%2BD.Q._T..USD?startPeriod=2002&endPeriod=2024&dimensionAtObservation=AllDimensions&format=csvfilewithlabels",2026-08-12
2016,D,Disbursements,240,178.352698,true,3443.022206,100 - Official Development Assistance,constant prices,2024,USD millions,United States,Developing countries,"https://sdmx.oecd.org/dcd-public/rest/data/OECD.DCD.FSD,DSD_CRS@DF_CRS,1.6/USA.DPGC.210%2B220%2B230%2B240%2B250%2B310%2B320%2B331%2B332.100._T._T.C%2BD.Q._T..USD?startPeriod=2002&endPeriod=2024&dimensionAtObservation=AllDimensions&format=csvfilewithlabels",2026-08-12
2016,D,Disbursements,250,265.394936,true,3443.022206,100 - Official Development Assistance,constant prices,2024,USD millions,United States,Developing countries,"https://sdmx.oecd.org/dcd-public/rest/data/OECD.DCD.FSD,DSD_CRS@DF_CRS,1.6/USA.DPGC.210%2B220%2B230%2B240%2B250%2B310%2B320%2B331%2B332.100._T._T.C%2BD.Q._T..USD?startPeriod=2002&endPeriod=2024&dimensionAtObservation=AllDimensions&format=csvfilewithlabels",2026-08-12
2016,D,Disbursements,310,1753.07349,true,3443.022206,100 - Official Development Assistance,constant prices,2024,USD millions,United States,Developing countries,"https://sdmx.oecd.org/dcd-public/rest/data/OECD.DCD.FSD,DSD_CRS@DF_CRS,1.6/USA.DPGC.210%2B220%2B230%2B240%2B250%2B310%2B320%2B331%2B332.100._T._T.C%2BD.Q._T..USD?startPeriod=2002&endPeriod=2024&dimensionAtObservation=AllDimensions&format=csvfilewithlabels",2026-08-12
2016,D,Disbursements,320,143.118551,true,3443.022206,100 - Official Development Assistance,constant prices,2024,USD millions,United States,Developing countries,"https://sdmx.oecd.org/dcd-public/rest/data/OECD.DCD.FSD,DSD_CRS@DF_CRS,1.6/USA.DPGC.210%2B220%2B230%2B240%2B250%2B310%2B320%2B331%2B332.100._T._T.C%2BD.Q._T..USD?startPeriod=2002&endPeriod=2024&dimensionAtObservation=AllDimensions&format=csvfilewithlabels",2026-08-12
2016,D,Disbursements,331,147.350081,true,3443.022206,100 - Official Development Assistance,constant prices,2024,USD millions,United States,Developing countries,"https://sdmx.oecd.org/dcd-public/rest/data/OECD.DCD.FSD,DSD_CRS@DF_CRS,1.6/USA.DPGC.210%2B220%2B230%2B240%2B250%2B310%2B320%2B331%2B332.100._T._T.C%2BD.Q._T..USD?startPeriod=2002&endPeriod=2024&dimensionAtObservation=AllDimensions&format=csvfilewithlabels",2026-08-12
2016,D,Disbursements,332,0.732699,true,3443.022206,100 - Official Development Assistance,constant prices,2024,USD millions,United States,Developing countries,"https://sdmx.oecd.org/dcd-public/rest/data/OECD.DCD.FSD,DSD_CRS@DF_CRS,1.6/USA.DPGC.210%2B220%2B230%2B240%2B250%2B310%2B320%2B331%2B332.100._T._T.C%2BD.Q._T..USD?startPeriod=2002&endPeriod=2024&dimensionAtObservation=AllDimensions&format=csvfilewithlabels",2026-08-12
2017,C,Commitments,210,165.77895,true,3031.440154,100 - Official Development Assistance,constant prices,2024,USD millions,United States,Developing countries,"https://sdmx.oecd.org/dcd-public/rest/data/OECD.DCD.FSD,DSD_CRS@DF_CRS,1.6/USA.DPGC.210%2B220%2B230%2B240%2B250%2B310%2B320%2B331%2B332.100._T._T.C%2BD.Q._T..USD?startPeriod=2002&endPeriod=2024&dimensionAtObservation=AllDimensions&format=csvfilewithlabels",2026-08-12
2017,C,Commitments,220,6.612274,true,3031.440154,100 - Official Development Assistance,constant prices,2024,USD millions,United States,Developing countries,"https://sdmx.oecd.org/dcd-public/rest/data/OECD.DCD.FSD,DSD_CRS@DF_CRS,1.6/USA.DPGC.210%2B220%2B230%2B240%2B250%2B310%2B320%2B331%2B332.100._T._T.C%2BD.Q._T..USD?startPeriod=2002&endPeriod=2024&dimensionAtObservation=AllDimensions&format=csvfilewithlabels",2026-08-12
2017,C,Commitments,230,981.088663,true,3031.440154,100 - Official Development Assistance,constant prices,2024,USD millions,United States,Developing countries,"https://sdmx.oecd.org/dcd-public/rest/data/OECD.DCD.FSD,DSD_CRS@DF_CRS,1.6/USA.DPGC.210%2B220%2B230%2B240%2B250%2B310%2B320%2B331%2B332.100._T._T.C%2BD.Q._T..USD?startPeriod=2002&endPeriod=2024&dimensionAtObservation=AllDimensions&format=csvfilewithlabels",2026-08-12
2017,C,Commitments,240,105.145076,true,3031.440154,100 - Official Development Assistance,constant prices,2024,USD millions,United States,Developing countries,"https://sdmx.oecd.org/dcd-public/rest/data/OECD.DCD.FSD,DSD_CRS@DF_CRS,1.6/USA.DPGC.210%2B220%2B230%2B240%2B250%2B310%2B320%2B331%2B332.100._T._T.C%2BD.Q._T..USD?startPeriod=2002&endPeriod=2024&dimensionAtObservation=AllDimensions&format=csvfilewithlabels",2026-08-12
2017,C,Commitments,250,296.443064,true,3031.440154,100 - Official Development Assistance,constant prices,2024,USD millions,United States,Developing countries,"https://sdmx.oecd.org/dcd-public/rest/data/OECD.DCD.FSD,DSD_CRS@DF_CRS,1.6/USA.DPGC.210%2B220%2B230%2B240%2B250%2B310%2B320%2B331%2B332.100._T._T.C%2BD.Q._T..USD?startPeriod=2002&endPeriod=2024&dimensionAtObservation=AllDimensions&format=csvfilewithlabels",2026-08-12
2017,C,Commitments,310,1161.051987,true,3031.440154,100 - Official Development Assistance,constant prices,2024,USD millions,United States,Developing countries,"https://sdmx.oecd.org/dcd-public/rest/data/OECD.DCD.FSD,DSD_CRS@DF_CRS,1.6/USA.DPGC.210%2B220%2B230%2B240%2B250%2B310%2B320%2B331%2B332.100._T._T.C%2BD.Q._T..USD?startPeriod=2002&endPeriod=2024&dimensionAtObservation=AllDimensions&format=csvfilewithlabels",2026-08-12
2017,C,Commitments,320,74.315466,true,3031.440154,100 - Official Development Assistance,constant prices,2024,USD millions,United States,Developing countries,"https://sdmx.oecd.org/dcd-public/rest/data/OECD.DCD.FSD,DSD_CRS@DF_CRS,1.6/USA.DPGC.210%2B220%2B230%2B240%2B250%2B310%2B320%2B331%2B332.100._T._T.C%2BD.Q._T..USD?startPeriod=2002&endPeriod=2024&dimensionAtObservation=AllDimensions&format=csvfilewithlabels",2026-08-12
2017,C,Commitments,331,240.606466,true,3031.440154,100 - Official Development Assistance,constant prices,2024,USD millions,United States,Developing countries,"https://sdmx.oecd.org/dcd-public/rest/data/OECD.DCD.FSD,DSD_CRS@DF_CRS,1.6/USA.DPGC.210%2B220%2B230%2B240%2B250%2B310%2B320%2B331%2B332.100._T._T.C%2BD.Q._T..USD?startPeriod=2002&endPeriod=2024&dimensionAtObservation=AllDimensions&format=csvfilewithlabels",2026-08-12
2017,C,Commitments,332,0.398208,true,3031.440154,100 - Official Development Assistance,constant prices,2024,USD millions,United States,Developing countries,"https://sdmx.oecd.org/dcd-public/rest/data/OECD.DCD.FSD,DSD_CRS@DF_CRS,1.6/USA.DPGC.210%2B220%2B230%2B240%2B250%2B310%2B320%2B331%2B332.100._T._T.C%2BD.Q._T..USD?startPeriod=2002&endPeriod=2024&dimensionAtObservation=AllDimensions&format=csvfilewithlabels",2026-08-12
2017,D,Disbursements,210,111.704087,true,3019.066690,100 - Official Development Assistance,constant prices,2024,USD millions,United States,Developing countries,"https://sdmx.oecd.org/dcd-public/rest/data/OECD.DCD.FSD,DSD_CRS@DF_CRS,1.6/USA.DPGC.210%2B220%2B230%2B240%2B250%2B310%2B320%2B331%2B332.100._T._T.C%2BD.Q._T..USD?startPeriod=2002&endPeriod=2024&dimensionAtObservation=AllDimensions&format=csvfilewithlabels",2026-08-12
2017,D,Disbursements,220,16.771798,true,3019.066690,100 - Official Development Assistance,constant prices,2024,USD millions,United States,Developing countries,"https://sdmx.oecd.org/dcd-public/rest/data/OECD.DCD.FSD,DSD_CRS@DF_CRS,1.6/USA.DPGC.210%2B220%2B230%2B240%2B250%2B310%2B320%2B331%2B332.100._T._T.C%2BD.Q._T..USD?startPeriod=2002&endPeriod=2024&dimensionAtObservation=AllDimensions&format=csvfilewithlabels",2026-08-12
2017,D,Disbursements,230,633.667973,true,3019.066690,100 - Official Development Assistance,constant prices,2024,USD millions,United States,Developing countries,"https://sdmx.oecd.org/dcd-public/rest/data/OECD.DCD.FSD,DSD_CRS@DF_CRS,1.6/USA.DPGC.210%2B220%2B230%2B240%2B250%2B310%2B320%2B331%2B332.100._T._T.C%2BD.Q._T..USD?startPeriod=2002&endPeriod=2024&dimensionAtObservation=AllDimensions&format=csvfilewithlabels",2026-08-12
2017,D,Disbursements,240,117.267588,true,3019.066690,100 - Official Development Assistance,constant prices,2024,USD millions,United States,Developing countries,"https://sdmx.oecd.org/dcd-public/rest/data/OECD.DCD.FSD,DSD_CRS@DF_CRS,1.6/USA.DPGC.210%2B220%2B230%2B240%2B250%2B310%2B320%2B331%2B332.100._T._T.C%2BD.Q._T..USD?startPeriod=2002&endPeriod=2024&dimensionAtObservation=AllDimensions&format=csvfilewithlabels",2026-08-12
2017,D,Disbursements,250,300.237687,true,3019.066690,100 - Official Development Assistance,constant prices,2024,USD millions,United States,Developing countries,"https://sdmx.oecd.org/dcd-public/rest/data/OECD.DCD.FSD,DSD_CRS@DF_CRS,1.6/USA.DPGC.210%2B220%2B230%2B240%2B250%2B310%2B320%2B331%2B332.100._T._T.C%2BD.Q._T..USD?startPeriod=2002&endPeriod=2024&dimensionAtObservation=AllDimensions&format=csvfilewithlabels",2026-08-12
2017,D,Disbursements,310,1458.384614,true,3019.066690,100 - Official Development Assistance,constant prices,2024,USD millions,United States,Developing countries,"https://sdmx.oecd.org/dcd-public/rest/data/OECD.DCD.FSD,DSD_CRS@DF_CRS,1.6/USA.DPGC.210%2B220%2B230%2B240%2B250%2B310%2B320%2B331%2B332.100._T._T.C%2BD.Q._T..USD?startPeriod=2002&endPeriod=2024&dimensionAtObservation=AllDimensions&format=csvfilewithlabels",2026-08-12
2017,D,Disbursements,320,105.179214,true,3019.066690,100 - Official Development Assistance,constant prices,2024,USD millions,United States,Developing countries,"https://sdmx.oecd.org/dcd-public/rest/data/OECD.DCD.FSD,DSD_CRS@DF_CRS,1.6/USA.DPGC.210%2B220%2B230%2B240%2B250%2B310%2B320%2B331%2B332.100._T._T.C%2BD.Q._T..USD?startPeriod=2002&endPeriod=2024&dimensionAtObservation=AllDimensions&format=csvfilewithlabels",2026-08-12
2017,D,Disbursements,331,275.264668,true,3019.066690,100 - Official Development Assistance,constant prices,2024,USD millions,United States,Developing countries,"https://sdmx.oecd.org/dcd-public/rest/data/OECD.DCD.FSD,DSD_CRS@DF_CRS,1.6/USA.DPGC.210%2B220%2B230%2B240%2B250%2B310%2B320%2B331%2B332.100._T._T.C%2BD.Q._T..USD?startPeriod=2002&endPeriod=2024&dimensionAtObservation=AllDimensions&format=csvfilewithlabels",2026-08-12
2017,D,Disbursements,332,0.589061,true,3019.066690,100 - Official Development Assistance,constant prices,2024,USD millions,United States,Developing countries,"https://sdmx.oecd.org/dcd-public/rest/data/OECD.DCD.FSD,DSD_CRS@DF_CRS,1.6/USA.DPGC.210%2B220%2B230%2B240%2B250%2B310%2B320%2B331%2B332.100._T._T.C%2BD.Q._T..USD?startPeriod=2002&endPeriod=2024&dimensionAtObservation=AllDimensions&format=csvfilewithlabels",2026-08-12
2018,C,Commitments,210,206.927238,true,3020.023670,100 - Official Development Assistance,constant prices,2024,USD millions,United States,Developing countries,"https://sdmx.oecd.org/dcd-public/rest/data/OECD.DCD.FSD,DSD_CRS@DF_CRS,1.6/USA.DPGC.210%2B220%2B230%2B240%2B250%2B310%2B320%2B331%2B332.100._T._T.C%2BD.Q._T..USD?startPeriod=2002&endPeriod=2024&dimensionAtObservation=AllDimensions&format=csvfilewithlabels",2026-08-12
2018,C,Commitments,220,4.548979,true,3020.023670,100 - Official Development Assistance,constant prices,2024,USD millions,United States,Developing countries,"https://sdmx.oecd.org/dcd-public/rest/data/OECD.DCD.FSD,DSD_CRS@DF_CRS,1.6/USA.DPGC.210%2B220%2B230%2B240%2B250%2B310%2B320%2B331%2B332.100._T._T.C%2BD.Q._T..USD?startPeriod=2002&endPeriod=2024&dimensionAtObservation=AllDimensions&format=csvfilewithlabels",2026-08-12
2018,C,Commitments,230,564.132451,true,3020.023670,100 - Official Development Assistance,constant prices,2024,USD millions,United States,Developing countries,"https://sdmx.oecd.org/dcd-public/rest/data/OECD.DCD.FSD,DSD_CRS@DF_CRS,1.6/USA.DPGC.210%2B220%2B230%2B240%2B250%2B310%2B320%2B331%2B332.100._T._T.C%2BD.Q._T..USD?startPeriod=2002&endPeriod=2024&dimensionAtObservation=AllDimensions&format=csvfilewithlabels",2026-08-12
2018,C,Commitments,240,120.342737,true,3020.023670,100 - Official Development Assistance,constant prices,2024,USD millions,United States,Developing countries,"https://sdmx.oecd.org/dcd-public/rest/data/OECD.DCD.FSD,DSD_CRS@DF_CRS,1.6/USA.DPGC.210%2B220%2B230%2B240%2B250%2B310%2B320%2B331%2B332.100._T._T.C%2BD.Q._T..USD?startPeriod=2002&endPeriod=2024&dimensionAtObservation=AllDimensions&format=csvfilewithlabels",2026-08-12
2018,C,Commitments,250,380.565087,true,3020.023670,100 - Official Development Assistance,constant prices,2024,USD millions,United States,Developing countries,"https://sdmx.oecd.org/dcd-public/rest/data/OECD.DCD.FSD,DSD_CRS@DF_CRS,1.6/USA.DPGC.210%2B220%2B230%2B240%2B250%2B310%2B320%2B331%2B332.100._T._T.C%2BD.Q._T..USD?startPeriod=2002&endPeriod=2024&dimensionAtObservation=AllDimensions&format=csvfilewithlabels",2026-08-12
2018,C,Commitments,310,1476.929596,true,3020.023670,100 - Official Development Assistance,constant prices,2024,USD millions,United States,Developing countries,"https://sdmx.oecd.org/dcd-public/rest/data/OECD.DCD.FSD,DSD_CRS@DF_CRS,1.6/USA.DPGC.210%2B220%2B230%2B240%2B250%2B310%2B320%2B331%2B332.100._T._T.C%2BD.Q._T..USD?startPeriod=2002&endPeriod=2024&dimensionAtObservation=AllDimensions&format=csvfilewithlabels",2026-08-12
2018,C,Commitments,320,13.082127,true,3020.023670,100 - Official Development Assistance,constant prices,2024,USD millions,United States,Developing countries,"https://sdmx.oecd.org/dcd-public/rest/data/OECD.DCD.FSD,DSD_CRS@DF_CRS,1.6/USA.DPGC.210%2B220%2B230%2B240%2B250%2B310%2B320%2B331%2B332.100._T._T.C%2BD.Q._T..USD?startPeriod=2002&endPeriod=2024&dimensionAtObservation=AllDimensions&format=csvfilewithlabels",2026-08-12
2018,C,Commitments,331,253.464849,true,3020.023670,100 - Official Development Assistance,constant prices,2024,USD millions,United States,Developing countries,"https://sdmx.oecd.org/dcd-public/rest/data/OECD.DCD.FSD,DSD_CRS@DF_CRS,1.6/USA.DPGC.210%2B220%2B230%2B240%2B250%2B310%2B320%2B331%2B332.100._T._T.C%2BD.Q._T..USD?startPeriod=2002&endPeriod=2024&dimensionAtObservation=AllDimensions&format=csvfilewithlabels",2026-08-12
2018,C,Commitments,332,0.030606,true,3020.023670,100 - Official Development Assistance,constant prices,2024,USD millions,United States,Developing countries,"https://sdmx.oecd.org/dcd-public/rest/data/OECD.DCD.FSD,DSD_CRS@DF_CRS,1.6/USA.DPGC.210%2B220%2B230%2B240%2B250%2B310%2B320%2B331%2B332.100._T._T.C%2BD.Q._T..USD?startPeriod=2002&endPeriod=2024&dimensionAtObservation=AllDimensions&format=csvfilewithlabels",2026-08-12
2018,D,Disbursements,210,107.782534,true,2670.929503,100 - Official Development Assistance,constant prices,2024,USD millions,United States,Developing countries,"https://sdmx.oecd.org/dcd-public/rest/data/OECD.DCD.FSD,DSD_CRS@DF_CRS,1.6/USA.DPGC.210%2B220%2B230%2B240%2B250%2B310%2B320%2B331%2B332.100._T._T.C%2BD.Q._T..USD?startPeriod=2002&endPeriod=2024&dimensionAtObservation=AllDimensions&format=csvfilewithlabels",2026-08-12
2018,D,Disbursements,220,12.764935,true,2670.929503,100 - Official Development Assistance,constant prices,2024,USD millions,United States,Developing countries,"https://sdmx.oecd.org/dcd-public/rest/data/OECD.DCD.FSD,DSD_CRS@DF_CRS,1.6/USA.DPGC.210%2B220%2B230%2B240%2B250%2B310%2B320%2B331%2B332.100._T._T.C%2BD.Q._T..USD?startPeriod=2002&endPeriod=2024&dimensionAtObservation=AllDimensions&format=csvfilewithlabels",2026-08-12
2018,D,Disbursements,230,613.024169,true,2670.929503,100 - Official Development Assistance,constant prices,2024,USD millions,United States,Developing countries,"https://sdmx.oecd.org/dcd-public/rest/data/OECD.DCD.FSD,DSD_CRS@DF_CRS,1.6/USA.DPGC.210%2B220%2B230%2B240%2B250%2B310%2B320%2B331%2B332.100._T._T.C%2BD.Q._T..USD?startPeriod=2002&endPeriod=2024&dimensionAtObservation=AllDimensions&format=csvfilewithlabels",2026-08-12
2018,D,Disbursements,240,124.615861,true,2670.929503,100 - Official Development Assistance,constant prices,2024,USD millions,United States,Developing countries,"https://sdmx.oecd.org/dcd-public/rest/data/OECD.DCD.FSD,DSD_CRS@DF_CRS,1.6/USA.DPGC.210%2B220%2B230%2B240%2B250%2B310%2B320%2B331%2B332.100._T._T.C%2BD.Q._T..USD?startPeriod=2002&endPeriod=2024&dimensionAtObservation=AllDimensions&format=csvfilewithlabels",2026-08-12
2018,D,Disbursements,250,294.082586,true,2670.929503,100 - Official Development Assistance,constant prices,2024,USD millions,United States,Developing countries,"https://sdmx.oecd.org/dcd-public/rest/data/OECD.DCD.FSD,DSD_CRS@DF_CRS,1.6/USA.DPGC.210%2B220%2B230%2B240%2B250%2B310%2B320%2B331%2B332.100._T._T.C%2BD.Q._T..USD?startPeriod=2002&endPeriod=2024&dimensionAtObservation=AllDimensions&format=csvfilewithlabels",2026-08-12
2018,D,Disbursements,310,1258.671718,true,2670.929503,100 - Official Development Assistance,constant prices,2024,USD millions,United States,Developing countries,"https://sdmx.oecd.org/dcd-public/rest/data/OECD.DCD.FSD,DSD_CRS@DF_CRS,1.6/USA.DPGC.210%2B220%2B230%2B240%2B250%2B310%2B320%2B331%2B332.100._T._T.C%2BD.Q._T..USD?startPeriod=2002&endPeriod=2024&dimensionAtObservation=AllDimensions&format=csvfilewithlabels",2026-08-12
2018,D,Disbursements,320,69.542791,true,2670.929503,100 - Official Development Assistance,constant prices,2024,USD millions,United States,Developing countries,"https://sdmx.oecd.org/dcd-public/rest/data/OECD.DCD.FSD,DSD_CRS@DF_CRS,1.6/USA.DPGC.210%2B220%2B230%2B240%2B250%2B310%2B320%2B331%2B332.100._T._T.C%2BD.Q._T..USD?startPeriod=2002&endPeriod=2024&dimensionAtObservation=AllDimensions&format=csvfilewithlabels",2026-08-12
2018,D,Disbursements,331,190.420385,true,2670.929503,100 - Official Development Assistance,constant prices,2024,USD millions,United States,Developing countries,"https://sdmx.oecd.org/dcd-public/rest/data/OECD.DCD.FSD,DSD_CRS@DF_CRS,1.6/USA.DPGC.210%2B220%2B230%2B240%2B250%2B310%2B320%2B331%2B332.100._T._T.C%2BD.Q._T..USD?startPeriod=2002&endPeriod=2024&dimensionAtObservation=AllDimensions&format=csvfilewithlabels",2026-08-12
2018,D,Disbursements,332,0.024524,true,2670.929503,100 - Official Development Assistance,constant prices,2024,USD millions,United States,Developing countries,"https://sdmx.oecd.org/dcd-public/rest/data/OECD.DCD.FSD,DSD_CRS@DF_CRS,1.6/USA.DPGC.210%2B220%2B230%2B240%2B250%2B310%2B320%2B331%2B332.100._T._T.C%2BD.Q._T..USD?startPeriod=2002&endPeriod=2024&dimensionAtObservation=AllDimensions&format=csvfilewithlabels",2026-08-12
2019,C,Commitments,210,384.394233,true,3243.737581,100 - Official Development Assistance,constant prices,2024,USD millions,United States,Developing countries,"https://sdmx.oecd.org/dcd-public/rest/data/OECD.DCD.FSD,DSD_CRS@DF_CRS,1.6/USA.DPGC.210%2B220%2B230%2B240%2B250%2B310%2B320%2B331%2B332.100._T._T.C%2BD.Q._T..USD?startPeriod=2002&endPeriod=2024&dimensionAtObservation=AllDimensions&format=csvfilewithlabels",2026-08-12
2019,C,Commitments,220,31.681498,true,3243.737581,100 - Official Development Assistance,constant prices,2024,USD millions,United States,Developing countries,"https://sdmx.oecd.org/dcd-public/rest/data/OECD.DCD.FSD,DSD_CRS@DF_CRS,1.6/USA.DPGC.210%2B220%2B230%2B240%2B250%2B310%2B320%2B331%2B332.100._T._T.C%2BD.Q._T..USD?startPeriod=2002&endPeriod=2024&dimensionAtObservation=AllDimensions&format=csvfilewithlabels",2026-08-12
2019,C,Commitments,230,876.088647,true,3243.737581,100 - Official Development Assistance,constant prices,2024,USD millions,United States,Developing countries,"https://sdmx.oecd.org/dcd-public/rest/data/OECD.DCD.FSD,DSD_CRS@DF_CRS,1.6/USA.DPGC.210%2B220%2B230%2B240%2B250%2B310%2B320%2B331%2B332.100._T._T.C%2BD.Q._T..USD?startPeriod=2002&endPeriod=2024&dimensionAtObservation=AllDimensions&format=csvfilewithlabels",2026-08-12
2019,C,Commitments,240,92.569136,true,3243.737581,100 - Official Development Assistance,constant prices,2024,USD millions,United States,Developing countries,"https://sdmx.oecd.org/dcd-public/rest/data/OECD.DCD.FSD,DSD_CRS@DF_CRS,1.6/USA.DPGC.210%2B220%2B230%2B240%2B250%2B310%2B320%2B331%2B332.100._T._T.C%2BD.Q._T..USD?startPeriod=2002&endPeriod=2024&dimensionAtObservation=AllDimensions&format=csvfilewithlabels",2026-08-12
2019,C,Commitments,250,483.950025,true,3243.737581,100 - Official Development Assistance,constant prices,2024,USD millions,United States,Developing countries,"https://sdmx.oecd.org/dcd-public/rest/data/OECD.DCD.FSD,DSD_CRS@DF_CRS,1.6/USA.DPGC.210%2B220%2B230%2B240%2B250%2B310%2B320%2B331%2B332.100._T._T.C%2BD.Q._T..USD?startPeriod=2002&endPeriod=2024&dimensionAtObservation=AllDimensions&format=csvfilewithlabels",2026-08-12
2019,C,Commitments,310,1158.003924,true,3243.737581,100 - Official Development Assistance,constant prices,2024,USD millions,United States,Developing countries,"https://sdmx.oecd.org/dcd-public/rest/data/OECD.DCD.FSD,DSD_CRS@DF_CRS,1.6/USA.DPGC.210%2B220%2B230%2B240%2B250%2B310%2B320%2B331%2B332.100._T._T.C%2BD.Q._T..USD?startPeriod=2002&endPeriod=2024&dimensionAtObservation=AllDimensions&format=csvfilewithlabels",2026-08-12
2019,C,Commitments,320,11.309839,true,3243.737581,100 - Official Development Assistance,constant prices,2024,USD millions,United States,Developing countries,"https://sdmx.oecd.org/dcd-public/rest/data/OECD.DCD.FSD,DSD_CRS@DF_CRS,1.6/USA.DPGC.210%2B220%2B230%2B240%2B250%2B310%2B320%2B331%2B332.100._T._T.C%2BD.Q._T..USD?startPeriod=2002&endPeriod=2024&dimensionAtObservation=AllDimensions&format=csvfilewithlabels",2026-08-12
2019,C,Commitments,331,205.446801,true,3243.737581,100 - Official Development Assistance,constant prices,2024,USD millions,United States,Developing countries,"https://sdmx.oecd.org/dcd-public/rest/data/OECD.DCD.FSD,DSD_CRS@DF_CRS,1.6/USA.DPGC.210%2B220%2B230%2B240%2B250%2B310%2B320%2B331%2B332.100._T._T.C%2BD.Q._T..USD?startPeriod=2002&endPeriod=2024&dimensionAtObservation=AllDimensions&format=csvfilewithlabels",2026-08-12
2019,C,Commitments,332,0.293478,true,3243.737581,100 - Official Development Assistance,constant prices,2024,USD millions,United States,Developing countries,"https://sdmx.oecd.org/dcd-public/rest/data/OECD.DCD.FSD,DSD_CRS@DF_CRS,1.6/USA.DPGC.210%2B220%2B230%2B240%2B250%2B310%2B320%2B331%2B332.100._T._T.C%2BD.Q._T..USD?startPeriod=2002&endPeriod=2024&dimensionAtObservation=AllDimensions&format=csvfilewithlabels",2026-08-12
2019,D,Disbursements,210,117.819112,true,2474.124992,100 - Official Development Assistance,constant prices,2024,USD millions,United States,Developing countries,"https://sdmx.oecd.org/dcd-public/rest/data/OECD.DCD.FSD,DSD_CRS@DF_CRS,1.6/USA.DPGC.210%2B220%2B230%2B240%2B250%2B310%2B320%2B331%2B332.100._T._T.C%2BD.Q._T..USD?startPeriod=2002&endPeriod=2024&dimensionAtObservation=AllDimensions&format=csvfilewithlabels",2026-08-12
2019,D,Disbursements,220,7.448078,true,2474.124992,100 - Official Development Assistance,constant prices,2024,USD millions,United States,Developing countries,"https://sdmx.oecd.org/dcd-public/rest/data/OECD.DCD.FSD,DSD_CRS@DF_CRS,1.6/USA.DPGC.210%2B220%2B230%2B240%2B250%2B310%2B320%2B331%2B332.100._T._T.C%2BD.Q._T..USD?startPeriod=2002&endPeriod=2024&dimensionAtObservation=AllDimensions&format=csvfilewithlabels",2026-08-12
2019,D,Disbursements,230,516.053055,true,2474.124992,100 - Official Development Assistance,constant prices,2024,USD millions,United States,Developing countries,"https://sdmx.oecd.org/dcd-public/rest/data/OECD.DCD.FSD,DSD_CRS@DF_CRS,1.6/USA.DPGC.210%2B220%2B230%2B240%2B250%2B310%2B320%2B331%2B332.100._T._T.C%2BD.Q._T..USD?startPeriod=2002&endPeriod=2024&dimensionAtObservation=AllDimensions&format=csvfilewithlabels",2026-08-12
2019,D,Disbursements,240,219.527884,true,2474.124992,100 - Official Development Assistance,constant prices,2024,USD millions,United States,Developing countries,"https://sdmx.oecd.org/dcd-public/rest/data/OECD.DCD.FSD,DSD_CRS@DF_CRS,1.6/USA.DPGC.210%2B220%2B230%2B240%2B250%2B310%2B320%2B331%2B332.100._T._T.C%2BD.Q._T..USD?startPeriod=2002&endPeriod=2024&dimensionAtObservation=AllDimensions&format=csvfilewithlabels",2026-08-12
2019,D,Disbursements,250,347.02428,true,2474.124992,100 - Official Development Assistance,constant prices,2024,USD millions,United States,Developing countries,"https://sdmx.oecd.org/dcd-public/rest/data/OECD.DCD.FSD,DSD_CRS@DF_CRS,1.6/USA.DPGC.210%2B220%2B230%2B240%2B250%2B310%2B320%2B331%2B332.100._T._T.C%2BD.Q._T..USD?startPeriod=2002&endPeriod=2024&dimensionAtObservation=AllDimensions&format=csvfilewithlabels",2026-08-12
2019,D,Disbursements,310,1107.870176,true,2474.124992,100 - Official Development Assistance,constant prices,2024,USD millions,United States,Developing countries,"https://sdmx.oecd.org/dcd-public/rest/data/OECD.DCD.FSD,DSD_CRS@DF_CRS,1.6/USA.DPGC.210%2B220%2B230%2B240%2B250%2B310%2B320%2B331%2B332.100._T._T.C%2BD.Q._T..USD?startPeriod=2002&endPeriod=2024&dimensionAtObservation=AllDimensions&format=csvfilewithlabels",2026-08-12
2019,D,Disbursements,320,31.535655,true,2474.124992,100 - Official Development Assistance,constant prices,2024,USD millions,United States,Developing countries,"https://sdmx.oecd.org/dcd-public/rest/data/OECD.DCD.FSD,DSD_CRS@DF_CRS,1.6/USA.DPGC.210%2B220%2B230%2B240%2B250%2B310%2B320%2B331%2B332.100._T._T.C%2BD.Q._T..USD?startPeriod=2002&endPeriod=2024&dimensionAtObservation=AllDimensions&format=csvfilewithlabels",2026-08-12
2019,D,Disbursements,331,126.572443,true,2474.124992,100 - Official Development Assistance,constant prices,2024,USD millions,United States,Developing countries,"https://sdmx.oecd.org/dcd-public/rest/data/OECD.DCD.FSD,DSD_CRS@DF_CRS,1.6/USA.DPGC.210%2B220%2B230%2B240%2B250%2B310%2B320%2B331%2B332.100._T._T.C%2BD.Q._T..USD?startPeriod=2002&endPeriod=2024&dimensionAtObservation=AllDimensions&format=csvfilewithlabels",2026-08-12
2019,D,Disbursements,332,0.274309,true,2474.124992,100 - Official Development Assistance,constant prices,2024,USD millions,United States,Developing countries,"https://sdmx.oecd.org/dcd-public/rest/data/OECD.DCD.FSD,DSD_CRS@DF_CRS,1.6/USA.DPGC.210%2B220%2B230%2B240%2B250%2B310%2B320%2B331%2B332.100._T._T.C%2BD.Q._T..USD?startPeriod=2002&endPeriod=2024&dimensionAtObservation=AllDimensions&format=csvfilewithlabels",2026-08-12
2020,C,Commitments,210,40.226808,true,2336.673732,100 - Official Development Assistance,constant prices,2024,USD millions,United States,Developing countries,"https://sdmx.oecd.org/dcd-public/rest/data/OECD.DCD.FSD,DSD_CRS@DF_CRS,1.6/USA.DPGC.210%2B220%2B230%2B240%2B250%2B310%2B320%2B331%2B332.100._T._T.C%2BD.Q._T..USD?startPeriod=2002&endPeriod=2024&dimensionAtObservation=AllDimensions&format=csvfilewithlabels",2026-08-12
2020,C,Commitments,220,37.190865,true,2336.673732,100 - Official Development Assistance,constant prices,2024,USD millions,United States,Developing countries,"https://sdmx.oecd.org/dcd-public/rest/data/OECD.DCD.FSD,DSD_CRS@DF_CRS,1.6/USA.DPGC.210%2B220%2B230%2B240%2B250%2B310%2B320%2B331%2B332.100._T._T.C%2BD.Q._T..USD?startPeriod=2002&endPeriod=2024&dimensionAtObservation=AllDimensions&format=csvfilewithlabels",2026-08-12
2020,C,Commitments,230,389.884979,true,2336.673732,100 - Official Development Assistance,constant prices,2024,USD millions,United States,Developing countries,"https://sdmx.oecd.org/dcd-public/rest/data/OECD.DCD.FSD,DSD_CRS@DF_CRS,1.6/USA.DPGC.210%2B220%2B230%2B240%2B250%2B310%2B320%2B331%2B332.100._T._T.C%2BD.Q._T..USD?startPeriod=2002&endPeriod=2024&dimensionAtObservation=AllDimensions&format=csvfilewithlabels",2026-08-12
2020,C,Commitments,240,48.325912,true,2336.673732,100 - Official Development Assistance,constant prices,2024,USD millions,United States,Developing countries,"https://sdmx.oecd.org/dcd-public/rest/data/OECD.DCD.FSD,DSD_CRS@DF_CRS,1.6/USA.DPGC.210%2B220%2B230%2B240%2B250%2B310%2B320%2B331%2B332.100._T._T.C%2BD.Q._T..USD?startPeriod=2002&endPeriod=2024&dimensionAtObservation=AllDimensions&format=csvfilewithlabels",2026-08-12
2020,C,Commitments,250,426.566406,true,2336.673732,100 - Official Development Assistance,constant prices,2024,USD millions,United States,Developing countries,"https://sdmx.oecd.org/dcd-public/rest/data/OECD.DCD.FSD,DSD_CRS@DF_CRS,1.6/USA.DPGC.210%2B220%2B230%2B240%2B250%2B310%2B320%2B331%2B332.100._T._T.C%2BD.Q._T..USD?startPeriod=2002&endPeriod=2024&dimensionAtObservation=AllDimensions&format=csvfilewithlabels",2026-08-12
2020,C,Commitments,310,1250.24987,true,2336.673732,100 - Official Development Assistance,constant prices,2024,USD millions,United States,Developing countries,"https://sdmx.oecd.org/dcd-public/rest/data/OECD.DCD.FSD,DSD_CRS@DF_CRS,1.6/USA.DPGC.210%2B220%2B230%2B240%2B250%2B310%2B320%2B331%2B332.100._T._T.C%2BD.Q._T..USD?startPeriod=2002&endPeriod=2024&dimensionAtObservation=AllDimensions&format=csvfilewithlabels",2026-08-12
2020,C,Commitments,320,11.022202,true,2336.673732,100 - Official Development Assistance,constant prices,2024,USD millions,United States,Developing countries,"https://sdmx.oecd.org/dcd-public/rest/data/OECD.DCD.FSD,DSD_CRS@DF_CRS,1.6/USA.DPGC.210%2B220%2B230%2B240%2B250%2B310%2B320%2B331%2B332.100._T._T.C%2BD.Q._T..USD?startPeriod=2002&endPeriod=2024&dimensionAtObservation=AllDimensions&format=csvfilewithlabels",2026-08-12
2020,C,Commitments,331,133.176933,true,2336.673732,100 - Official Development Assistance,constant prices,2024,USD millions,United States,Developing countries,"https://sdmx.oecd.org/dcd-public/rest/data/OECD.DCD.FSD,DSD_CRS@DF_CRS,1.6/USA.DPGC.210%2B220%2B230%2B240%2B250%2B310%2B320%2B331%2B332.100._T._T.C%2BD.Q._T..USD?startPeriod=2002&endPeriod=2024&dimensionAtObservation=AllDimensions&format=csvfilewithlabels",2026-08-12
2020,C,Commitments,332,0.029757,true,2336.673732,100 - Official Development Assistance,constant prices,2024,USD millions,United States,Developing countries,"https://sdmx.oecd.org/dcd-public/rest/data/OECD.DCD.FSD,DSD_CRS@DF_CRS,1.6/USA.DPGC.210%2B220%2B230%2B240%2B250%2B310%2B320%2B331%2B332.100._T._T.C%2BD.Q._T..USD?startPeriod=2002&endPeriod=2024&dimensionAtObservation=AllDimensions&format=csvfilewithlabels",2026-08-12
2020,D,Disbursements,210,72.557811,true,2428.942893,100 - Official Development Assistance,constant prices,2024,USD millions,United States,Developing countries,"https://sdmx.oecd.org/dcd-public/rest/data/OECD.DCD.FSD,DSD_CRS@DF_CRS,1.6/USA.DPGC.210%2B220%2B230%2B240%2B250%2B310%2B320%2B331%2B332.100._T._T.C%2BD.Q._T..USD?startPeriod=2002&endPeriod=2024&dimensionAtObservation=AllDimensions&format=csvfilewithlabels",2026-08-12
2020,D,Disbursements,220,15.142201,true,2428.942893,100 - Official Development Assistance,constant prices,2024,USD millions,United States,Developing countries,"https://sdmx.oecd.org/dcd-public/rest/data/OECD.DCD.FSD,DSD_CRS@DF_CRS,1.6/USA.DPGC.210%2B220%2B230%2B240%2B250%2B310%2B320%2B331%2B332.100._T._T.C%2BD.Q._T..USD?startPeriod=2002&endPeriod=2024&dimensionAtObservation=AllDimensions&format=csvfilewithlabels",2026-08-12
2020,D,Disbursements,230,669.695667,true,2428.942893,100 - Official Development Assistance,constant prices,2024,USD millions,United States,Developing countries,"https://sdmx.oecd.org/dcd-public/rest/data/OECD.DCD.FSD,DSD_CRS@DF_CRS,1.6/USA.DPGC.210%2B220%2B230%2B240%2B250%2B310%2B320%2B331%2B332.100._T._T.C%2BD.Q._T..USD?startPeriod=2002&endPeriod=2024&dimensionAtObservation=AllDimensions&format=csvfilewithlabels",2026-08-12
2020,D,Disbursements,240,116.37199,true,2428.942893,100 - Official Development Assistance,constant prices,2024,USD millions,United States,Developing countries,"https://sdmx.oecd.org/dcd-public/rest/data/OECD.DCD.FSD,DSD_CRS@DF_CRS,1.6/USA.DPGC.210%2B220%2B230%2B240%2B250%2B310%2B320%2B331%2B332.100._T._T.C%2BD.Q._T..USD?startPeriod=2002&endPeriod=2024&dimensionAtObservation=AllDimensions&format=csvfilewithlabels",2026-08-12
2020,D,Disbursements,250,351.50022,true,2428.942893,100 - Official Development Assistance,constant prices,2024,USD millions,United States,Developing countries,"https://sdmx.oecd.org/dcd-public/rest/data/OECD.DCD.FSD,DSD_CRS@DF_CRS,1.6/USA.DPGC.210%2B220%2B230%2B240%2B250%2B310%2B320%2B331%2B332.100._T._T.C%2BD.Q._T..USD?startPeriod=2002&endPeriod=2024&dimensionAtObservation=AllDimensions&format=csvfilewithlabels",2026-08-12
2020,D,Disbursements,310,1051.733152,true,2428.942893,100 - Official Development Assistance,constant prices,2024,USD millions,United States,Developing countries,"https://sdmx.oecd.org/dcd-public/rest/data/OECD.DCD.FSD,DSD_CRS@DF_CRS,1.6/USA.DPGC.210%2B220%2B230%2B240%2B250%2B310%2B320%2B331%2B332.100._T._T.C%2BD.Q._T..USD?startPeriod=2002&endPeriod=2024&dimensionAtObservation=AllDimensions&format=csvfilewithlabels",2026-08-12
2020,D,Disbursements,320,17.936021,true,2428.942893,100 - Official Development Assistance,constant prices,2024,USD millions,United States,Developing countries,"https://sdmx.oecd.org/dcd-public/rest/data/OECD.DCD.FSD,DSD_CRS@DF_CRS,1.6/USA.DPGC.210%2B220%2B230%2B240%2B250%2B310%2B320%2B331%2B332.100._T._T.C%2BD.Q._T..USD?startPeriod=2002&endPeriod=2024&dimensionAtObservation=AllDimensions&format=csvfilewithlabels",2026-08-12
2020,D,Disbursements,331,133.73307,true,2428.942893,100 - Official Development Assistance,constant prices,2024,USD millions,United States,Developing countries,"https://sdmx.oecd.org/dcd-public/rest/data/OECD.DCD.FSD,DSD_CRS@DF_CRS,1.6/USA.DPGC.210%2B220%2B230%2B240%2B250%2B310%2B320%2B331%2B332.100._T._T.C%2BD.Q._T..USD?startPeriod=2002&endPeriod=2024&dimensionAtObservation=AllDimensions&format=csvfilewithlabels",2026-08-12
2020,D,Disbursements,332,0.272761,true,2428.942893,100 - Official Development Assistance,constant prices,2024,USD millions,United States,Developing countries,"https://sdmx.oecd.org/dcd-public/rest/data/OECD.DCD.FSD,DSD_CRS@DF_CRS,1.6/USA.DPGC.210%2B220%2B230%2B240%2B250%2B310%2B320%2B331%2B332.100._T._T.C%2BD.Q._T..USD?startPeriod=2002&endPeriod=2024&dimensionAtObservation=AllDimensions&format=csvfilewithlabels",2026-08-12
2021,C,Commitments,210,35.005846,true,2717.352218,100 - Official Development Assistance,constant prices,2024,USD millions,United States,Developing countries,"https://sdmx.oecd.org/dcd-public/rest/data/OECD.DCD.FSD,DSD_CRS@DF_CRS,1.6/USA.DPGC.210%2B220%2B230%2B240%2B250%2B310%2B320%2B331%2B332.100._T._T.C%2BD.Q._T..USD?startPeriod=2002&endPeriod=2024&dimensionAtObservation=AllDimensions&format=csvfilewithlabels",2026-08-12
2021,C,Commitments,220,17.678806,true,2717.352218,100 - Official Development Assistance,constant prices,2024,USD millions,United States,Developing countries,"https://sdmx.oecd.org/dcd-public/rest/data/OECD.DCD.FSD,DSD_CRS@DF_CRS,1.6/USA.DPGC.210%2B220%2B230%2B240%2B250%2B310%2B320%2B331%2B332.100._T._T.C%2BD.Q._T..USD?startPeriod=2002&endPeriod=2024&dimensionAtObservation=AllDimensions&format=csvfilewithlabels",2026-08-12
2021,C,Commitments,230,978.125691,true,2717.352218,100 - Official Development Assistance,constant prices,2024,USD millions,United States,Developing countries,"https://sdmx.oecd.org/dcd-public/rest/data/OECD.DCD.FSD,DSD_CRS@DF_CRS,1.6/USA.DPGC.210%2B220%2B230%2B240%2B250%2B310%2B320%2B331%2B332.100._T._T.C%2BD.Q._T..USD?startPeriod=2002&endPeriod=2024&dimensionAtObservation=AllDimensions&format=csvfilewithlabels",2026-08-12
2021,C,Commitments,240,34.209725,true,2717.352218,100 - Official Development Assistance,constant prices,2024,USD millions,United States,Developing countries,"https://sdmx.oecd.org/dcd-public/rest/data/OECD.DCD.FSD,DSD_CRS@DF_CRS,1.6/USA.DPGC.210%2B220%2B230%2B240%2B250%2B310%2B320%2B331%2B332.100._T._T.C%2BD.Q._T..USD?startPeriod=2002&endPeriod=2024&dimensionAtObservation=AllDimensions&format=csvfilewithlabels",2026-08-12
2021,C,Commitments,250,451.718661,true,2717.352218,100 - Official Development Assistance,constant prices,2024,USD millions,United States,Developing countries,"https://sdmx.oecd.org/dcd-public/rest/data/OECD.DCD.FSD,DSD_CRS@DF_CRS,1.6/USA.DPGC.210%2B220%2B230%2B240%2B250%2B310%2B320%2B331%2B332.100._T._T.C%2BD.Q._T..USD?startPeriod=2002&endPeriod=2024&dimensionAtObservation=AllDimensions&format=csvfilewithlabels",2026-08-12
2021,C,Commitments,310,1035.162826,true,2717.352218,100 - Official Development Assistance,constant prices,2024,USD millions,United States,Developing countries,"https://sdmx.oecd.org/dcd-public/rest/data/OECD.DCD.FSD,DSD_CRS@DF_CRS,1.6/USA.DPGC.210%2B220%2B230%2B240%2B250%2B310%2B320%2B331%2B332.100._T._T.C%2BD.Q._T..USD?startPeriod=2002&endPeriod=2024&dimensionAtObservation=AllDimensions&format=csvfilewithlabels",2026-08-12
2021,C,Commitments,320,7.957926,true,2717.352218,100 - Official Development Assistance,constant prices,2024,USD millions,United States,Developing countries,"https://sdmx.oecd.org/dcd-public/rest/data/OECD.DCD.FSD,DSD_CRS@DF_CRS,1.6/USA.DPGC.210%2B220%2B230%2B240%2B250%2B310%2B320%2B331%2B332.100._T._T.C%2BD.Q._T..USD?startPeriod=2002&endPeriod=2024&dimensionAtObservation=AllDimensions&format=csvfilewithlabels",2026-08-12
2021,C,Commitments,331,157.492737,true,2717.352218,100 - Official Development Assistance,constant prices,2024,USD millions,United States,Developing countries,"https://sdmx.oecd.org/dcd-public/rest/data/OECD.DCD.FSD,DSD_CRS@DF_CRS,1.6/USA.DPGC.210%2B220%2B230%2B240%2B250%2B310%2B320%2B331%2B332.100._T._T.C%2BD.Q._T..USD?startPeriod=2002&endPeriod=2024&dimensionAtObservation=AllDimensions&format=csvfilewithlabels",2026-08-12
2021,C,Commitments,332,0,false,2717.352218,100 - Official Development Assistance,constant prices,2024,USD millions,United States,Developing countries,"https://sdmx.oecd.org/dcd-public/rest/data/OECD.DCD.FSD,DSD_CRS@DF_CRS,1.6/USA.DPGC.210%2B220%2B230%2B240%2B250%2B310%2B320%2B331%2B332.100._T._T.C%2BD.Q._T..USD?startPeriod=2002&endPeriod=2024&dimensionAtObservation=AllDimensions&format=csvfilewithlabels",2026-08-12
2021,D,Disbursements,210,88.443665,true,2557.095483,100 - Official Development Assistance,constant prices,2024,USD millions,United States,Developing countries,"https://sdmx.oecd.org/dcd-public/rest/data/OECD.DCD.FSD,DSD_CRS@DF_CRS,1.6/USA.DPGC.210%2B220%2B230%2B240%2B250%2B310%2B320%2B331%2B332.100._T._T.C%2BD.Q._T..USD?startPeriod=2002&endPeriod=2024&dimensionAtObservation=AllDimensions&format=csvfilewithlabels",2026-08-12
2021,D,Disbursements,220,17.479066,true,2557.095483,100 - Official Development Assistance,constant prices,2024,USD millions,United States,Developing countries,"https://sdmx.oecd.org/dcd-public/rest/data/OECD.DCD.FSD,DSD_CRS@DF_CRS,1.6/USA.DPGC.210%2B220%2B230%2B240%2B250%2B310%2B320%2B331%2B332.100._T._T.C%2BD.Q._T..USD?startPeriod=2002&endPeriod=2024&dimensionAtObservation=AllDimensions&format=csvfilewithlabels",2026-08-12
2021,D,Disbursements,230,675.4955,true,2557.095483,100 - Official Development Assistance,constant prices,2024,USD millions,United States,Developing countries,"https://sdmx.oecd.org/dcd-public/rest/data/OECD.DCD.FSD,DSD_CRS@DF_CRS,1.6/USA.DPGC.210%2B220%2B230%2B240%2B250%2B310%2B320%2B331%2B332.100._T._T.C%2BD.Q._T..USD?startPeriod=2002&endPeriod=2024&dimensionAtObservation=AllDimensions&format=csvfilewithlabels",2026-08-12
2021,D,Disbursements,240,113.728927,true,2557.095483,100 - Official Development Assistance,constant prices,2024,USD millions,United States,Developing countries,"https://sdmx.oecd.org/dcd-public/rest/data/OECD.DCD.FSD,DSD_CRS@DF_CRS,1.6/USA.DPGC.210%2B220%2B230%2B240%2B250%2B310%2B320%2B331%2B332.100._T._T.C%2BD.Q._T..USD?startPeriod=2002&endPeriod=2024&dimensionAtObservation=AllDimensions&format=csvfilewithlabels",2026-08-12
2021,D,Disbursements,250,383.383792,true,2557.095483,100 - Official Development Assistance,constant prices,2024,USD millions,United States,Developing countries,"https://sdmx.oecd.org/dcd-public/rest/data/OECD.DCD.FSD,DSD_CRS@DF_CRS,1.6/USA.DPGC.210%2B220%2B230%2B240%2B250%2B310%2B320%2B331%2B332.100._T._T.C%2BD.Q._T..USD?startPeriod=2002&endPeriod=2024&dimensionAtObservation=AllDimensions&format=csvfilewithlabels",2026-08-12
2021,D,Disbursements,310,1124.196463,true,2557.095483,100 - Official Development Assistance,constant prices,2024,USD millions,United States,Developing countries,"https://sdmx.oecd.org/dcd-public/rest/data/OECD.DCD.FSD,DSD_CRS@DF_CRS,1.6/USA.DPGC.210%2B220%2B230%2B240%2B250%2B310%2B320%2B331%2B332.100._T._T.C%2BD.Q._T..USD?startPeriod=2002&endPeriod=2024&dimensionAtObservation=AllDimensions&format=csvfilewithlabels",2026-08-12
2021,D,Disbursements,320,12.60363,true,2557.095483,100 - Official Development Assistance,constant prices,2024,USD millions,United States,Developing countries,"https://sdmx.oecd.org/dcd-public/rest/data/OECD.DCD.FSD,DSD_CRS@DF_CRS,1.6/USA.DPGC.210%2B220%2B230%2B240%2B250%2B310%2B320%2B331%2B332.100._T._T.C%2BD.Q._T..USD?startPeriod=2002&endPeriod=2024&dimensionAtObservation=AllDimensions&format=csvfilewithlabels",2026-08-12
2021,D,Disbursements,331,141.76444,true,2557.095483,100 - Official Development Assistance,constant prices,2024,USD millions,United States,Developing countries,"https://sdmx.oecd.org/dcd-public/rest/data/OECD.DCD.FSD,DSD_CRS@DF_CRS,1.6/USA.DPGC.210%2B220%2B230%2B240%2B250%2B310%2B320%2B331%2B332.100._T._T.C%2BD.Q._T..USD?startPeriod=2002&endPeriod=2024&dimensionAtObservation=AllDimensions&format=csvfilewithlabels",2026-08-12
2021,D,Disbursements,332,0,false,2557.095483,100 - Official Development Assistance,constant prices,2024,USD millions,United States,Developing countries,"https://sdmx.oecd.org/dcd-public/rest/data/OECD.DCD.FSD,DSD_CRS@DF_CRS,1.6/USA.DPGC.210%2B220%2B230%2B240%2B250%2B310%2B320%2B331%2B332.100._T._T.C%2BD.Q._T..USD?startPeriod=2002&endPeriod=2024&dimensionAtObservation=AllDimensions&format=csvfilewithlabels",2026-08-12
2022,C,Commitments,210,49.449996,true,2476.177907,100 - Official Development Assistance,constant prices,2024,USD millions,United States,Developing countries,"https://sdmx.oecd.org/dcd-public/rest/data/OECD.DCD.FSD,DSD_CRS@DF_CRS,1.6/USA.DPGC.210%2B220%2B230%2B240%2B250%2B310%2B320%2B331%2B332.100._T._T.C%2BD.Q._T..USD?startPeriod=2002&endPeriod=2024&dimensionAtObservation=AllDimensions&format=csvfilewithlabels",2026-08-12
2022,C,Commitments,220,27.765263,true,2476.177907,100 - Official Development Assistance,constant prices,2024,USD millions,United States,Developing countries,"https://sdmx.oecd.org/dcd-public/rest/data/OECD.DCD.FSD,DSD_CRS@DF_CRS,1.6/USA.DPGC.210%2B220%2B230%2B240%2B250%2B310%2B320%2B331%2B332.100._T._T.C%2BD.Q._T..USD?startPeriod=2002&endPeriod=2024&dimensionAtObservation=AllDimensions&format=csvfilewithlabels",2026-08-12
2022,C,Commitments,230,256.164102,true,2476.177907,100 - Official Development Assistance,constant prices,2024,USD millions,United States,Developing countries,"https://sdmx.oecd.org/dcd-public/rest/data/OECD.DCD.FSD,DSD_CRS@DF_CRS,1.6/USA.DPGC.210%2B220%2B230%2B240%2B250%2B310%2B320%2B331%2B332.100._T._T.C%2BD.Q._T..USD?startPeriod=2002&endPeriod=2024&dimensionAtObservation=AllDimensions&format=csvfilewithlabels",2026-08-12
2022,C,Commitments,240,32.959302,true,2476.177907,100 - Official Development Assistance,constant prices,2024,USD millions,United States,Developing countries,"https://sdmx.oecd.org/dcd-public/rest/data/OECD.DCD.FSD,DSD_CRS@DF_CRS,1.6/USA.DPGC.210%2B220%2B230%2B240%2B250%2B310%2B320%2B331%2B332.100._T._T.C%2BD.Q._T..USD?startPeriod=2002&endPeriod=2024&dimensionAtObservation=AllDimensions&format=csvfilewithlabels",2026-08-12
2022,C,Commitments,250,432.785255,true,2476.177907,100 - Official Development Assistance,constant prices,2024,USD millions,United States,Developing countries,"https://sdmx.oecd.org/dcd-public/rest/data/OECD.DCD.FSD,DSD_CRS@DF_CRS,1.6/USA.DPGC.210%2B220%2B230%2B240%2B250%2B310%2B320%2B331%2B332.100._T._T.C%2BD.Q._T..USD?startPeriod=2002&endPeriod=2024&dimensionAtObservation=AllDimensions&format=csvfilewithlabels",2026-08-12
2022,C,Commitments,310,1543.745653,true,2476.177907,100 - Official Development Assistance,constant prices,2024,USD millions,United States,Developing countries,"https://sdmx.oecd.org/dcd-public/rest/data/OECD.DCD.FSD,DSD_CRS@DF_CRS,1.6/USA.DPGC.210%2B220%2B230%2B240%2B250%2B310%2B320%2B331%2B332.100._T._T.C%2BD.Q._T..USD?startPeriod=2002&endPeriod=2024&dimensionAtObservation=AllDimensions&format=csvfilewithlabels",2026-08-12
2022,C,Commitments,320,7.244637,true,2476.177907,100 - Official Development Assistance,constant prices,2024,USD millions,United States,Developing countries,"https://sdmx.oecd.org/dcd-public/rest/data/OECD.DCD.FSD,DSD_CRS@DF_CRS,1.6/USA.DPGC.210%2B220%2B230%2B240%2B250%2B310%2B320%2B331%2B332.100._T._T.C%2BD.Q._T..USD?startPeriod=2002&endPeriod=2024&dimensionAtObservation=AllDimensions&format=csvfilewithlabels",2026-08-12
2022,C,Commitments,331,114.845283,true,2476.177907,100 - Official Development Assistance,constant prices,2024,USD millions,United States,Developing countries,"https://sdmx.oecd.org/dcd-public/rest/data/OECD.DCD.FSD,DSD_CRS@DF_CRS,1.6/USA.DPGC.210%2B220%2B230%2B240%2B250%2B310%2B320%2B331%2B332.100._T._T.C%2BD.Q._T..USD?startPeriod=2002&endPeriod=2024&dimensionAtObservation=AllDimensions&format=csvfilewithlabels",2026-08-12
2022,C,Commitments,332,11.218416,true,2476.177907,100 - Official Development Assistance,constant prices,2024,USD millions,United States,Developing countries,"https://sdmx.oecd.org/dcd-public/rest/data/OECD.DCD.FSD,DSD_CRS@DF_CRS,1.6/USA.DPGC.210%2B220%2B230%2B240%2B250%2B310%2B320%2B331%2B332.100._T._T.C%2BD.Q._T..USD?startPeriod=2002&endPeriod=2024&dimensionAtObservation=AllDimensions&format=csvfilewithlabels",2026-08-12
2022,D,Disbursements,210,89.125265,true,1905.246197,100 - Official Development Assistance,constant prices,2024,USD millions,United States,Developing countries,"https://sdmx.oecd.org/dcd-public/rest/data/OECD.DCD.FSD,DSD_CRS@DF_CRS,1.6/USA.DPGC.210%2B220%2B230%2B240%2B250%2B310%2B320%2B331%2B332.100._T._T.C%2BD.Q._T..USD?startPeriod=2002&endPeriod=2024&dimensionAtObservation=AllDimensions&format=csvfilewithlabels",2026-08-12
2022,D,Disbursements,220,25.150765,true,1905.246197,100 - Official Development Assistance,constant prices,2024,USD millions,United States,Developing countries,"https://sdmx.oecd.org/dcd-public/rest/data/OECD.DCD.FSD,DSD_CRS@DF_CRS,1.6/USA.DPGC.210%2B220%2B230%2B240%2B250%2B310%2B320%2B331%2B332.100._T._T.C%2BD.Q._T..USD?startPeriod=2002&endPeriod=2024&dimensionAtObservation=AllDimensions&format=csvfilewithlabels",2026-08-12
2022,D,Disbursements,230,408.430268,true,1905.246197,100 - Official Development Assistance,constant prices,2024,USD millions,United States,Developing countries,"https://sdmx.oecd.org/dcd-public/rest/data/OECD.DCD.FSD,DSD_CRS@DF_CRS,1.6/USA.DPGC.210%2B220%2B230%2B240%2B250%2B310%2B320%2B331%2B332.100._T._T.C%2BD.Q._T..USD?startPeriod=2002&endPeriod=2024&dimensionAtObservation=AllDimensions&format=csvfilewithlabels",2026-08-12
2022,D,Disbursements,240,29.969127,true,1905.246197,100 - Official Development Assistance,constant prices,2024,USD millions,United States,Developing countries,"https://sdmx.oecd.org/dcd-public/rest/data/OECD.DCD.FSD,DSD_CRS@DF_CRS,1.6/USA.DPGC.210%2B220%2B230%2B240%2B250%2B310%2B320%2B331%2B332.100._T._T.C%2BD.Q._T..USD?startPeriod=2002&endPeriod=2024&dimensionAtObservation=AllDimensions&format=csvfilewithlabels",2026-08-12
2022,D,Disbursements,250,395.931377,true,1905.246197,100 - Official Development Assistance,constant prices,2024,USD millions,United States,Developing countries,"https://sdmx.oecd.org/dcd-public/rest/data/OECD.DCD.FSD,DSD_CRS@DF_CRS,1.6/USA.DPGC.210%2B220%2B230%2B240%2B250%2B310%2B320%2B331%2B332.100._T._T.C%2BD.Q._T..USD?startPeriod=2002&endPeriod=2024&dimensionAtObservation=AllDimensions&format=csvfilewithlabels",2026-08-12
2022,D,Disbursements,310,849.5402,true,1905.246197,100 - Official Development Assistance,constant prices,2024,USD millions,United States,Developing countries,"https://sdmx.oecd.org/dcd-public/rest/data/OECD.DCD.FSD,DSD_CRS@DF_CRS,1.6/USA.DPGC.210%2B220%2B230%2B240%2B250%2B310%2B320%2B331%2B332.100._T._T.C%2BD.Q._T..USD?startPeriod=2002&endPeriod=2024&dimensionAtObservation=AllDimensions&format=csvfilewithlabels",2026-08-12
2022,D,Disbursements,320,11.448214,true,1905.246197,100 - Official Development Assistance,constant prices,2024,USD millions,United States,Developing countries,"https://sdmx.oecd.org/dcd-public/rest/data/OECD.DCD.FSD,DSD_CRS@DF_CRS,1.6/USA.DPGC.210%2B220%2B230%2B240%2B250%2B310%2B320%2B331%2B332.100._T._T.C%2BD.Q._T..USD?startPeriod=2002&endPeriod=2024&dimensionAtObservation=AllDimensions&format=csvfilewithlabels",2026-08-12
2022,D,Disbursements,331,95.185041,true,1905.246197,100 - Official Development Assistance,constant prices,2024,USD millions,United States,Developing countries,"https://sdmx.oecd.org/dcd-public/rest/data/OECD.DCD.FSD,DSD_CRS@DF_CRS,1.6/USA.DPGC.210%2B220%2B230%2B240%2B250%2B310%2B320%2B331%2B332.100._T._T.C%2BD.Q._T..USD?startPeriod=2002&endPeriod=2024&dimensionAtObservation=AllDimensions&format=csvfilewithlabels",2026-08-12
2022,D,Disbursements,332,0.46594,true,1905.246197,100 - Official Development Assistance,constant prices,2024,USD millions,United States,Developing countries,"https://sdmx.oecd.org/dcd-public/rest/data/OECD.DCD.FSD,DSD_CRS@DF_CRS,1.6/USA.DPGC.210%2B220%2B230%2B240%2B250%2B310%2B320%2B331%2B332.100._T._T.C%2BD.Q._T..USD?startPeriod=2002&endPeriod=2024&dimensionAtObservation=AllDimensions&format=csvfilewithlabels",2026-08-12
2023,C,Commitments,210,292.130976,true,3984.447905,100 - Official Development Assistance,constant prices,2024,USD millions,United States,Developing countries,"https://sdmx.oecd.org/dcd-public/rest/data/OECD.DCD.FSD,DSD_CRS@DF_CRS,1.6/USA.DPGC.210%2B220%2B230%2B240%2B250%2B310%2B320%2B331%2B332.100._T._T.C%2BD.Q._T..USD?startPeriod=2002&endPeriod=2024&dimensionAtObservation=AllDimensions&format=csvfilewithlabels",2026-08-12
2023,C,Commitments,220,134.586004,true,3984.447905,100 - Official Development Assistance,constant prices,2024,USD millions,United States,Developing countries,"https://sdmx.oecd.org/dcd-public/rest/data/OECD.DCD.FSD,DSD_CRS@DF_CRS,1.6/USA.DPGC.210%2B220%2B230%2B240%2B250%2B310%2B320%2B331%2B332.100._T._T.C%2BD.Q._T..USD?startPeriod=2002&endPeriod=2024&dimensionAtObservation=AllDimensions&format=csvfilewithlabels",2026-08-12
2023,C,Commitments,230,1259.178735,true,3984.447905,100 - Official Development Assistance,constant prices,2024,USD millions,United States,Developing countries,"https://sdmx.oecd.org/dcd-public/rest/data/OECD.DCD.FSD,DSD_CRS@DF_CRS,1.6/USA.DPGC.210%2B220%2B230%2B240%2B250%2B310%2B320%2B331%2B332.100._T._T.C%2BD.Q._T..USD?startPeriod=2002&endPeriod=2024&dimensionAtObservation=AllDimensions&format=csvfilewithlabels",2026-08-12
2023,C,Commitments,240,27.591677,true,3984.447905,100 - Official Development Assistance,constant prices,2024,USD millions,United States,Developing countries,"https://sdmx.oecd.org/dcd-public/rest/data/OECD.DCD.FSD,DSD_CRS@DF_CRS,1.6/USA.DPGC.210%2B220%2B230%2B240%2B250%2B310%2B320%2B331%2B332.100._T._T.C%2BD.Q._T..USD?startPeriod=2002&endPeriod=2024&dimensionAtObservation=AllDimensions&format=csvfilewithlabels",2026-08-12
2023,C,Commitments,250,681.895422,true,3984.447905,100 - Official Development Assistance,constant prices,2024,USD millions,United States,Developing countries,"https://sdmx.oecd.org/dcd-public/rest/data/OECD.DCD.FSD,DSD_CRS@DF_CRS,1.6/USA.DPGC.210%2B220%2B230%2B240%2B250%2B310%2B320%2B331%2B332.100._T._T.C%2BD.Q._T..USD?startPeriod=2002&endPeriod=2024&dimensionAtObservation=AllDimensions&format=csvfilewithlabels",2026-08-12
2023,C,Commitments,310,1402.301785,true,3984.447905,100 - Official Development Assistance,constant prices,2024,USD millions,United States,Developing countries,"https://sdmx.oecd.org/dcd-public/rest/data/OECD.DCD.FSD,DSD_CRS@DF_CRS,1.6/USA.DPGC.210%2B220%2B230%2B240%2B250%2B310%2B320%2B331%2B332.100._T._T.C%2BD.Q._T..USD?startPeriod=2002&endPeriod=2024&dimensionAtObservation=AllDimensions&format=csvfilewithlabels",2026-08-12
2023,C,Commitments,320,5.904132,true,3984.447905,100 - Official Development Assistance,constant prices,2024,USD millions,United States,Developing countries,"https://sdmx.oecd.org/dcd-public/rest/data/OECD.DCD.FSD,DSD_CRS@DF_CRS,1.6/USA.DPGC.210%2B220%2B230%2B240%2B250%2B310%2B320%2B331%2B332.100._T._T.C%2BD.Q._T..USD?startPeriod=2002&endPeriod=2024&dimensionAtObservation=AllDimensions&format=csvfilewithlabels",2026-08-12
2023,C,Commitments,331,180.859174,true,3984.447905,100 - Official Development Assistance,constant prices,2024,USD millions,United States,Developing countries,"https://sdmx.oecd.org/dcd-public/rest/data/OECD.DCD.FSD,DSD_CRS@DF_CRS,1.6/USA.DPGC.210%2B220%2B230%2B240%2B250%2B310%2B320%2B331%2B332.100._T._T.C%2BD.Q._T..USD?startPeriod=2002&endPeriod=2024&dimensionAtObservation=AllDimensions&format=csvfilewithlabels",2026-08-12
2023,C,Commitments,332,0,false,3984.447905,100 - Official Development Assistance,constant prices,2024,USD millions,United States,Developing countries,"https://sdmx.oecd.org/dcd-public/rest/data/OECD.DCD.FSD,DSD_CRS@DF_CRS,1.6/USA.DPGC.210%2B220%2B230%2B240%2B250%2B310%2B320%2B331%2B332.100._T._T.C%2BD.Q._T..USD?startPeriod=2002&endPeriod=2024&dimensionAtObservation=AllDimensions&format=csvfilewithlabels",2026-08-12
2023,D,Disbursements,210,119.404405,true,2976.177311,100 - Official Development Assistance,constant prices,2024,USD millions,United States,Developing countries,"https://sdmx.oecd.org/dcd-public/rest/data/OECD.DCD.FSD,DSD_CRS@DF_CRS,1.6/USA.DPGC.210%2B220%2B230%2B240%2B250%2B310%2B320%2B331%2B332.100._T._T.C%2BD.Q._T..USD?startPeriod=2002&endPeriod=2024&dimensionAtObservation=AllDimensions&format=csvfilewithlabels",2026-08-12
2023,D,Disbursements,220,28.904806,true,2976.177311,100 - Official Development Assistance,constant prices,2024,USD millions,United States,Developing countries,"https://sdmx.oecd.org/dcd-public/rest/data/OECD.DCD.FSD,DSD_CRS@DF_CRS,1.6/USA.DPGC.210%2B220%2B230%2B240%2B250%2B310%2B320%2B331%2B332.100._T._T.C%2BD.Q._T..USD?startPeriod=2002&endPeriod=2024&dimensionAtObservation=AllDimensions&format=csvfilewithlabels",2026-08-12
2023,D,Disbursements,230,826.304409,true,2976.177311,100 - Official Development Assistance,constant prices,2024,USD millions,United States,Developing countries,"https://sdmx.oecd.org/dcd-public/rest/data/OECD.DCD.FSD,DSD_CRS@DF_CRS,1.6/USA.DPGC.210%2B220%2B230%2B240%2B250%2B310%2B320%2B331%2B332.100._T._T.C%2BD.Q._T..USD?startPeriod=2002&endPeriod=2024&dimensionAtObservation=AllDimensions&format=csvfilewithlabels",2026-08-12
2023,D,Disbursements,240,33.791819,true,2976.177311,100 - Official Development Assistance,constant prices,2024,USD millions,United States,Developing countries,"https://sdmx.oecd.org/dcd-public/rest/data/OECD.DCD.FSD,DSD_CRS@DF_CRS,1.6/USA.DPGC.210%2B220%2B230%2B240%2B250%2B310%2B320%2B331%2B332.100._T._T.C%2BD.Q._T..USD?startPeriod=2002&endPeriod=2024&dimensionAtObservation=AllDimensions&format=csvfilewithlabels",2026-08-12
2023,D,Disbursements,250,466.440511,true,2976.177311,100 - Official Development Assistance,constant prices,2024,USD millions,United States,Developing countries,"https://sdmx.oecd.org/dcd-public/rest/data/OECD.DCD.FSD,DSD_CRS@DF_CRS,1.6/USA.DPGC.210%2B220%2B230%2B240%2B250%2B310%2B320%2B331%2B332.100._T._T.C%2BD.Q._T..USD?startPeriod=2002&endPeriod=2024&dimensionAtObservation=AllDimensions&format=csvfilewithlabels",2026-08-12
2023,D,Disbursements,310,1323.674232,true,2976.177311,100 - Official Development Assistance,constant prices,2024,USD millions,United States,Developing countries,"https://sdmx.oecd.org/dcd-public/rest/data/OECD.DCD.FSD,DSD_CRS@DF_CRS,1.6/USA.DPGC.210%2B220%2B230%2B240%2B250%2B310%2B320%2B331%2B332.100._T._T.C%2BD.Q._T..USD?startPeriod=2002&endPeriod=2024&dimensionAtObservation=AllDimensions&format=csvfilewithlabels",2026-08-12
2023,D,Disbursements,320,6.160855,true,2976.177311,100 - Official Development Assistance,constant prices,2024,USD millions,United States,Developing countries,"https://sdmx.oecd.org/dcd-public/rest/data/OECD.DCD.FSD,DSD_CRS@DF_CRS,1.6/USA.DPGC.210%2B220%2B230%2B240%2B250%2B310%2B320%2B331%2B332.100._T._T.C%2BD.Q._T..USD?startPeriod=2002&endPeriod=2024&dimensionAtObservation=AllDimensions&format=csvfilewithlabels",2026-08-12
2023,D,Disbursements,331,169.742545,true,2976.177311,100 - Official Development Assistance,constant prices,2024,USD millions,United States,Developing countries,"https://sdmx.oecd.org/dcd-public/rest/data/OECD.DCD.FSD,DSD_CRS@DF_CRS,1.6/USA.DPGC.210%2B220%2B230%2B240%2B250%2B310%2B320%2B331%2B332.100._T._T.C%2BD.Q._T..USD?startPeriod=2002&endPeriod=2024&dimensionAtObservation=AllDimensions&format=csvfilewithlabels",2026-08-12
2023,D,Disbursements,332,1.753729,true,2976.177311,100 - Official Development Assistance,constant prices,2024,USD millions,United States,Developing countries,"https://sdmx.oecd.org/dcd-public/rest/data/OECD.DCD.FSD,DSD_CRS@DF_CRS,1.6/USA.DPGC.210%2B220%2B230%2B240%2B250%2B310%2B320%2B331%2B332.100._T._T.C%2BD.Q._T..USD?startPeriod=2002&endPeriod=2024&dimensionAtObservation=AllDimensions&format=csvfilewithlabels",2026-08-12
2024,C,Commitments,210,699.633231,true,5003.895421,100 - Official Development Assistance,constant prices,2024,USD millions,United States,Developing countries,"https://sdmx.oecd.org/dcd-public/rest/data/OECD.DCD.FSD,DSD_CRS@DF_CRS,1.6/USA.DPGC.210%2B220%2B230%2B240%2B250%2B310%2B320%2B331%2B332.100._T._T.C%2BD.Q._T..USD?startPeriod=2002&endPeriod=2024&dimensionAtObservation=AllDimensions&format=csvfilewithlabels",2026-08-12
2024,C,Commitments,220,96.824848,true,5003.895421,100 - Official Development Assistance,constant prices,2024,USD millions,United States,Developing countries,"https://sdmx.oecd.org/dcd-public/rest/data/OECD.DCD.FSD,DSD_CRS@DF_CRS,1.6/USA.DPGC.210%2B220%2B230%2B240%2B250%2B310%2B320%2B331%2B332.100._T._T.C%2BD.Q._T..USD?startPeriod=2002&endPeriod=2024&dimensionAtObservation=AllDimensions&format=csvfilewithlabels",2026-08-12
2024,C,Commitments,230,1525.472508,true,5003.895421,100 - Official Development Assistance,constant prices,2024,USD millions,United States,Developing countries,"https://sdmx.oecd.org/dcd-public/rest/data/OECD.DCD.FSD,DSD_CRS@DF_CRS,1.6/USA.DPGC.210%2B220%2B230%2B240%2B250%2B310%2B320%2B331%2B332.100._T._T.C%2BD.Q._T..USD?startPeriod=2002&endPeriod=2024&dimensionAtObservation=AllDimensions&format=csvfilewithlabels",2026-08-12
2024,C,Commitments,240,265.385746,true,5003.895421,100 - Official Development Assistance,constant prices,2024,USD millions,United States,Developing countries,"https://sdmx.oecd.org/dcd-public/rest/data/OECD.DCD.FSD,DSD_CRS@DF_CRS,1.6/USA.DPGC.210%2B220%2B230%2B240%2B250%2B310%2B320%2B331%2B332.100._T._T.C%2BD.Q._T..USD?startPeriod=2002&endPeriod=2024&dimensionAtObservation=AllDimensions&format=csvfilewithlabels",2026-08-12
2024,C,Commitments,250,784.339303,true,5003.895421,100 - Official Development Assistance,constant prices,2024,USD millions,United States,Developing countries,"https://sdmx.oecd.org/dcd-public/rest/data/OECD.DCD.FSD,DSD_CRS@DF_CRS,1.6/USA.DPGC.210%2B220%2B230%2B240%2B250%2B310%2B320%2B331%2B332.100._T._T.C%2BD.Q._T..USD?startPeriod=2002&endPeriod=2024&dimensionAtObservation=AllDimensions&format=csvfilewithlabels",2026-08-12
2024,C,Commitments,310,1428.336022,true,5003.895421,100 - Official Development Assistance,constant prices,2024,USD millions,United States,Developing countries,"https://sdmx.oecd.org/dcd-public/rest/data/OECD.DCD.FSD,DSD_CRS@DF_CRS,1.6/USA.DPGC.210%2B220%2B230%2B240%2B250%2B310%2B320%2B331%2B332.100._T._T.C%2BD.Q._T..USD?startPeriod=2002&endPeriod=2024&dimensionAtObservation=AllDimensions&format=csvfilewithlabels",2026-08-12
2024,C,Commitments,320,33.657967,true,5003.895421,100 - Official Development Assistance,constant prices,2024,USD millions,United States,Developing countries,"https://sdmx.oecd.org/dcd-public/rest/data/OECD.DCD.FSD,DSD_CRS@DF_CRS,1.6/USA.DPGC.210%2B220%2B230%2B240%2B250%2B310%2B320%2B331%2B332.100._T._T.C%2BD.Q._T..USD?startPeriod=2002&endPeriod=2024&dimensionAtObservation=AllDimensions&format=csvfilewithlabels",2026-08-12
2024,C,Commitments,331,170.245796,true,5003.895421,100 - Official Development Assistance,constant prices,2024,USD millions,United States,Developing countries,"https://sdmx.oecd.org/dcd-public/rest/data/OECD.DCD.FSD,DSD_CRS@DF_CRS,1.6/USA.DPGC.210%2B220%2B230%2B240%2B250%2B310%2B320%2B331%2B332.100._T._T.C%2BD.Q._T..USD?startPeriod=2002&endPeriod=2024&dimensionAtObservation=AllDimensions&format=csvfilewithlabels",2026-08-12
2024,C,Commitments,332,0,false,5003.895421,100 - Official Development Assistance,constant prices,2024,USD millions,United States,Developing countries,"https://sdmx.oecd.org/dcd-public/rest/data/OECD.DCD.FSD,DSD_CRS@DF_CRS,1.6/USA.DPGC.210%2B220%2B230%2B240%2B250%2B310%2B320%2B331%2B332.100._T._T.C%2BD.Q._T..USD?startPeriod=2002&endPeriod=2024&dimensionAtObservation=AllDimensions&format=csvfilewithlabels",2026-08-12
2024,D,Disbursements,210,135.27512,true,3134.436654,100 - Official Development Assistance,constant prices,2024,USD millions,United States,Developing countries,"https://sdmx.oecd.org/dcd-public/rest/data/OECD.DCD.FSD,DSD_CRS@DF_CRS,1.6/USA.DPGC.210%2B220%2B230%2B240%2B250%2B310%2B320%2B331%2B332.100._T._T.C%2BD.Q._T..USD?startPeriod=2002&endPeriod=2024&dimensionAtObservation=AllDimensions&format=csvfilewithlabels",2026-08-12
2024,D,Disbursements,220,72.698491,true,3134.436654,100 - Official Development Assistance,constant prices,2024,USD millions,United States,Developing countries,"https://sdmx.oecd.org/dcd-public/rest/data/OECD.DCD.FSD,DSD_CRS@DF_CRS,1.6/USA.DPGC.210%2B220%2B230%2B240%2B250%2B310%2B320%2B331%2B332.100._T._T.C%2BD.Q._T..USD?startPeriod=2002&endPeriod=2024&dimensionAtObservation=AllDimensions&format=csvfilewithlabels",2026-08-12
2024,D,Disbursements,230,779.949285,true,3134.436654,100 - Official Development Assistance,constant prices,2024,USD millions,United States,Developing countries,"https://sdmx.oecd.org/dcd-public/rest/data/OECD.DCD.FSD,DSD_CRS@DF_CRS,1.6/USA.DPGC.210%2B220%2B230%2B240%2B250%2B310%2B320%2B331%2B332.100._T._T.C%2BD.Q._T..USD?startPeriod=2002&endPeriod=2024&dimensionAtObservation=AllDimensions&format=csvfilewithlabels",2026-08-12
2024,D,Disbursements,240,46.428732,true,3134.436654,100 - Official Development Assistance,constant prices,2024,USD millions,United States,Developing countries,"https://sdmx.oecd.org/dcd-public/rest/data/OECD.DCD.FSD,DSD_CRS@DF_CRS,1.6/USA.DPGC.210%2B220%2B230%2B240%2B250%2B310%2B320%2B331%2B332.100._T._T.C%2BD.Q._T..USD?startPeriod=2002&endPeriod=2024&dimensionAtObservation=AllDimensions&format=csvfilewithlabels",2026-08-12
2024,D,Disbursements,250,609.648031,true,3134.436654,100 - Official Development Assistance,constant prices,2024,USD millions,United States,Developing countries,"https://sdmx.oecd.org/dcd-public/rest/data/OECD.DCD.FSD,DSD_CRS@DF_CRS,1.6/USA.DPGC.210%2B220%2B230%2B240%2B250%2B310%2B320%2B331%2B332.100._T._T.C%2BD.Q._T..USD?startPeriod=2002&endPeriod=2024&dimensionAtObservation=AllDimensions&format=csvfilewithlabels",2026-08-12
2024,D,Disbursements,310,1320.196227,true,3134.436654,100 - Official Development Assistance,constant prices,2024,USD millions,United States,Developing countries,"https://sdmx.oecd.org/dcd-public/rest/data/OECD.DCD.FSD,DSD_CRS@DF_CRS,1.6/USA.DPGC.210%2B220%2B230%2B240%2B250%2B310%2B320%2B331%2B332.100._T._T.C%2BD.Q._T..USD?startPeriod=2002&endPeriod=2024&dimensionAtObservation=AllDimensions&format=csvfilewithlabels",2026-08-12
2024,D,Disbursements,320,9.777047,true,3134.436654,100 - Official Development Assistance,constant prices,2024,USD millions,United States,Developing countries,"https://sdmx.oecd.org/dcd-public/rest/data/OECD.DCD.FSD,DSD_CRS@DF_CRS,1.6/USA.DPGC.210%2B220%2B230%2B240%2B250%2B310%2B320%2B331%2B332.100._T._T.C%2BD.Q._T..USD?startPeriod=2002&endPeriod=2024&dimensionAtObservation=AllDimensions&format=csvfilewithlabels",2026-08-12
2024,D,Disbursements,331,158.999997,true,3134.436654,100 - Official Development Assistance,constant prices,2024,USD millions,United States,Developing countries,"https://sdmx.oecd.org/dcd-public/rest/data/OECD.DCD.FSD,DSD_CRS@DF_CRS,1.6/USA.DPGC.210%2B220%2B230%2B240%2B250%2B310%2B320%2B331%2B332.100._T._T.C%2BD.Q._T..USD?startPeriod=2002&endPeriod=2024&dimensionAtObservation=AllDimensions&format=csvfilewithlabels",2026-08-12
2024,D,Disbursements,332,1.463724,true,3134.436654,100 - Official Development Assistance,constant prices,2024,USD millions,United States,Developing countries,"https://sdmx.oecd.org/dcd-public/rest/data/OECD.DCD.FSD,DSD_CRS@DF_CRS,1.6/USA.DPGC.210%2B220%2B230%2B240%2B250%2B310%2B320%2B331%2B332.100._T._T.C%2BD.Q._T..USD?startPeriod=2002&endPeriod=2024&dimensionAtObservation=AllDimensions&format=csvfilewithlabels",2026-08-12
