indicator_id,indicator_title,year,value,unit,geography,disaggregation,source_organization,source_dataset,source_url,retrieval_method,retrieval_date,methodology_variant,validation_status,data_warning
8.5.2,"Unemployment rate, by sex, age and persons with disabilities",2009,23.9,percent,United States,"{""age"":""16-19"",""disability"":""No disability""}",U.S. Bureau of Labor Statistics,Current Population Survey / LABSTAT,https://api.bls.gov/publicAPI/v2/timeseries/data/,api,2026-08-13,us_cps_unemployment_rate_age16_plus,current_methodology_verified,"The U.S. Current Population Survey labor-force universe begins at age 16. The global SDG framework generally begins at age 15; this is a U.S. age-coverage qualification, not a calculation error."
8.5.2,"Unemployment rate, by sex, age and persons with disabilities",2009,38.2,percent,United States,"{""age"":""16-19"",""disability"":""With disability""}",U.S. Bureau of Labor Statistics,Current Population Survey / LABSTAT,https://api.bls.gov/publicAPI/v2/timeseries/data/,api,2026-08-13,us_cps_unemployment_rate_age16_plus,current_methodology_verified,"The U.S. Current Population Survey labor-force universe begins at age 16. The global SDG framework generally begins at age 15; this is a U.S. age-coverage qualification, not a calculation error."
8.5.2,"Unemployment rate, by sex, age and persons with disabilities",2009,9.2,percent,United States,"{""age"":""16-64"",""disability"":""No disability""}",U.S. Bureau of Labor Statistics,Current Population Survey / LABSTAT,https://api.bls.gov/publicAPI/v2/timeseries/data/,api,2026-08-13,us_cps_unemployment_rate_age16_plus,current_methodology_verified,"The U.S. Current Population Survey labor-force universe begins at age 16. The global SDG framework generally begins at age 15; this is a U.S. age-coverage qualification, not a calculation error."
8.5.2,"Unemployment rate, by sex, age and persons with disabilities",2009,15.6,percent,United States,"{""age"":""16-64"",""disability"":""With disability""}",U.S. Bureau of Labor Statistics,Current Population Survey / LABSTAT,https://api.bls.gov/publicAPI/v2/timeseries/data/,api,2026-08-13,us_cps_unemployment_rate_age16_plus,current_methodology_verified,"The U.S. Current Population Survey labor-force universe begins at age 16. The global SDG framework generally begins at age 15; this is a U.S. age-coverage qualification, not a calculation error."
8.5.2,"Unemployment rate, by sex, age and persons with disabilities",2009,14.5,percent,United States,"{""age"":""20-24"",""disability"":""No disability""}",U.S. Bureau of Labor Statistics,Current Population Survey / LABSTAT,https://api.bls.gov/publicAPI/v2/timeseries/data/,api,2026-08-13,us_cps_unemployment_rate_age16_plus,current_methodology_verified,"The U.S. Current Population Survey labor-force universe begins at age 16. The global SDG framework generally begins at age 15; this is a U.S. age-coverage qualification, not a calculation error."
8.5.2,"Unemployment rate, by sex, age and persons with disabilities",2009,25.9,percent,United States,"{""age"":""20-24"",""disability"":""With disability""}",U.S. Bureau of Labor Statistics,Current Population Survey / LABSTAT,https://api.bls.gov/publicAPI/v2/timeseries/data/,api,2026-08-13,us_cps_unemployment_rate_age16_plus,current_methodology_verified,"The U.S. Current Population Survey labor-force universe begins at age 16. The global SDG framework generally begins at age 15; this is a U.S. age-coverage qualification, not a calculation error."
8.5.2,"Unemployment rate, by sex, age and persons with disabilities",2009,7.7,percent,United States,"{""age"":""25+"",""disability"":""No disability""}",U.S. Bureau of Labor Statistics,Current Population Survey / LABSTAT,https://api.bls.gov/publicAPI/v2/timeseries/data/,api,2026-08-13,us_cps_unemployment_rate_age16_plus,current_methodology_verified,"The U.S. Current Population Survey labor-force universe begins at age 16. The global SDG framework generally begins at age 15; this is a U.S. age-coverage qualification, not a calculation error."
8.5.2,"Unemployment rate, by sex, age and persons with disabilities",2009,12.9,percent,United States,"{""age"":""25+"",""disability"":""With disability""}",U.S. Bureau of Labor Statistics,Current Population Survey / LABSTAT,https://api.bls.gov/publicAPI/v2/timeseries/data/,api,2026-08-13,us_cps_unemployment_rate_age16_plus,current_methodology_verified,"The U.S. Current Population Survey labor-force universe begins at age 16. The global SDG framework generally begins at age 15; this is a U.S. age-coverage qualification, not a calculation error."
8.5.2,"Unemployment rate, by sex, age and persons with disabilities",2009,9.6,percent,United States,"{""age"":""25-34"",""disability"":""No disability""}",U.S. Bureau of Labor Statistics,Current Population Survey / LABSTAT,https://api.bls.gov/publicAPI/v2/timeseries/data/,api,2026-08-13,us_cps_unemployment_rate_age16_plus,current_methodology_verified,"The U.S. Current Population Survey labor-force universe begins at age 16. The global SDG framework generally begins at age 15; this is a U.S. age-coverage qualification, not a calculation error."
8.5.2,"Unemployment rate, by sex, age and persons with disabilities",2009,20.1,percent,United States,"{""age"":""25-34"",""disability"":""With disability""}",U.S. Bureau of Labor Statistics,Current Population Survey / LABSTAT,https://api.bls.gov/publicAPI/v2/timeseries/data/,api,2026-08-13,us_cps_unemployment_rate_age16_plus,current_methodology_verified,"The U.S. Current Population Survey labor-force universe begins at age 16. The global SDG framework generally begins at age 15; this is a U.S. age-coverage qualification, not a calculation error."
8.5.2,"Unemployment rate, by sex, age and persons with disabilities",2009,7.7,percent,United States,"{""age"":""35-44"",""disability"":""No disability""}",U.S. Bureau of Labor Statistics,Current Population Survey / LABSTAT,https://api.bls.gov/publicAPI/v2/timeseries/data/,api,2026-08-13,us_cps_unemployment_rate_age16_plus,current_methodology_verified,"The U.S. Current Population Survey labor-force universe begins at age 16. The global SDG framework generally begins at age 15; this is a U.S. age-coverage qualification, not a calculation error."
8.5.2,"Unemployment rate, by sex, age and persons with disabilities",2009,16.0,percent,United States,"{""age"":""35-44"",""disability"":""With disability""}",U.S. Bureau of Labor Statistics,Current Population Survey / LABSTAT,https://api.bls.gov/publicAPI/v2/timeseries/data/,api,2026-08-13,us_cps_unemployment_rate_age16_plus,current_methodology_verified,"The U.S. Current Population Survey labor-force universe begins at age 16. The global SDG framework generally begins at age 15; this is a U.S. age-coverage qualification, not a calculation error."
8.5.2,"Unemployment rate, by sex, age and persons with disabilities",2009,6.9,percent,United States,"{""age"":""45-54"",""disability"":""No disability""}",U.S. Bureau of Labor Statistics,Current Population Survey / LABSTAT,https://api.bls.gov/publicAPI/v2/timeseries/data/,api,2026-08-13,us_cps_unemployment_rate_age16_plus,current_methodology_verified,"The U.S. Current Population Survey labor-force universe begins at age 16. The global SDG framework generally begins at age 15; this is a U.S. age-coverage qualification, not a calculation error."
8.5.2,"Unemployment rate, by sex, age and persons with disabilities",2009,13.4,percent,United States,"{""age"":""45-54"",""disability"":""With disability""}",U.S. Bureau of Labor Statistics,Current Population Survey / LABSTAT,https://api.bls.gov/publicAPI/v2/timeseries/data/,api,2026-08-13,us_cps_unemployment_rate_age16_plus,current_methodology_verified,"The U.S. Current Population Survey labor-force universe begins at age 16. The global SDG framework generally begins at age 15; this is a U.S. age-coverage qualification, not a calculation error."
8.5.2,"Unemployment rate, by sex, age and persons with disabilities",2009,6.4,percent,United States,"{""age"":""55-64"",""disability"":""No disability""}",U.S. Bureau of Labor Statistics,Current Population Survey / LABSTAT,https://api.bls.gov/publicAPI/v2/timeseries/data/,api,2026-08-13,us_cps_unemployment_rate_age16_plus,current_methodology_verified,"The U.S. Current Population Survey labor-force universe begins at age 16. The global SDG framework generally begins at age 15; this is a U.S. age-coverage qualification, not a calculation error."
8.5.2,"Unemployment rate, by sex, age and persons with disabilities",2009,10.1,percent,United States,"{""age"":""55-64"",""disability"":""With disability""}",U.S. Bureau of Labor Statistics,Current Population Survey / LABSTAT,https://api.bls.gov/publicAPI/v2/timeseries/data/,api,2026-08-13,us_cps_unemployment_rate_age16_plus,current_methodology_verified,"The U.S. Current Population Survey labor-force universe begins at age 16. The global SDG framework generally begins at age 15; this is a U.S. age-coverage qualification, not a calculation error."
8.5.2,"Unemployment rate, by sex, age and persons with disabilities",2009,7.8,percent,United States,"{""disability"":""No disability"",""sex"":""Female""}",U.S. Bureau of Labor Statistics,Current Population Survey / LABSTAT,https://api.bls.gov/publicAPI/v2/timeseries/data/,api,2026-08-13,us_cps_unemployment_rate_age16_plus,archive_matched,"The U.S. Current Population Survey labor-force universe begins at age 16. The global SDG framework generally begins at age 15; this is a U.S. age-coverage qualification, not a calculation error."
8.5.2,"Unemployment rate, by sex, age and persons with disabilities",2009,10.1,percent,United States,"{""disability"":""No disability"",""sex"":""Male""}",U.S. Bureau of Labor Statistics,Current Population Survey / LABSTAT,https://api.bls.gov/publicAPI/v2/timeseries/data/,api,2026-08-13,us_cps_unemployment_rate_age16_plus,archive_matched,"The U.S. Current Population Survey labor-force universe begins at age 16. The global SDG framework generally begins at age 15; this is a U.S. age-coverage qualification, not a calculation error."
8.5.2,"Unemployment rate, by sex, age and persons with disabilities",2009,13.8,percent,United States,"{""disability"":""With disability"",""sex"":""Female""}",U.S. Bureau of Labor Statistics,Current Population Survey / LABSTAT,https://api.bls.gov/publicAPI/v2/timeseries/data/,api,2026-08-13,us_cps_unemployment_rate_age16_plus,archive_matched,"The U.S. Current Population Survey labor-force universe begins at age 16. The global SDG framework generally begins at age 15; this is a U.S. age-coverage qualification, not a calculation error."
8.5.2,"Unemployment rate, by sex, age and persons with disabilities",2009,15.1,percent,United States,"{""disability"":""With disability"",""sex"":""Male""}",U.S. Bureau of Labor Statistics,Current Population Survey / LABSTAT,https://api.bls.gov/publicAPI/v2/timeseries/data/,api,2026-08-13,us_cps_unemployment_rate_age16_plus,archive_matched,"The U.S. Current Population Survey labor-force universe begins at age 16. The global SDG framework generally begins at age 15; this is a U.S. age-coverage qualification, not a calculation error."
8.5.2,"Unemployment rate, by sex, age and persons with disabilities",2010,25.6,percent,United States,"{""age"":""16-19"",""disability"":""No disability""}",U.S. Bureau of Labor Statistics,Current Population Survey / LABSTAT,https://api.bls.gov/publicAPI/v2/timeseries/data/,api,2026-08-13,us_cps_unemployment_rate_age16_plus,current_methodology_verified,"The U.S. Current Population Survey labor-force universe begins at age 16. The global SDG framework generally begins at age 15; this is a U.S. age-coverage qualification, not a calculation error."
8.5.2,"Unemployment rate, by sex, age and persons with disabilities",2010,35.6,percent,United States,"{""age"":""16-19"",""disability"":""With disability""}",U.S. Bureau of Labor Statistics,Current Population Survey / LABSTAT,https://api.bls.gov/publicAPI/v2/timeseries/data/,api,2026-08-13,us_cps_unemployment_rate_age16_plus,current_methodology_verified,"The U.S. Current Population Survey labor-force universe begins at age 16. The global SDG framework generally begins at age 15; this is a U.S. age-coverage qualification, not a calculation error."
8.5.2,"Unemployment rate, by sex, age and persons with disabilities",2010,9.6,percent,United States,"{""age"":""16-64"",""disability"":""No disability""}",U.S. Bureau of Labor Statistics,Current Population Survey / LABSTAT,https://api.bls.gov/publicAPI/v2/timeseries/data/,api,2026-08-13,us_cps_unemployment_rate_age16_plus,current_methodology_verified,"The U.S. Current Population Survey labor-force universe begins at age 16. The global SDG framework generally begins at age 15; this is a U.S. age-coverage qualification, not a calculation error."
8.5.2,"Unemployment rate, by sex, age and persons with disabilities",2010,15.7,percent,United States,"{""age"":""16-64"",""disability"":""With disability""}",U.S. Bureau of Labor Statistics,Current Population Survey / LABSTAT,https://api.bls.gov/publicAPI/v2/timeseries/data/,api,2026-08-13,us_cps_unemployment_rate_age16_plus,current_methodology_verified,"The U.S. Current Population Survey labor-force universe begins at age 16. The global SDG framework generally begins at age 15; this is a U.S. age-coverage qualification, not a calculation error."
8.5.2,"Unemployment rate, by sex, age and persons with disabilities",2010,15.3,percent,United States,"{""age"":""20-24"",""disability"":""No disability""}",U.S. Bureau of Labor Statistics,Current Population Survey / LABSTAT,https://api.bls.gov/publicAPI/v2/timeseries/data/,api,2026-08-13,us_cps_unemployment_rate_age16_plus,current_methodology_verified,"The U.S. Current Population Survey labor-force universe begins at age 16. The global SDG framework generally begins at age 15; this is a U.S. age-coverage qualification, not a calculation error."
8.5.2,"Unemployment rate, by sex, age and persons with disabilities",2010,24.4,percent,United States,"{""age"":""20-24"",""disability"":""With disability""}",U.S. Bureau of Labor Statistics,Current Population Survey / LABSTAT,https://api.bls.gov/publicAPI/v2/timeseries/data/,api,2026-08-13,us_cps_unemployment_rate_age16_plus,current_methodology_verified,"The U.S. Current Population Survey labor-force universe begins at age 16. The global SDG framework generally begins at age 15; this is a U.S. age-coverage qualification, not a calculation error."
8.5.2,"Unemployment rate, by sex, age and persons with disabilities",2010,8.0,percent,United States,"{""age"":""25+"",""disability"":""No disability""}",U.S. Bureau of Labor Statistics,Current Population Survey / LABSTAT,https://api.bls.gov/publicAPI/v2/timeseries/data/,api,2026-08-13,us_cps_unemployment_rate_age16_plus,current_methodology_verified,"The U.S. Current Population Survey labor-force universe begins at age 16. The global SDG framework generally begins at age 15; this is a U.S. age-coverage qualification, not a calculation error."
8.5.2,"Unemployment rate, by sex, age and persons with disabilities",2010,13.6,percent,United States,"{""age"":""25+"",""disability"":""With disability""}",U.S. Bureau of Labor Statistics,Current Population Survey / LABSTAT,https://api.bls.gov/publicAPI/v2/timeseries/data/,api,2026-08-13,us_cps_unemployment_rate_age16_plus,current_methodology_verified,"The U.S. Current Population Survey labor-force universe begins at age 16. The global SDG framework generally begins at age 15; this is a U.S. age-coverage qualification, not a calculation error."
8.5.2,"Unemployment rate, by sex, age and persons with disabilities",2010,9.8,percent,United States,"{""age"":""25-34"",""disability"":""No disability""}",U.S. Bureau of Labor Statistics,Current Population Survey / LABSTAT,https://api.bls.gov/publicAPI/v2/timeseries/data/,api,2026-08-13,us_cps_unemployment_rate_age16_plus,current_methodology_verified,"The U.S. Current Population Survey labor-force universe begins at age 16. The global SDG framework generally begins at age 15; this is a U.S. age-coverage qualification, not a calculation error."
8.5.2,"Unemployment rate, by sex, age and persons with disabilities",2010,21.5,percent,United States,"{""age"":""25-34"",""disability"":""With disability""}",U.S. Bureau of Labor Statistics,Current Population Survey / LABSTAT,https://api.bls.gov/publicAPI/v2/timeseries/data/,api,2026-08-13,us_cps_unemployment_rate_age16_plus,current_methodology_verified,"The U.S. Current Population Survey labor-force universe begins at age 16. The global SDG framework generally begins at age 15; this is a U.S. age-coverage qualification, not a calculation error."
8.5.2,"Unemployment rate, by sex, age and persons with disabilities",2010,7.9,percent,United States,"{""age"":""35-44"",""disability"":""No disability""}",U.S. Bureau of Labor Statistics,Current Population Survey / LABSTAT,https://api.bls.gov/publicAPI/v2/timeseries/data/,api,2026-08-13,us_cps_unemployment_rate_age16_plus,current_methodology_verified,"The U.S. Current Population Survey labor-force universe begins at age 16. The global SDG framework generally begins at age 15; this is a U.S. age-coverage qualification, not a calculation error."
8.5.2,"Unemployment rate, by sex, age and persons with disabilities",2010,15.3,percent,United States,"{""age"":""35-44"",""disability"":""With disability""}",U.S. Bureau of Labor Statistics,Current Population Survey / LABSTAT,https://api.bls.gov/publicAPI/v2/timeseries/data/,api,2026-08-13,us_cps_unemployment_rate_age16_plus,current_methodology_verified,"The U.S. Current Population Survey labor-force universe begins at age 16. The global SDG framework generally begins at age 15; this is a U.S. age-coverage qualification, not a calculation error."
8.5.2,"Unemployment rate, by sex, age and persons with disabilities",2010,7.4,percent,United States,"{""age"":""45-54"",""disability"":""No disability""}",U.S. Bureau of Labor Statistics,Current Population Survey / LABSTAT,https://api.bls.gov/publicAPI/v2/timeseries/data/,api,2026-08-13,us_cps_unemployment_rate_age16_plus,current_methodology_verified,"The U.S. Current Population Survey labor-force universe begins at age 16. The global SDG framework generally begins at age 15; this is a U.S. age-coverage qualification, not a calculation error."
8.5.2,"Unemployment rate, by sex, age and persons with disabilities",2010,14.2,percent,United States,"{""age"":""45-54"",""disability"":""With disability""}",U.S. Bureau of Labor Statistics,Current Population Survey / LABSTAT,https://api.bls.gov/publicAPI/v2/timeseries/data/,api,2026-08-13,us_cps_unemployment_rate_age16_plus,current_methodology_verified,"The U.S. Current Population Survey labor-force universe begins at age 16. The global SDG framework generally begins at age 15; this is a U.S. age-coverage qualification, not a calculation error."
8.5.2,"Unemployment rate, by sex, age and persons with disabilities",2010,6.8,percent,United States,"{""age"":""55-64"",""disability"":""No disability""}",U.S. Bureau of Labor Statistics,Current Population Survey / LABSTAT,https://api.bls.gov/publicAPI/v2/timeseries/data/,api,2026-08-13,us_cps_unemployment_rate_age16_plus,current_methodology_verified,"The U.S. Current Population Survey labor-force universe begins at age 16. The global SDG framework generally begins at age 15; this is a U.S. age-coverage qualification, not a calculation error."
8.5.2,"Unemployment rate, by sex, age and persons with disabilities",2010,11.1,percent,United States,"{""age"":""55-64"",""disability"":""With disability""}",U.S. Bureau of Labor Statistics,Current Population Survey / LABSTAT,https://api.bls.gov/publicAPI/v2/timeseries/data/,api,2026-08-13,us_cps_unemployment_rate_age16_plus,current_methodology_verified,"The U.S. Current Population Survey labor-force universe begins at age 16. The global SDG framework generally begins at age 15; this is a U.S. age-coverage qualification, not a calculation error."
8.5.2,"Unemployment rate, by sex, age and persons with disabilities",2010,8.4,percent,United States,"{""disability"":""No disability"",""sex"":""Female""}",U.S. Bureau of Labor Statistics,Current Population Survey / LABSTAT,https://api.bls.gov/publicAPI/v2/timeseries/data/,api,2026-08-13,us_cps_unemployment_rate_age16_plus,archive_matched,"The U.S. Current Population Survey labor-force universe begins at age 16. The global SDG framework generally begins at age 15; this is a U.S. age-coverage qualification, not a calculation error."
8.5.2,"Unemployment rate, by sex, age and persons with disabilities",2010,10.3,percent,United States,"{""disability"":""No disability"",""sex"":""Male""}",U.S. Bureau of Labor Statistics,Current Population Survey / LABSTAT,https://api.bls.gov/publicAPI/v2/timeseries/data/,api,2026-08-13,us_cps_unemployment_rate_age16_plus,archive_matched,"The U.S. Current Population Survey labor-force universe begins at age 16. The global SDG framework generally begins at age 15; this is a U.S. age-coverage qualification, not a calculation error."
8.5.2,"Unemployment rate, by sex, age and persons with disabilities",2010,14.3,percent,United States,"{""disability"":""With disability"",""sex"":""Female""}",U.S. Bureau of Labor Statistics,Current Population Survey / LABSTAT,https://api.bls.gov/publicAPI/v2/timeseries/data/,api,2026-08-13,us_cps_unemployment_rate_age16_plus,archive_matched,"The U.S. Current Population Survey labor-force universe begins at age 16. The global SDG framework generally begins at age 15; this is a U.S. age-coverage qualification, not a calculation error."
8.5.2,"Unemployment rate, by sex, age and persons with disabilities",2010,15.2,percent,United States,"{""disability"":""With disability"",""sex"":""Male""}",U.S. Bureau of Labor Statistics,Current Population Survey / LABSTAT,https://api.bls.gov/publicAPI/v2/timeseries/data/,api,2026-08-13,us_cps_unemployment_rate_age16_plus,archive_matched,"The U.S. Current Population Survey labor-force universe begins at age 16. The global SDG framework generally begins at age 15; this is a U.S. age-coverage qualification, not a calculation error."
8.5.2,"Unemployment rate, by sex, age and persons with disabilities",2011,24.0,percent,United States,"{""age"":""16-19"",""disability"":""No disability""}",U.S. Bureau of Labor Statistics,Current Population Survey / LABSTAT,https://api.bls.gov/publicAPI/v2/timeseries/data/,api,2026-08-13,us_cps_unemployment_rate_age16_plus,current_methodology_verified,"The U.S. Current Population Survey labor-force universe begins at age 16. The global SDG framework generally begins at age 15; this is a U.S. age-coverage qualification, not a calculation error."
8.5.2,"Unemployment rate, by sex, age and persons with disabilities",2011,42.4,percent,United States,"{""age"":""16-19"",""disability"":""With disability""}",U.S. Bureau of Labor Statistics,Current Population Survey / LABSTAT,https://api.bls.gov/publicAPI/v2/timeseries/data/,api,2026-08-13,us_cps_unemployment_rate_age16_plus,current_methodology_verified,"The U.S. Current Population Survey labor-force universe begins at age 16. The global SDG framework generally begins at age 15; this is a U.S. age-coverage qualification, not a calculation error."
8.5.2,"Unemployment rate, by sex, age and persons with disabilities",2011,8.8,percent,United States,"{""age"":""16-64"",""disability"":""No disability""}",U.S. Bureau of Labor Statistics,Current Population Survey / LABSTAT,https://api.bls.gov/publicAPI/v2/timeseries/data/,api,2026-08-13,us_cps_unemployment_rate_age16_plus,current_methodology_verified,"The U.S. Current Population Survey labor-force universe begins at age 16. The global SDG framework generally begins at age 15; this is a U.S. age-coverage qualification, not a calculation error."
8.5.2,"Unemployment rate, by sex, age and persons with disabilities",2011,16.2,percent,United States,"{""age"":""16-64"",""disability"":""With disability""}",U.S. Bureau of Labor Statistics,Current Population Survey / LABSTAT,https://api.bls.gov/publicAPI/v2/timeseries/data/,api,2026-08-13,us_cps_unemployment_rate_age16_plus,current_methodology_verified,"The U.S. Current Population Survey labor-force universe begins at age 16. The global SDG framework generally begins at age 15; this is a U.S. age-coverage qualification, not a calculation error."
8.5.2,"Unemployment rate, by sex, age and persons with disabilities",2011,14.4,percent,United States,"{""age"":""20-24"",""disability"":""No disability""}",U.S. Bureau of Labor Statistics,Current Population Survey / LABSTAT,https://api.bls.gov/publicAPI/v2/timeseries/data/,api,2026-08-13,us_cps_unemployment_rate_age16_plus,current_methodology_verified,"The U.S. Current Population Survey labor-force universe begins at age 16. The global SDG framework generally begins at age 15; this is a U.S. age-coverage qualification, not a calculation error."
8.5.2,"Unemployment rate, by sex, age and persons with disabilities",2011,27.1,percent,United States,"{""age"":""20-24"",""disability"":""With disability""}",U.S. Bureau of Labor Statistics,Current Population Survey / LABSTAT,https://api.bls.gov/publicAPI/v2/timeseries/data/,api,2026-08-13,us_cps_unemployment_rate_age16_plus,current_methodology_verified,"The U.S. Current Population Survey labor-force universe begins at age 16. The global SDG framework generally begins at age 15; this is a U.S. age-coverage qualification, not a calculation error."
8.5.2,"Unemployment rate, by sex, age and persons with disabilities",2011,7.4,percent,United States,"{""age"":""25+"",""disability"":""No disability""}",U.S. Bureau of Labor Statistics,Current Population Survey / LABSTAT,https://api.bls.gov/publicAPI/v2/timeseries/data/,api,2026-08-13,us_cps_unemployment_rate_age16_plus,current_methodology_verified,"The U.S. Current Population Survey labor-force universe begins at age 16. The global SDG framework generally begins at age 15; this is a U.S. age-coverage qualification, not a calculation error."
8.5.2,"Unemployment rate, by sex, age and persons with disabilities",2011,13.7,percent,United States,"{""age"":""25+"",""disability"":""With disability""}",U.S. Bureau of Labor Statistics,Current Population Survey / LABSTAT,https://api.bls.gov/publicAPI/v2/timeseries/data/,api,2026-08-13,us_cps_unemployment_rate_age16_plus,current_methodology_verified,"The U.S. Current Population Survey labor-force universe begins at age 16. The global SDG framework generally begins at age 15; this is a U.S. age-coverage qualification, not a calculation error."
8.5.2,"Unemployment rate, by sex, age and persons with disabilities",2011,9.2,percent,United States,"{""age"":""25-34"",""disability"":""No disability""}",U.S. Bureau of Labor Statistics,Current Population Survey / LABSTAT,https://api.bls.gov/publicAPI/v2/timeseries/data/,api,2026-08-13,us_cps_unemployment_rate_age16_plus,current_methodology_verified,"The U.S. Current Population Survey labor-force universe begins at age 16. The global SDG framework generally begins at age 15; this is a U.S. age-coverage qualification, not a calculation error."
8.5.2,"Unemployment rate, by sex, age and persons with disabilities",2011,21.7,percent,United States,"{""age"":""25-34"",""disability"":""With disability""}",U.S. Bureau of Labor Statistics,Current Population Survey / LABSTAT,https://api.bls.gov/publicAPI/v2/timeseries/data/,api,2026-08-13,us_cps_unemployment_rate_age16_plus,current_methodology_verified,"The U.S. Current Population Survey labor-force universe begins at age 16. The global SDG framework generally begins at age 15; this is a U.S. age-coverage qualification, not a calculation error."
8.5.2,"Unemployment rate, by sex, age and persons with disabilities",2011,7.1,percent,United States,"{""age"":""35-44"",""disability"":""No disability""}",U.S. Bureau of Labor Statistics,Current Population Survey / LABSTAT,https://api.bls.gov/publicAPI/v2/timeseries/data/,api,2026-08-13,us_cps_unemployment_rate_age16_plus,current_methodology_verified,"The U.S. Current Population Survey labor-force universe begins at age 16. The global SDG framework generally begins at age 15; this is a U.S. age-coverage qualification, not a calculation error."
8.5.2,"Unemployment rate, by sex, age and persons with disabilities",2011,16.7,percent,United States,"{""age"":""35-44"",""disability"":""With disability""}",U.S. Bureau of Labor Statistics,Current Population Survey / LABSTAT,https://api.bls.gov/publicAPI/v2/timeseries/data/,api,2026-08-13,us_cps_unemployment_rate_age16_plus,current_methodology_verified,"The U.S. Current Population Survey labor-force universe begins at age 16. The global SDG framework generally begins at age 15; this is a U.S. age-coverage qualification, not a calculation error."
8.5.2,"Unemployment rate, by sex, age and persons with disabilities",2011,6.8,percent,United States,"{""age"":""45-54"",""disability"":""No disability""}",U.S. Bureau of Labor Statistics,Current Population Survey / LABSTAT,https://api.bls.gov/publicAPI/v2/timeseries/data/,api,2026-08-13,us_cps_unemployment_rate_age16_plus,current_methodology_verified,"The U.S. Current Population Survey labor-force universe begins at age 16. The global SDG framework generally begins at age 15; this is a U.S. age-coverage qualification, not a calculation error."
8.5.2,"Unemployment rate, by sex, age and persons with disabilities",2011,14.2,percent,United States,"{""age"":""45-54"",""disability"":""With disability""}",U.S. Bureau of Labor Statistics,Current Population Survey / LABSTAT,https://api.bls.gov/publicAPI/v2/timeseries/data/,api,2026-08-13,us_cps_unemployment_rate_age16_plus,current_methodology_verified,"The U.S. Current Population Survey labor-force universe begins at age 16. The global SDG framework generally begins at age 15; this is a U.S. age-coverage qualification, not a calculation error."
8.5.2,"Unemployment rate, by sex, age and persons with disabilities",2011,6.4,percent,United States,"{""age"":""55-64"",""disability"":""No disability""}",U.S. Bureau of Labor Statistics,Current Population Survey / LABSTAT,https://api.bls.gov/publicAPI/v2/timeseries/data/,api,2026-08-13,us_cps_unemployment_rate_age16_plus,current_methodology_verified,"The U.S. Current Population Survey labor-force universe begins at age 16. The global SDG framework generally begins at age 15; this is a U.S. age-coverage qualification, not a calculation error."
8.5.2,"Unemployment rate, by sex, age and persons with disabilities",2011,10.8,percent,United States,"{""age"":""55-64"",""disability"":""With disability""}",U.S. Bureau of Labor Statistics,Current Population Survey / LABSTAT,https://api.bls.gov/publicAPI/v2/timeseries/data/,api,2026-08-13,us_cps_unemployment_rate_age16_plus,current_methodology_verified,"The U.S. Current Population Survey labor-force universe begins at age 16. The global SDG framework generally begins at age 15; this is a U.S. age-coverage qualification, not a calculation error."
8.5.2,"Unemployment rate, by sex, age and persons with disabilities",2011,8.2,percent,United States,"{""disability"":""No disability"",""sex"":""Female""}",U.S. Bureau of Labor Statistics,Current Population Survey / LABSTAT,https://api.bls.gov/publicAPI/v2/timeseries/data/,api,2026-08-13,us_cps_unemployment_rate_age16_plus,archive_matched,"The U.S. Current Population Survey labor-force universe begins at age 16. The global SDG framework generally begins at age 15; this is a U.S. age-coverage qualification, not a calculation error."
8.5.2,"Unemployment rate, by sex, age and persons with disabilities",2011,9.1,percent,United States,"{""disability"":""No disability"",""sex"":""Male""}",U.S. Bureau of Labor Statistics,Current Population Survey / LABSTAT,https://api.bls.gov/publicAPI/v2/timeseries/data/,api,2026-08-13,us_cps_unemployment_rate_age16_plus,archive_matched,"The U.S. Current Population Survey labor-force universe begins at age 16. The global SDG framework generally begins at age 15; this is a U.S. age-coverage qualification, not a calculation error."
8.5.2,"Unemployment rate, by sex, age and persons with disabilities",2011,14.7,percent,United States,"{""disability"":""With disability"",""sex"":""Female""}",U.S. Bureau of Labor Statistics,Current Population Survey / LABSTAT,https://api.bls.gov/publicAPI/v2/timeseries/data/,api,2026-08-13,us_cps_unemployment_rate_age16_plus,archive_matched,"The U.S. Current Population Survey labor-force universe begins at age 16. The global SDG framework generally begins at age 15; this is a U.S. age-coverage qualification, not a calculation error."
8.5.2,"Unemployment rate, by sex, age and persons with disabilities",2011,15.3,percent,United States,"{""disability"":""With disability"",""sex"":""Male""}",U.S. Bureau of Labor Statistics,Current Population Survey / LABSTAT,https://api.bls.gov/publicAPI/v2/timeseries/data/,api,2026-08-13,us_cps_unemployment_rate_age16_plus,archive_matched,"The U.S. Current Population Survey labor-force universe begins at age 16. The global SDG framework generally begins at age 15; this is a U.S. age-coverage qualification, not a calculation error."
8.5.2,"Unemployment rate, by sex, age and persons with disabilities",2012,23.6,percent,United States,"{""age"":""16-19"",""disability"":""No disability""}",U.S. Bureau of Labor Statistics,Current Population Survey / LABSTAT,https://api.bls.gov/publicAPI/v2/timeseries/data/,api,2026-08-13,us_cps_unemployment_rate_age16_plus,current_methodology_verified,"The U.S. Current Population Survey labor-force universe begins at age 16. The global SDG framework generally begins at age 15; this is a U.S. age-coverage qualification, not a calculation error."
8.5.2,"Unemployment rate, by sex, age and persons with disabilities",2012,38.7,percent,United States,"{""age"":""16-19"",""disability"":""With disability""}",U.S. Bureau of Labor Statistics,Current Population Survey / LABSTAT,https://api.bls.gov/publicAPI/v2/timeseries/data/,api,2026-08-13,us_cps_unemployment_rate_age16_plus,current_methodology_verified,"The U.S. Current Population Survey labor-force universe begins at age 16. The global SDG framework generally begins at age 15; this is a U.S. age-coverage qualification, not a calculation error."
8.5.2,"Unemployment rate, by sex, age and persons with disabilities",2012,7.9,percent,United States,"{""age"":""16-64"",""disability"":""No disability""}",U.S. Bureau of Labor Statistics,Current Population Survey / LABSTAT,https://api.bls.gov/publicAPI/v2/timeseries/data/,api,2026-08-13,us_cps_unemployment_rate_age16_plus,current_methodology_verified,"The U.S. Current Population Survey labor-force universe begins at age 16. The global SDG framework generally begins at age 15; this is a U.S. age-coverage qualification, not a calculation error."
8.5.2,"Unemployment rate, by sex, age and persons with disabilities",2012,14.6,percent,United States,"{""age"":""16-64"",""disability"":""With disability""}",U.S. Bureau of Labor Statistics,Current Population Survey / LABSTAT,https://api.bls.gov/publicAPI/v2/timeseries/data/,api,2026-08-13,us_cps_unemployment_rate_age16_plus,current_methodology_verified,"The U.S. Current Population Survey labor-force universe begins at age 16. The global SDG framework generally begins at age 15; this is a U.S. age-coverage qualification, not a calculation error."
8.5.2,"Unemployment rate, by sex, age and persons with disabilities",2012,13.0,percent,United States,"{""age"":""20-24"",""disability"":""No disability""}",U.S. Bureau of Labor Statistics,Current Population Survey / LABSTAT,https://api.bls.gov/publicAPI/v2/timeseries/data/,api,2026-08-13,us_cps_unemployment_rate_age16_plus,current_methodology_verified,"The U.S. Current Population Survey labor-force universe begins at age 16. The global SDG framework generally begins at age 15; this is a U.S. age-coverage qualification, not a calculation error."
8.5.2,"Unemployment rate, by sex, age and persons with disabilities",2012,27.7,percent,United States,"{""age"":""20-24"",""disability"":""With disability""}",U.S. Bureau of Labor Statistics,Current Population Survey / LABSTAT,https://api.bls.gov/publicAPI/v2/timeseries/data/,api,2026-08-13,us_cps_unemployment_rate_age16_plus,current_methodology_verified,"The U.S. Current Population Survey labor-force universe begins at age 16. The global SDG framework generally begins at age 15; this is a U.S. age-coverage qualification, not a calculation error."
8.5.2,"Unemployment rate, by sex, age and persons with disabilities",2012,6.6,percent,United States,"{""age"":""25+"",""disability"":""No disability""}",U.S. Bureau of Labor Statistics,Current Population Survey / LABSTAT,https://api.bls.gov/publicAPI/v2/timeseries/data/,api,2026-08-13,us_cps_unemployment_rate_age16_plus,current_methodology_verified,"The U.S. Current Population Survey labor-force universe begins at age 16. The global SDG framework generally begins at age 15; this is a U.S. age-coverage qualification, not a calculation error."
8.5.2,"Unemployment rate, by sex, age and persons with disabilities",2012,11.9,percent,United States,"{""age"":""25+"",""disability"":""With disability""}",U.S. Bureau of Labor Statistics,Current Population Survey / LABSTAT,https://api.bls.gov/publicAPI/v2/timeseries/data/,api,2026-08-13,us_cps_unemployment_rate_age16_plus,current_methodology_verified,"The U.S. Current Population Survey labor-force universe begins at age 16. The global SDG framework generally begins at age 15; this is a U.S. age-coverage qualification, not a calculation error."
8.5.2,"Unemployment rate, by sex, age and persons with disabilities",2012,8.1,percent,United States,"{""age"":""25-34"",""disability"":""No disability""}",U.S. Bureau of Labor Statistics,Current Population Survey / LABSTAT,https://api.bls.gov/publicAPI/v2/timeseries/data/,api,2026-08-13,us_cps_unemployment_rate_age16_plus,current_methodology_verified,"The U.S. Current Population Survey labor-force universe begins at age 16. The global SDG framework generally begins at age 15; this is a U.S. age-coverage qualification, not a calculation error."
8.5.2,"Unemployment rate, by sex, age and persons with disabilities",2012,18.0,percent,United States,"{""age"":""25-34"",""disability"":""With disability""}",U.S. Bureau of Labor Statistics,Current Population Survey / LABSTAT,https://api.bls.gov/publicAPI/v2/timeseries/data/,api,2026-08-13,us_cps_unemployment_rate_age16_plus,current_methodology_verified,"The U.S. Current Population Survey labor-force universe begins at age 16. The global SDG framework generally begins at age 15; this is a U.S. age-coverage qualification, not a calculation error."
8.5.2,"Unemployment rate, by sex, age and persons with disabilities",2012,6.4,percent,United States,"{""age"":""35-44"",""disability"":""No disability""}",U.S. Bureau of Labor Statistics,Current Population Survey / LABSTAT,https://api.bls.gov/publicAPI/v2/timeseries/data/,api,2026-08-13,us_cps_unemployment_rate_age16_plus,current_methodology_verified,"The U.S. Current Population Survey labor-force universe begins at age 16. The global SDG framework generally begins at age 15; this is a U.S. age-coverage qualification, not a calculation error."
8.5.2,"Unemployment rate, by sex, age and persons with disabilities",2012,15.8,percent,United States,"{""age"":""35-44"",""disability"":""With disability""}",U.S. Bureau of Labor Statistics,Current Population Survey / LABSTAT,https://api.bls.gov/publicAPI/v2/timeseries/data/,api,2026-08-13,us_cps_unemployment_rate_age16_plus,current_methodology_verified,"The U.S. Current Population Survey labor-force universe begins at age 16. The global SDG framework generally begins at age 15; this is a U.S. age-coverage qualification, not a calculation error."
8.5.2,"Unemployment rate, by sex, age and persons with disabilities",2012,6.0,percent,United States,"{""age"":""45-54"",""disability"":""No disability""}",U.S. Bureau of Labor Statistics,Current Population Survey / LABSTAT,https://api.bls.gov/publicAPI/v2/timeseries/data/,api,2026-08-13,us_cps_unemployment_rate_age16_plus,current_methodology_verified,"The U.S. Current Population Survey labor-force universe begins at age 16. The global SDG framework generally begins at age 15; this is a U.S. age-coverage qualification, not a calculation error."
8.5.2,"Unemployment rate, by sex, age and persons with disabilities",2012,12.6,percent,United States,"{""age"":""45-54"",""disability"":""With disability""}",U.S. Bureau of Labor Statistics,Current Population Survey / LABSTAT,https://api.bls.gov/publicAPI/v2/timeseries/data/,api,2026-08-13,us_cps_unemployment_rate_age16_plus,current_methodology_verified,"The U.S. Current Population Survey labor-force universe begins at age 16. The global SDG framework generally begins at age 15; this is a U.S. age-coverage qualification, not a calculation error."
8.5.2,"Unemployment rate, by sex, age and persons with disabilities",2012,5.7,percent,United States,"{""age"":""55-64"",""disability"":""No disability""}",U.S. Bureau of Labor Statistics,Current Population Survey / LABSTAT,https://api.bls.gov/publicAPI/v2/timeseries/data/,api,2026-08-13,us_cps_unemployment_rate_age16_plus,current_methodology_verified,"The U.S. Current Population Survey labor-force universe begins at age 16. The global SDG framework generally begins at age 15; this is a U.S. age-coverage qualification, not a calculation error."
8.5.2,"Unemployment rate, by sex, age and persons with disabilities",2012,9.4,percent,United States,"{""age"":""55-64"",""disability"":""With disability""}",U.S. Bureau of Labor Statistics,Current Population Survey / LABSTAT,https://api.bls.gov/publicAPI/v2/timeseries/data/,api,2026-08-13,us_cps_unemployment_rate_age16_plus,current_methodology_verified,"The U.S. Current Population Survey labor-force universe begins at age 16. The global SDG framework generally begins at age 15; this is a U.S. age-coverage qualification, not a calculation error."
8.5.2,"Unemployment rate, by sex, age and persons with disabilities",2012,7.7,percent,United States,"{""disability"":""No disability"",""sex"":""Female""}",U.S. Bureau of Labor Statistics,Current Population Survey / LABSTAT,https://api.bls.gov/publicAPI/v2/timeseries/data/,api,2026-08-13,us_cps_unemployment_rate_age16_plus,archive_matched,"The U.S. Current Population Survey labor-force universe begins at age 16. The global SDG framework generally begins at age 15; this is a U.S. age-coverage qualification, not a calculation error."
8.5.2,"Unemployment rate, by sex, age and persons with disabilities",2012,8.0,percent,United States,"{""disability"":""No disability"",""sex"":""Male""}",U.S. Bureau of Labor Statistics,Current Population Survey / LABSTAT,https://api.bls.gov/publicAPI/v2/timeseries/data/,api,2026-08-13,us_cps_unemployment_rate_age16_plus,archive_matched,"The U.S. Current Population Survey labor-force universe begins at age 16. The global SDG framework generally begins at age 15; this is a U.S. age-coverage qualification, not a calculation error."
8.5.2,"Unemployment rate, by sex, age and persons with disabilities",2012,13.7,percent,United States,"{""disability"":""With disability"",""sex"":""Female""}",U.S. Bureau of Labor Statistics,Current Population Survey / LABSTAT,https://api.bls.gov/publicAPI/v2/timeseries/data/,api,2026-08-13,us_cps_unemployment_rate_age16_plus,archive_matched,"The U.S. Current Population Survey labor-force universe begins at age 16. The global SDG framework generally begins at age 15; this is a U.S. age-coverage qualification, not a calculation error."
8.5.2,"Unemployment rate, by sex, age and persons with disabilities",2012,13.2,percent,United States,"{""disability"":""With disability"",""sex"":""Male""}",U.S. Bureau of Labor Statistics,Current Population Survey / LABSTAT,https://api.bls.gov/publicAPI/v2/timeseries/data/,api,2026-08-13,us_cps_unemployment_rate_age16_plus,archive_matched,"The U.S. Current Population Survey labor-force universe begins at age 16. The global SDG framework generally begins at age 15; this is a U.S. age-coverage qualification, not a calculation error."
8.5.2,"Unemployment rate, by sex, age and persons with disabilities",2013,22.5,percent,United States,"{""age"":""16-19"",""disability"":""No disability""}",U.S. Bureau of Labor Statistics,Current Population Survey / LABSTAT,https://api.bls.gov/publicAPI/v2/timeseries/data/,api,2026-08-13,us_cps_unemployment_rate_age16_plus,current_methodology_verified,"The U.S. Current Population Survey labor-force universe begins at age 16. The global SDG framework generally begins at age 15; this is a U.S. age-coverage qualification, not a calculation error."
8.5.2,"Unemployment rate, by sex, age and persons with disabilities",2013,42.3,percent,United States,"{""age"":""16-19"",""disability"":""With disability""}",U.S. Bureau of Labor Statistics,Current Population Survey / LABSTAT,https://api.bls.gov/publicAPI/v2/timeseries/data/,api,2026-08-13,us_cps_unemployment_rate_age16_plus,current_methodology_verified,"The U.S. Current Population Survey labor-force universe begins at age 16. The global SDG framework generally begins at age 15; this is a U.S. age-coverage qualification, not a calculation error."
8.5.2,"Unemployment rate, by sex, age and persons with disabilities",2013,7.2,percent,United States,"{""age"":""16-64"",""disability"":""No disability""}",U.S. Bureau of Labor Statistics,Current Population Survey / LABSTAT,https://api.bls.gov/publicAPI/v2/timeseries/data/,api,2026-08-13,us_cps_unemployment_rate_age16_plus,current_methodology_verified,"The U.S. Current Population Survey labor-force universe begins at age 16. The global SDG framework generally begins at age 15; this is a U.S. age-coverage qualification, not a calculation error."
8.5.2,"Unemployment rate, by sex, age and persons with disabilities",2013,14.7,percent,United States,"{""age"":""16-64"",""disability"":""With disability""}",U.S. Bureau of Labor Statistics,Current Population Survey / LABSTAT,https://api.bls.gov/publicAPI/v2/timeseries/data/,api,2026-08-13,us_cps_unemployment_rate_age16_plus,current_methodology_verified,"The U.S. Current Population Survey labor-force universe begins at age 16. The global SDG framework generally begins at age 15; this is a U.S. age-coverage qualification, not a calculation error."
8.5.2,"Unemployment rate, by sex, age and persons with disabilities",2013,12.4,percent,United States,"{""age"":""20-24"",""disability"":""No disability""}",U.S. Bureau of Labor Statistics,Current Population Survey / LABSTAT,https://api.bls.gov/publicAPI/v2/timeseries/data/,api,2026-08-13,us_cps_unemployment_rate_age16_plus,current_methodology_verified,"The U.S. Current Population Survey labor-force universe begins at age 16. The global SDG framework generally begins at age 15; this is a U.S. age-coverage qualification, not a calculation error."
8.5.2,"Unemployment rate, by sex, age and persons with disabilities",2013,27.9,percent,United States,"{""age"":""20-24"",""disability"":""With disability""}",U.S. Bureau of Labor Statistics,Current Population Survey / LABSTAT,https://api.bls.gov/publicAPI/v2/timeseries/data/,api,2026-08-13,us_cps_unemployment_rate_age16_plus,current_methodology_verified,"The U.S. Current Population Survey labor-force universe begins at age 16. The global SDG framework generally begins at age 15; this is a U.S. age-coverage qualification, not a calculation error."
8.5.2,"Unemployment rate, by sex, age and persons with disabilities",2013,5.8,percent,United States,"{""age"":""25+"",""disability"":""No disability""}",U.S. Bureau of Labor Statistics,Current Population Survey / LABSTAT,https://api.bls.gov/publicAPI/v2/timeseries/data/,api,2026-08-13,us_cps_unemployment_rate_age16_plus,current_methodology_verified,"The U.S. Current Population Survey labor-force universe begins at age 16. The global SDG framework generally begins at age 15; this is a U.S. age-coverage qualification, not a calculation error."
8.5.2,"Unemployment rate, by sex, age and persons with disabilities",2013,11.4,percent,United States,"{""age"":""25+"",""disability"":""With disability""}",U.S. Bureau of Labor Statistics,Current Population Survey / LABSTAT,https://api.bls.gov/publicAPI/v2/timeseries/data/,api,2026-08-13,us_cps_unemployment_rate_age16_plus,current_methodology_verified,"The U.S. Current Population Survey labor-force universe begins at age 16. The global SDG framework generally begins at age 15; this is a U.S. age-coverage qualification, not a calculation error."
8.5.2,"Unemployment rate, by sex, age and persons with disabilities",2013,7.2,percent,United States,"{""age"":""25-34"",""disability"":""No disability""}",U.S. Bureau of Labor Statistics,Current Population Survey / LABSTAT,https://api.bls.gov/publicAPI/v2/timeseries/data/,api,2026-08-13,us_cps_unemployment_rate_age16_plus,current_methodology_verified,"The U.S. Current Population Survey labor-force universe begins at age 16. The global SDG framework generally begins at age 15; this is a U.S. age-coverage qualification, not a calculation error."
8.5.2,"Unemployment rate, by sex, age and persons with disabilities",2013,17.2,percent,United States,"{""age"":""25-34"",""disability"":""With disability""}",U.S. Bureau of Labor Statistics,Current Population Survey / LABSTAT,https://api.bls.gov/publicAPI/v2/timeseries/data/,api,2026-08-13,us_cps_unemployment_rate_age16_plus,current_methodology_verified,"The U.S. Current Population Survey labor-force universe begins at age 16. The global SDG framework generally begins at age 15; this is a U.S. age-coverage qualification, not a calculation error."
8.5.2,"Unemployment rate, by sex, age and persons with disabilities",2013,5.6,percent,United States,"{""age"":""35-44"",""disability"":""No disability""}",U.S. Bureau of Labor Statistics,Current Population Survey / LABSTAT,https://api.bls.gov/publicAPI/v2/timeseries/data/,api,2026-08-13,us_cps_unemployment_rate_age16_plus,current_methodology_verified,"The U.S. Current Population Survey labor-force universe begins at age 16. The global SDG framework generally begins at age 15; this is a U.S. age-coverage qualification, not a calculation error."
8.5.2,"Unemployment rate, by sex, age and persons with disabilities",2013,15.1,percent,United States,"{""age"":""35-44"",""disability"":""With disability""}",U.S. Bureau of Labor Statistics,Current Population Survey / LABSTAT,https://api.bls.gov/publicAPI/v2/timeseries/data/,api,2026-08-13,us_cps_unemployment_rate_age16_plus,current_methodology_verified,"The U.S. Current Population Survey labor-force universe begins at age 16. The global SDG framework generally begins at age 15; this is a U.S. age-coverage qualification, not a calculation error."
8.5.2,"Unemployment rate, by sex, age and persons with disabilities",2013,5.4,percent,United States,"{""age"":""45-54"",""disability"":""No disability""}",U.S. Bureau of Labor Statistics,Current Population Survey / LABSTAT,https://api.bls.gov/publicAPI/v2/timeseries/data/,api,2026-08-13,us_cps_unemployment_rate_age16_plus,current_methodology_verified,"The U.S. Current Population Survey labor-force universe begins at age 16. The global SDG framework generally begins at age 15; this is a U.S. age-coverage qualification, not a calculation error."
8.5.2,"Unemployment rate, by sex, age and persons with disabilities",2013,12.3,percent,United States,"{""age"":""45-54"",""disability"":""With disability""}",U.S. Bureau of Labor Statistics,Current Population Survey / LABSTAT,https://api.bls.gov/publicAPI/v2/timeseries/data/,api,2026-08-13,us_cps_unemployment_rate_age16_plus,current_methodology_verified,"The U.S. Current Population Survey labor-force universe begins at age 16. The global SDG framework generally begins at age 15; this is a U.S. age-coverage qualification, not a calculation error."
8.5.2,"Unemployment rate, by sex, age and persons with disabilities",2013,5.1,percent,United States,"{""age"":""55-64"",""disability"":""No disability""}",U.S. Bureau of Labor Statistics,Current Population Survey / LABSTAT,https://api.bls.gov/publicAPI/v2/timeseries/data/,api,2026-08-13,us_cps_unemployment_rate_age16_plus,current_methodology_verified,"The U.S. Current Population Survey labor-force universe begins at age 16. The global SDG framework generally begins at age 15; this is a U.S. age-coverage qualification, not a calculation error."
8.5.2,"Unemployment rate, by sex, age and persons with disabilities",2013,9.4,percent,United States,"{""age"":""55-64"",""disability"":""With disability""}",U.S. Bureau of Labor Statistics,Current Population Survey / LABSTAT,https://api.bls.gov/publicAPI/v2/timeseries/data/,api,2026-08-13,us_cps_unemployment_rate_age16_plus,current_methodology_verified,"The U.S. Current Population Survey labor-force universe begins at age 16. The global SDG framework generally begins at age 15; this is a U.S. age-coverage qualification, not a calculation error."
8.5.2,"Unemployment rate, by sex, age and persons with disabilities",2013,6.8,percent,United States,"{""disability"":""No disability"",""sex"":""Female""}",U.S. Bureau of Labor Statistics,Current Population Survey / LABSTAT,https://api.bls.gov/publicAPI/v2/timeseries/data/,api,2026-08-13,us_cps_unemployment_rate_age16_plus,archive_matched,"The U.S. Current Population Survey labor-force universe begins at age 16. The global SDG framework generally begins at age 15; this is a U.S. age-coverage qualification, not a calculation error."
8.5.2,"Unemployment rate, by sex, age and persons with disabilities",2013,7.4,percent,United States,"{""disability"":""No disability"",""sex"":""Male""}",U.S. Bureau of Labor Statistics,Current Population Survey / LABSTAT,https://api.bls.gov/publicAPI/v2/timeseries/data/,api,2026-08-13,us_cps_unemployment_rate_age16_plus,archive_matched,"The U.S. Current Population Survey labor-force universe begins at age 16. The global SDG framework generally begins at age 15; this is a U.S. age-coverage qualification, not a calculation error."
8.5.2,"Unemployment rate, by sex, age and persons with disabilities",2013,13.5,percent,United States,"{""disability"":""With disability"",""sex"":""Female""}",U.S. Bureau of Labor Statistics,Current Population Survey / LABSTAT,https://api.bls.gov/publicAPI/v2/timeseries/data/,api,2026-08-13,us_cps_unemployment_rate_age16_plus,archive_matched,"The U.S. Current Population Survey labor-force universe begins at age 16. The global SDG framework generally begins at age 15; this is a U.S. age-coverage qualification, not a calculation error."
8.5.2,"Unemployment rate, by sex, age and persons with disabilities",2013,13.0,percent,United States,"{""disability"":""With disability"",""sex"":""Male""}",U.S. Bureau of Labor Statistics,Current Population Survey / LABSTAT,https://api.bls.gov/publicAPI/v2/timeseries/data/,api,2026-08-13,us_cps_unemployment_rate_age16_plus,archive_matched,"The U.S. Current Population Survey labor-force universe begins at age 16. The global SDG framework generally begins at age 15; this is a U.S. age-coverage qualification, not a calculation error."
8.5.2,"Unemployment rate, by sex, age and persons with disabilities",2014,19.0,percent,United States,"{""age"":""16-19"",""disability"":""No disability""}",U.S. Bureau of Labor Statistics,Current Population Survey / LABSTAT,https://api.bls.gov/publicAPI/v2/timeseries/data/,api,2026-08-13,us_cps_unemployment_rate_age16_plus,current_methodology_verified,"The U.S. Current Population Survey labor-force universe begins at age 16. The global SDG framework generally begins at age 15; this is a U.S. age-coverage qualification, not a calculation error."
8.5.2,"Unemployment rate, by sex, age and persons with disabilities",2014,41.0,percent,United States,"{""age"":""16-19"",""disability"":""With disability""}",U.S. Bureau of Labor Statistics,Current Population Survey / LABSTAT,https://api.bls.gov/publicAPI/v2/timeseries/data/,api,2026-08-13,us_cps_unemployment_rate_age16_plus,current_methodology_verified,"The U.S. Current Population Survey labor-force universe begins at age 16. The global SDG framework generally begins at age 15; this is a U.S. age-coverage qualification, not a calculation error."
8.5.2,"Unemployment rate, by sex, age and persons with disabilities",2014,6.0,percent,United States,"{""age"":""16-64"",""disability"":""No disability""}",U.S. Bureau of Labor Statistics,Current Population Survey / LABSTAT,https://api.bls.gov/publicAPI/v2/timeseries/data/,api,2026-08-13,us_cps_unemployment_rate_age16_plus,current_methodology_verified,"The U.S. Current Population Survey labor-force universe begins at age 16. The global SDG framework generally begins at age 15; this is a U.S. age-coverage qualification, not a calculation error."
8.5.2,"Unemployment rate, by sex, age and persons with disabilities",2014,13.9,percent,United States,"{""age"":""16-64"",""disability"":""With disability""}",U.S. Bureau of Labor Statistics,Current Population Survey / LABSTAT,https://api.bls.gov/publicAPI/v2/timeseries/data/,api,2026-08-13,us_cps_unemployment_rate_age16_plus,current_methodology_verified,"The U.S. Current Population Survey labor-force universe begins at age 16. The global SDG framework generally begins at age 15; this is a U.S. age-coverage qualification, not a calculation error."
8.5.2,"Unemployment rate, by sex, age and persons with disabilities",2014,10.8,percent,United States,"{""age"":""20-24"",""disability"":""No disability""}",U.S. Bureau of Labor Statistics,Current Population Survey / LABSTAT,https://api.bls.gov/publicAPI/v2/timeseries/data/,api,2026-08-13,us_cps_unemployment_rate_age16_plus,current_methodology_verified,"The U.S. Current Population Survey labor-force universe begins at age 16. The global SDG framework generally begins at age 15; this is a U.S. age-coverage qualification, not a calculation error."
8.5.2,"Unemployment rate, by sex, age and persons with disabilities",2014,25.7,percent,United States,"{""age"":""20-24"",""disability"":""With disability""}",U.S. Bureau of Labor Statistics,Current Population Survey / LABSTAT,https://api.bls.gov/publicAPI/v2/timeseries/data/,api,2026-08-13,us_cps_unemployment_rate_age16_plus,current_methodology_verified,"The U.S. Current Population Survey labor-force universe begins at age 16. The global SDG framework generally begins at age 15; this is a U.S. age-coverage qualification, not a calculation error."
8.5.2,"Unemployment rate, by sex, age and persons with disabilities",2014,4.8,percent,United States,"{""age"":""25+"",""disability"":""No disability""}",U.S. Bureau of Labor Statistics,Current Population Survey / LABSTAT,https://api.bls.gov/publicAPI/v2/timeseries/data/,api,2026-08-13,us_cps_unemployment_rate_age16_plus,current_methodology_verified,"The U.S. Current Population Survey labor-force universe begins at age 16. The global SDG framework generally begins at age 15; this is a U.S. age-coverage qualification, not a calculation error."
8.5.2,"Unemployment rate, by sex, age and persons with disabilities",2014,10.8,percent,United States,"{""age"":""25+"",""disability"":""With disability""}",U.S. Bureau of Labor Statistics,Current Population Survey / LABSTAT,https://api.bls.gov/publicAPI/v2/timeseries/data/,api,2026-08-13,us_cps_unemployment_rate_age16_plus,current_methodology_verified,"The U.S. Current Population Survey labor-force universe begins at age 16. The global SDG framework generally begins at age 15; this is a U.S. age-coverage qualification, not a calculation error."
8.5.2,"Unemployment rate, by sex, age and persons with disabilities",2014,6.2,percent,United States,"{""age"":""25-34"",""disability"":""No disability""}",U.S. Bureau of Labor Statistics,Current Population Survey / LABSTAT,https://api.bls.gov/publicAPI/v2/timeseries/data/,api,2026-08-13,us_cps_unemployment_rate_age16_plus,current_methodology_verified,"The U.S. Current Population Survey labor-force universe begins at age 16. The global SDG framework generally begins at age 15; this is a U.S. age-coverage qualification, not a calculation error."
8.5.2,"Unemployment rate, by sex, age and persons with disabilities",2014,17.9,percent,United States,"{""age"":""25-34"",""disability"":""With disability""}",U.S. Bureau of Labor Statistics,Current Population Survey / LABSTAT,https://api.bls.gov/publicAPI/v2/timeseries/data/,api,2026-08-13,us_cps_unemployment_rate_age16_plus,current_methodology_verified,"The U.S. Current Population Survey labor-force universe begins at age 16. The global SDG framework generally begins at age 15; this is a U.S. age-coverage qualification, not a calculation error."
8.5.2,"Unemployment rate, by sex, age and persons with disabilities",2014,4.5,percent,United States,"{""age"":""35-44"",""disability"":""No disability""}",U.S. Bureau of Labor Statistics,Current Population Survey / LABSTAT,https://api.bls.gov/publicAPI/v2/timeseries/data/,api,2026-08-13,us_cps_unemployment_rate_age16_plus,current_methodology_verified,"The U.S. Current Population Survey labor-force universe begins at age 16. The global SDG framework generally begins at age 15; this is a U.S. age-coverage qualification, not a calculation error."
8.5.2,"Unemployment rate, by sex, age and persons with disabilities",2014,13.8,percent,United States,"{""age"":""35-44"",""disability"":""With disability""}",U.S. Bureau of Labor Statistics,Current Population Survey / LABSTAT,https://api.bls.gov/publicAPI/v2/timeseries/data/,api,2026-08-13,us_cps_unemployment_rate_age16_plus,current_methodology_verified,"The U.S. Current Population Survey labor-force universe begins at age 16. The global SDG framework generally begins at age 15; this is a U.S. age-coverage qualification, not a calculation error."
8.5.2,"Unemployment rate, by sex, age and persons with disabilities",2014,4.2,percent,United States,"{""age"":""45-54"",""disability"":""No disability""}",U.S. Bureau of Labor Statistics,Current Population Survey / LABSTAT,https://api.bls.gov/publicAPI/v2/timeseries/data/,api,2026-08-13,us_cps_unemployment_rate_age16_plus,current_methodology_verified,"The U.S. Current Population Survey labor-force universe begins at age 16. The global SDG framework generally begins at age 15; this is a U.S. age-coverage qualification, not a calculation error."
8.5.2,"Unemployment rate, by sex, age and persons with disabilities",2014,11.6,percent,United States,"{""age"":""45-54"",""disability"":""With disability""}",U.S. Bureau of Labor Statistics,Current Population Survey / LABSTAT,https://api.bls.gov/publicAPI/v2/timeseries/data/,api,2026-08-13,us_cps_unemployment_rate_age16_plus,current_methodology_verified,"The U.S. Current Population Survey labor-force universe begins at age 16. The global SDG framework generally begins at age 15; this is a U.S. age-coverage qualification, not a calculation error."
8.5.2,"Unemployment rate, by sex, age and persons with disabilities",2014,4.1,percent,United States,"{""age"":""55-64"",""disability"":""No disability""}",U.S. Bureau of Labor Statistics,Current Population Survey / LABSTAT,https://api.bls.gov/publicAPI/v2/timeseries/data/,api,2026-08-13,us_cps_unemployment_rate_age16_plus,current_methodology_verified,"The U.S. Current Population Survey labor-force universe begins at age 16. The global SDG framework generally begins at age 15; this is a U.S. age-coverage qualification, not a calculation error."
8.5.2,"Unemployment rate, by sex, age and persons with disabilities",2014,8.4,percent,United States,"{""age"":""55-64"",""disability"":""With disability""}",U.S. Bureau of Labor Statistics,Current Population Survey / LABSTAT,https://api.bls.gov/publicAPI/v2/timeseries/data/,api,2026-08-13,us_cps_unemployment_rate_age16_plus,current_methodology_verified,"The U.S. Current Population Survey labor-force universe begins at age 16. The global SDG framework generally begins at age 15; this is a U.S. age-coverage qualification, not a calculation error."
8.5.2,"Unemployment rate, by sex, age and persons with disabilities",2014,5.8,percent,United States,"{""disability"":""No disability"",""sex"":""Female""}",U.S. Bureau of Labor Statistics,Current Population Survey / LABSTAT,https://api.bls.gov/publicAPI/v2/timeseries/data/,api,2026-08-13,us_cps_unemployment_rate_age16_plus,archive_matched,"The U.S. Current Population Survey labor-force universe begins at age 16. The global SDG framework generally begins at age 15; this is a U.S. age-coverage qualification, not a calculation error."
8.5.2,"Unemployment rate, by sex, age and persons with disabilities",2014,6.0,percent,United States,"{""disability"":""No disability"",""sex"":""Male""}",U.S. Bureau of Labor Statistics,Current Population Survey / LABSTAT,https://api.bls.gov/publicAPI/v2/timeseries/data/,api,2026-08-13,us_cps_unemployment_rate_age16_plus,archive_matched,"The U.S. Current Population Survey labor-force universe begins at age 16. The global SDG framework generally begins at age 15; this is a U.S. age-coverage qualification, not a calculation error."
8.5.2,"Unemployment rate, by sex, age and persons with disabilities",2014,12.5,percent,United States,"{""disability"":""With disability"",""sex"":""Female""}",U.S. Bureau of Labor Statistics,Current Population Survey / LABSTAT,https://api.bls.gov/publicAPI/v2/timeseries/data/,api,2026-08-13,us_cps_unemployment_rate_age16_plus,archive_matched,"The U.S. Current Population Survey labor-force universe begins at age 16. The global SDG framework generally begins at age 15; this is a U.S. age-coverage qualification, not a calculation error."
8.5.2,"Unemployment rate, by sex, age and persons with disabilities",2014,12.5,percent,United States,"{""disability"":""With disability"",""sex"":""Male""}",U.S. Bureau of Labor Statistics,Current Population Survey / LABSTAT,https://api.bls.gov/publicAPI/v2/timeseries/data/,api,2026-08-13,us_cps_unemployment_rate_age16_plus,archive_matched,"The U.S. Current Population Survey labor-force universe begins at age 16. The global SDG framework generally begins at age 15; this is a U.S. age-coverage qualification, not a calculation error."
8.5.2,"Unemployment rate, by sex, age and persons with disabilities",2015,16.6,percent,United States,"{""age"":""16-19"",""disability"":""No disability""}",U.S. Bureau of Labor Statistics,Current Population Survey / LABSTAT,https://api.bls.gov/publicAPI/v2/timeseries/data/,api,2026-08-13,us_cps_unemployment_rate_age16_plus,current_methodology_verified,"The U.S. Current Population Survey labor-force universe begins at age 16. The global SDG framework generally begins at age 15; this is a U.S. age-coverage qualification, not a calculation error."
8.5.2,"Unemployment rate, by sex, age and persons with disabilities",2015,30.7,percent,United States,"{""age"":""16-19"",""disability"":""With disability""}",U.S. Bureau of Labor Statistics,Current Population Survey / LABSTAT,https://api.bls.gov/publicAPI/v2/timeseries/data/,api,2026-08-13,us_cps_unemployment_rate_age16_plus,current_methodology_verified,"The U.S. Current Population Survey labor-force universe begins at age 16. The global SDG framework generally begins at age 15; this is a U.S. age-coverage qualification, not a calculation error."
8.5.2,"Unemployment rate, by sex, age and persons with disabilities",2015,5.2,percent,United States,"{""age"":""16-64"",""disability"":""No disability""}",U.S. Bureau of Labor Statistics,Current Population Survey / LABSTAT,https://api.bls.gov/publicAPI/v2/timeseries/data/,api,2026-08-13,us_cps_unemployment_rate_age16_plus,current_methodology_verified,"The U.S. Current Population Survey labor-force universe begins at age 16. The global SDG framework generally begins at age 15; this is a U.S. age-coverage qualification, not a calculation error."
8.5.2,"Unemployment rate, by sex, age and persons with disabilities",2015,11.7,percent,United States,"{""age"":""16-64"",""disability"":""With disability""}",U.S. Bureau of Labor Statistics,Current Population Survey / LABSTAT,https://api.bls.gov/publicAPI/v2/timeseries/data/,api,2026-08-13,us_cps_unemployment_rate_age16_plus,current_methodology_verified,"The U.S. Current Population Survey labor-force universe begins at age 16. The global SDG framework generally begins at age 15; this is a U.S. age-coverage qualification, not a calculation error."
8.5.2,"Unemployment rate, by sex, age and persons with disabilities",2015,9.4,percent,United States,"{""age"":""20-24"",""disability"":""No disability""}",U.S. Bureau of Labor Statistics,Current Population Survey / LABSTAT,https://api.bls.gov/publicAPI/v2/timeseries/data/,api,2026-08-13,us_cps_unemployment_rate_age16_plus,current_methodology_verified,"The U.S. Current Population Survey labor-force universe begins at age 16. The global SDG framework generally begins at age 15; this is a U.S. age-coverage qualification, not a calculation error."
8.5.2,"Unemployment rate, by sex, age and persons with disabilities",2015,20.3,percent,United States,"{""age"":""20-24"",""disability"":""With disability""}",U.S. Bureau of Labor Statistics,Current Population Survey / LABSTAT,https://api.bls.gov/publicAPI/v2/timeseries/data/,api,2026-08-13,us_cps_unemployment_rate_age16_plus,current_methodology_verified,"The U.S. Current Population Survey labor-force universe begins at age 16. The global SDG framework generally begins at age 15; this is a U.S. age-coverage qualification, not a calculation error."
8.5.2,"Unemployment rate, by sex, age and persons with disabilities",2015,4.1,percent,United States,"{""age"":""25+"",""disability"":""No disability""}",U.S. Bureau of Labor Statistics,Current Population Survey / LABSTAT,https://api.bls.gov/publicAPI/v2/timeseries/data/,api,2026-08-13,us_cps_unemployment_rate_age16_plus,current_methodology_verified,"The U.S. Current Population Survey labor-force universe begins at age 16. The global SDG framework generally begins at age 15; this is a U.S. age-coverage qualification, not a calculation error."
8.5.2,"Unemployment rate, by sex, age and persons with disabilities",2015,9.4,percent,United States,"{""age"":""25+"",""disability"":""With disability""}",U.S. Bureau of Labor Statistics,Current Population Survey / LABSTAT,https://api.bls.gov/publicAPI/v2/timeseries/data/,api,2026-08-13,us_cps_unemployment_rate_age16_plus,current_methodology_verified,"The U.S. Current Population Survey labor-force universe begins at age 16. The global SDG framework generally begins at age 15; this is a U.S. age-coverage qualification, not a calculation error."
8.5.2,"Unemployment rate, by sex, age and persons with disabilities",2015,5.3,percent,United States,"{""age"":""25-34"",""disability"":""No disability""}",U.S. Bureau of Labor Statistics,Current Population Survey / LABSTAT,https://api.bls.gov/publicAPI/v2/timeseries/data/,api,2026-08-13,us_cps_unemployment_rate_age16_plus,current_methodology_verified,"The U.S. Current Population Survey labor-force universe begins at age 16. The global SDG framework generally begins at age 15; this is a U.S. age-coverage qualification, not a calculation error."
8.5.2,"Unemployment rate, by sex, age and persons with disabilities",2015,16.1,percent,United States,"{""age"":""25-34"",""disability"":""With disability""}",U.S. Bureau of Labor Statistics,Current Population Survey / LABSTAT,https://api.bls.gov/publicAPI/v2/timeseries/data/,api,2026-08-13,us_cps_unemployment_rate_age16_plus,current_methodology_verified,"The U.S. Current Population Survey labor-force universe begins at age 16. The global SDG framework generally begins at age 15; this is a U.S. age-coverage qualification, not a calculation error."
8.5.2,"Unemployment rate, by sex, age and persons with disabilities",2015,3.9,percent,United States,"{""age"":""35-44"",""disability"":""No disability""}",U.S. Bureau of Labor Statistics,Current Population Survey / LABSTAT,https://api.bls.gov/publicAPI/v2/timeseries/data/,api,2026-08-13,us_cps_unemployment_rate_age16_plus,current_methodology_verified,"The U.S. Current Population Survey labor-force universe begins at age 16. The global SDG framework generally begins at age 15; this is a U.S. age-coverage qualification, not a calculation error."
8.5.2,"Unemployment rate, by sex, age and persons with disabilities",2015,11.8,percent,United States,"{""age"":""35-44"",""disability"":""With disability""}",U.S. Bureau of Labor Statistics,Current Population Survey / LABSTAT,https://api.bls.gov/publicAPI/v2/timeseries/data/,api,2026-08-13,us_cps_unemployment_rate_age16_plus,current_methodology_verified,"The U.S. Current Population Survey labor-force universe begins at age 16. The global SDG framework generally begins at age 15; this is a U.S. age-coverage qualification, not a calculation error."
8.5.2,"Unemployment rate, by sex, age and persons with disabilities",2015,3.5,percent,United States,"{""age"":""45-54"",""disability"":""No disability""}",U.S. Bureau of Labor Statistics,Current Population Survey / LABSTAT,https://api.bls.gov/publicAPI/v2/timeseries/data/,api,2026-08-13,us_cps_unemployment_rate_age16_plus,current_methodology_verified,"The U.S. Current Population Survey labor-force universe begins at age 16. The global SDG framework generally begins at age 15; this is a U.S. age-coverage qualification, not a calculation error."
8.5.2,"Unemployment rate, by sex, age and persons with disabilities",2015,8.8,percent,United States,"{""age"":""45-54"",""disability"":""With disability""}",U.S. Bureau of Labor Statistics,Current Population Survey / LABSTAT,https://api.bls.gov/publicAPI/v2/timeseries/data/,api,2026-08-13,us_cps_unemployment_rate_age16_plus,current_methodology_verified,"The U.S. Current Population Survey labor-force universe begins at age 16. The global SDG framework generally begins at age 15; this is a U.S. age-coverage qualification, not a calculation error."
8.5.2,"Unemployment rate, by sex, age and persons with disabilities",2015,3.5,percent,United States,"{""age"":""55-64"",""disability"":""No disability""}",U.S. Bureau of Labor Statistics,Current Population Survey / LABSTAT,https://api.bls.gov/publicAPI/v2/timeseries/data/,api,2026-08-13,us_cps_unemployment_rate_age16_plus,current_methodology_verified,"The U.S. Current Population Survey labor-force universe begins at age 16. The global SDG framework generally begins at age 15; this is a U.S. age-coverage qualification, not a calculation error."
8.5.2,"Unemployment rate, by sex, age and persons with disabilities",2015,7.7,percent,United States,"{""age"":""55-64"",""disability"":""With disability""}",U.S. Bureau of Labor Statistics,Current Population Survey / LABSTAT,https://api.bls.gov/publicAPI/v2/timeseries/data/,api,2026-08-13,us_cps_unemployment_rate_age16_plus,current_methodology_verified,"The U.S. Current Population Survey labor-force universe begins at age 16. The global SDG framework generally begins at age 15; this is a U.S. age-coverage qualification, not a calculation error."
8.5.2,"Unemployment rate, by sex, age and persons with disabilities",2015,5.0,percent,United States,"{""disability"":""No disability"",""sex"":""Female""}",U.S. Bureau of Labor Statistics,Current Population Survey / LABSTAT,https://api.bls.gov/publicAPI/v2/timeseries/data/,api,2026-08-13,us_cps_unemployment_rate_age16_plus,archive_matched,"The U.S. Current Population Survey labor-force universe begins at age 16. The global SDG framework generally begins at age 15; this is a U.S. age-coverage qualification, not a calculation error."
8.5.2,"Unemployment rate, by sex, age and persons with disabilities",2015,5.2,percent,United States,"{""disability"":""No disability"",""sex"":""Male""}",U.S. Bureau of Labor Statistics,Current Population Survey / LABSTAT,https://api.bls.gov/publicAPI/v2/timeseries/data/,api,2026-08-13,us_cps_unemployment_rate_age16_plus,archive_matched,"The U.S. Current Population Survey labor-force universe begins at age 16. The global SDG framework generally begins at age 15; this is a U.S. age-coverage qualification, not a calculation error."
8.5.2,"Unemployment rate, by sex, age and persons with disabilities",2015,10.8,percent,United States,"{""disability"":""With disability"",""sex"":""Female""}",U.S. Bureau of Labor Statistics,Current Population Survey / LABSTAT,https://api.bls.gov/publicAPI/v2/timeseries/data/,api,2026-08-13,us_cps_unemployment_rate_age16_plus,archive_matched,"The U.S. Current Population Survey labor-force universe begins at age 16. The global SDG framework generally begins at age 15; this is a U.S. age-coverage qualification, not a calculation error."
8.5.2,"Unemployment rate, by sex, age and persons with disabilities",2015,10.6,percent,United States,"{""disability"":""With disability"",""sex"":""Male""}",U.S. Bureau of Labor Statistics,Current Population Survey / LABSTAT,https://api.bls.gov/publicAPI/v2/timeseries/data/,api,2026-08-13,us_cps_unemployment_rate_age16_plus,archive_matched,"The U.S. Current Population Survey labor-force universe begins at age 16. The global SDG framework generally begins at age 15; this is a U.S. age-coverage qualification, not a calculation error."
8.5.2,"Unemployment rate, by sex, age and persons with disabilities",2016,15.1,percent,United States,"{""age"":""16-19"",""disability"":""No disability""}",U.S. Bureau of Labor Statistics,Current Population Survey / LABSTAT,https://api.bls.gov/publicAPI/v2/timeseries/data/,api,2026-08-13,us_cps_unemployment_rate_age16_plus,current_methodology_verified,"The U.S. Current Population Survey labor-force universe begins at age 16. The global SDG framework generally begins at age 15; this is a U.S. age-coverage qualification, not a calculation error."
8.5.2,"Unemployment rate, by sex, age and persons with disabilities",2016,35.8,percent,United States,"{""age"":""16-19"",""disability"":""With disability""}",U.S. Bureau of Labor Statistics,Current Population Survey / LABSTAT,https://api.bls.gov/publicAPI/v2/timeseries/data/,api,2026-08-13,us_cps_unemployment_rate_age16_plus,current_methodology_verified,"The U.S. Current Population Survey labor-force universe begins at age 16. The global SDG framework generally begins at age 15; this is a U.S. age-coverage qualification, not a calculation error."
8.5.2,"Unemployment rate, by sex, age and persons with disabilities",2016,4.7,percent,United States,"{""age"":""16-64"",""disability"":""No disability""}",U.S. Bureau of Labor Statistics,Current Population Survey / LABSTAT,https://api.bls.gov/publicAPI/v2/timeseries/data/,api,2026-08-13,us_cps_unemployment_rate_age16_plus,current_methodology_verified,"The U.S. Current Population Survey labor-force universe begins at age 16. The global SDG framework generally begins at age 15; this is a U.S. age-coverage qualification, not a calculation error."
8.5.2,"Unemployment rate, by sex, age and persons with disabilities",2016,11.5,percent,United States,"{""age"":""16-64"",""disability"":""With disability""}",U.S. Bureau of Labor Statistics,Current Population Survey / LABSTAT,https://api.bls.gov/publicAPI/v2/timeseries/data/,api,2026-08-13,us_cps_unemployment_rate_age16_plus,current_methodology_verified,"The U.S. Current Population Survey labor-force universe begins at age 16. The global SDG framework generally begins at age 15; this is a U.S. age-coverage qualification, not a calculation error."
8.5.2,"Unemployment rate, by sex, age and persons with disabilities",2016,8.1,percent,United States,"{""age"":""20-24"",""disability"":""No disability""}",U.S. Bureau of Labor Statistics,Current Population Survey / LABSTAT,https://api.bls.gov/publicAPI/v2/timeseries/data/,api,2026-08-13,us_cps_unemployment_rate_age16_plus,current_methodology_verified,"The U.S. Current Population Survey labor-force universe begins at age 16. The global SDG framework generally begins at age 15; this is a U.S. age-coverage qualification, not a calculation error."
8.5.2,"Unemployment rate, by sex, age and persons with disabilities",2016,19.5,percent,United States,"{""age"":""20-24"",""disability"":""With disability""}",U.S. Bureau of Labor Statistics,Current Population Survey / LABSTAT,https://api.bls.gov/publicAPI/v2/timeseries/data/,api,2026-08-13,us_cps_unemployment_rate_age16_plus,current_methodology_verified,"The U.S. Current Population Survey labor-force universe begins at age 16. The global SDG framework generally begins at age 15; this is a U.S. age-coverage qualification, not a calculation error."
8.5.2,"Unemployment rate, by sex, age and persons with disabilities",2016,3.8,percent,United States,"{""age"":""25+"",""disability"":""No disability""}",U.S. Bureau of Labor Statistics,Current Population Survey / LABSTAT,https://api.bls.gov/publicAPI/v2/timeseries/data/,api,2026-08-13,us_cps_unemployment_rate_age16_plus,current_methodology_verified,"The U.S. Current Population Survey labor-force universe begins at age 16. The global SDG framework generally begins at age 15; this is a U.S. age-coverage qualification, not a calculation error."
8.5.2,"Unemployment rate, by sex, age and persons with disabilities",2016,9.1,percent,United States,"{""age"":""25+"",""disability"":""With disability""}",U.S. Bureau of Labor Statistics,Current Population Survey / LABSTAT,https://api.bls.gov/publicAPI/v2/timeseries/data/,api,2026-08-13,us_cps_unemployment_rate_age16_plus,current_methodology_verified,"The U.S. Current Population Survey labor-force universe begins at age 16. The global SDG framework generally begins at age 15; this is a U.S. age-coverage qualification, not a calculation error."
8.5.2,"Unemployment rate, by sex, age and persons with disabilities",2016,4.8,percent,United States,"{""age"":""25-34"",""disability"":""No disability""}",U.S. Bureau of Labor Statistics,Current Population Survey / LABSTAT,https://api.bls.gov/publicAPI/v2/timeseries/data/,api,2026-08-13,us_cps_unemployment_rate_age16_plus,current_methodology_verified,"The U.S. Current Population Survey labor-force universe begins at age 16. The global SDG framework generally begins at age 15; this is a U.S. age-coverage qualification, not a calculation error."
8.5.2,"Unemployment rate, by sex, age and persons with disabilities",2016,14.6,percent,United States,"{""age"":""25-34"",""disability"":""With disability""}",U.S. Bureau of Labor Statistics,Current Population Survey / LABSTAT,https://api.bls.gov/publicAPI/v2/timeseries/data/,api,2026-08-13,us_cps_unemployment_rate_age16_plus,current_methodology_verified,"The U.S. Current Population Survey labor-force universe begins at age 16. The global SDG framework generally begins at age 15; this is a U.S. age-coverage qualification, not a calculation error."
8.5.2,"Unemployment rate, by sex, age and persons with disabilities",2016,3.7,percent,United States,"{""age"":""35-44"",""disability"":""No disability""}",U.S. Bureau of Labor Statistics,Current Population Survey / LABSTAT,https://api.bls.gov/publicAPI/v2/timeseries/data/,api,2026-08-13,us_cps_unemployment_rate_age16_plus,current_methodology_verified,"The U.S. Current Population Survey labor-force universe begins at age 16. The global SDG framework generally begins at age 15; this is a U.S. age-coverage qualification, not a calculation error."
8.5.2,"Unemployment rate, by sex, age and persons with disabilities",2016,9.9,percent,United States,"{""age"":""35-44"",""disability"":""With disability""}",U.S. Bureau of Labor Statistics,Current Population Survey / LABSTAT,https://api.bls.gov/publicAPI/v2/timeseries/data/,api,2026-08-13,us_cps_unemployment_rate_age16_plus,current_methodology_verified,"The U.S. Current Population Survey labor-force universe begins at age 16. The global SDG framework generally begins at age 15; this is a U.S. age-coverage qualification, not a calculation error."
8.5.2,"Unemployment rate, by sex, age and persons with disabilities",2016,3.3,percent,United States,"{""age"":""45-54"",""disability"":""No disability""}",U.S. Bureau of Labor Statistics,Current Population Survey / LABSTAT,https://api.bls.gov/publicAPI/v2/timeseries/data/,api,2026-08-13,us_cps_unemployment_rate_age16_plus,current_methodology_verified,"The U.S. Current Population Survey labor-force universe begins at age 16. The global SDG framework generally begins at age 15; this is a U.S. age-coverage qualification, not a calculation error."
8.5.2,"Unemployment rate, by sex, age and persons with disabilities",2016,9.5,percent,United States,"{""age"":""45-54"",""disability"":""With disability""}",U.S. Bureau of Labor Statistics,Current Population Survey / LABSTAT,https://api.bls.gov/publicAPI/v2/timeseries/data/,api,2026-08-13,us_cps_unemployment_rate_age16_plus,current_methodology_verified,"The U.S. Current Population Survey labor-force universe begins at age 16. The global SDG framework generally begins at age 15; this is a U.S. age-coverage qualification, not a calculation error."
8.5.2,"Unemployment rate, by sex, age and persons with disabilities",2016,3.3,percent,United States,"{""age"":""55-64"",""disability"":""No disability""}",U.S. Bureau of Labor Statistics,Current Population Survey / LABSTAT,https://api.bls.gov/publicAPI/v2/timeseries/data/,api,2026-08-13,us_cps_unemployment_rate_age16_plus,current_methodology_verified,"The U.S. Current Population Survey labor-force universe begins at age 16. The global SDG framework generally begins at age 15; this is a U.S. age-coverage qualification, not a calculation error."
8.5.2,"Unemployment rate, by sex, age and persons with disabilities",2016,7.7,percent,United States,"{""age"":""55-64"",""disability"":""With disability""}",U.S. Bureau of Labor Statistics,Current Population Survey / LABSTAT,https://api.bls.gov/publicAPI/v2/timeseries/data/,api,2026-08-13,us_cps_unemployment_rate_age16_plus,current_methodology_verified,"The U.S. Current Population Survey labor-force universe begins at age 16. The global SDG framework generally begins at age 15; this is a U.S. age-coverage qualification, not a calculation error."
8.5.2,"Unemployment rate, by sex, age and persons with disabilities",2016,4.6,percent,United States,"{""disability"":""No disability"",""sex"":""Female""}",U.S. Bureau of Labor Statistics,Current Population Survey / LABSTAT,https://api.bls.gov/publicAPI/v2/timeseries/data/,api,2026-08-13,us_cps_unemployment_rate_age16_plus,archive_matched,"The U.S. Current Population Survey labor-force universe begins at age 16. The global SDG framework generally begins at age 15; this is a U.S. age-coverage qualification, not a calculation error."
8.5.2,"Unemployment rate, by sex, age and persons with disabilities",2016,4.7,percent,United States,"{""disability"":""No disability"",""sex"":""Male""}",U.S. Bureau of Labor Statistics,Current Population Survey / LABSTAT,https://api.bls.gov/publicAPI/v2/timeseries/data/,api,2026-08-13,us_cps_unemployment_rate_age16_plus,archive_matched,"The U.S. Current Population Survey labor-force universe begins at age 16. The global SDG framework generally begins at age 15; this is a U.S. age-coverage qualification, not a calculation error."
8.5.2,"Unemployment rate, by sex, age and persons with disabilities",2016,11.0,percent,United States,"{""disability"":""With disability"",""sex"":""Female""}",U.S. Bureau of Labor Statistics,Current Population Survey / LABSTAT,https://api.bls.gov/publicAPI/v2/timeseries/data/,api,2026-08-13,us_cps_unemployment_rate_age16_plus,archive_matched,"The U.S. Current Population Survey labor-force universe begins at age 16. The global SDG framework generally begins at age 15; this is a U.S. age-coverage qualification, not a calculation error."
8.5.2,"Unemployment rate, by sex, age and persons with disabilities",2016,10.1,percent,United States,"{""disability"":""With disability"",""sex"":""Male""}",U.S. Bureau of Labor Statistics,Current Population Survey / LABSTAT,https://api.bls.gov/publicAPI/v2/timeseries/data/,api,2026-08-13,us_cps_unemployment_rate_age16_plus,archive_matched,"The U.S. Current Population Survey labor-force universe begins at age 16. The global SDG framework generally begins at age 15; this is a U.S. age-coverage qualification, not a calculation error."
8.5.2,"Unemployment rate, by sex, age and persons with disabilities",2017,13.7,percent,United States,"{""age"":""16-19"",""disability"":""No disability""}",U.S. Bureau of Labor Statistics,Current Population Survey / LABSTAT,https://api.bls.gov/publicAPI/v2/timeseries/data/,api,2026-08-13,us_cps_unemployment_rate_age16_plus,current_methodology_verified,"The U.S. Current Population Survey labor-force universe begins at age 16. The global SDG framework generally begins at age 15; this is a U.S. age-coverage qualification, not a calculation error."
8.5.2,"Unemployment rate, by sex, age and persons with disabilities",2017,25.7,percent,United States,"{""age"":""16-19"",""disability"":""With disability""}",U.S. Bureau of Labor Statistics,Current Population Survey / LABSTAT,https://api.bls.gov/publicAPI/v2/timeseries/data/,api,2026-08-13,us_cps_unemployment_rate_age16_plus,current_methodology_verified,"The U.S. Current Population Survey labor-force universe begins at age 16. The global SDG framework generally begins at age 15; this is a U.S. age-coverage qualification, not a calculation error."
8.5.2,"Unemployment rate, by sex, age and persons with disabilities",2017,4.2,percent,United States,"{""age"":""16-64"",""disability"":""No disability""}",U.S. Bureau of Labor Statistics,Current Population Survey / LABSTAT,https://api.bls.gov/publicAPI/v2/timeseries/data/,api,2026-08-13,us_cps_unemployment_rate_age16_plus,current_methodology_verified,"The U.S. Current Population Survey labor-force universe begins at age 16. The global SDG framework generally begins at age 15; this is a U.S. age-coverage qualification, not a calculation error."
8.5.2,"Unemployment rate, by sex, age and persons with disabilities",2017,10.0,percent,United States,"{""age"":""16-64"",""disability"":""With disability""}",U.S. Bureau of Labor Statistics,Current Population Survey / LABSTAT,https://api.bls.gov/publicAPI/v2/timeseries/data/,api,2026-08-13,us_cps_unemployment_rate_age16_plus,current_methodology_verified,"The U.S. Current Population Survey labor-force universe begins at age 16. The global SDG framework generally begins at age 15; this is a U.S. age-coverage qualification, not a calculation error."
8.5.2,"Unemployment rate, by sex, age and persons with disabilities",2017,7.2,percent,United States,"{""age"":""20-24"",""disability"":""No disability""}",U.S. Bureau of Labor Statistics,Current Population Survey / LABSTAT,https://api.bls.gov/publicAPI/v2/timeseries/data/,api,2026-08-13,us_cps_unemployment_rate_age16_plus,current_methodology_verified,"The U.S. Current Population Survey labor-force universe begins at age 16. The global SDG framework generally begins at age 15; this is a U.S. age-coverage qualification, not a calculation error."
8.5.2,"Unemployment rate, by sex, age and persons with disabilities",2017,16.1,percent,United States,"{""age"":""20-24"",""disability"":""With disability""}",U.S. Bureau of Labor Statistics,Current Population Survey / LABSTAT,https://api.bls.gov/publicAPI/v2/timeseries/data/,api,2026-08-13,us_cps_unemployment_rate_age16_plus,current_methodology_verified,"The U.S. Current Population Survey labor-force universe begins at age 16. The global SDG framework generally begins at age 15; this is a U.S. age-coverage qualification, not a calculation error."
8.5.2,"Unemployment rate, by sex, age and persons with disabilities",2017,3.4,percent,United States,"{""age"":""25+"",""disability"":""No disability""}",U.S. Bureau of Labor Statistics,Current Population Survey / LABSTAT,https://api.bls.gov/publicAPI/v2/timeseries/data/,api,2026-08-13,us_cps_unemployment_rate_age16_plus,current_methodology_verified,"The U.S. Current Population Survey labor-force universe begins at age 16. The global SDG framework generally begins at age 15; this is a U.S. age-coverage qualification, not a calculation error."
8.5.2,"Unemployment rate, by sex, age and persons with disabilities",2017,8.3,percent,United States,"{""age"":""25+"",""disability"":""With disability""}",U.S. Bureau of Labor Statistics,Current Population Survey / LABSTAT,https://api.bls.gov/publicAPI/v2/timeseries/data/,api,2026-08-13,us_cps_unemployment_rate_age16_plus,current_methodology_verified,"The U.S. Current Population Survey labor-force universe begins at age 16. The global SDG framework generally begins at age 15; this is a U.S. age-coverage qualification, not a calculation error."
8.5.2,"Unemployment rate, by sex, age and persons with disabilities",2017,4.3,percent,United States,"{""age"":""25-34"",""disability"":""No disability""}",U.S. Bureau of Labor Statistics,Current Population Survey / LABSTAT,https://api.bls.gov/publicAPI/v2/timeseries/data/,api,2026-08-13,us_cps_unemployment_rate_age16_plus,current_methodology_verified,"The U.S. Current Population Survey labor-force universe begins at age 16. The global SDG framework generally begins at age 15; this is a U.S. age-coverage qualification, not a calculation error."
8.5.2,"Unemployment rate, by sex, age and persons with disabilities",2017,13.9,percent,United States,"{""age"":""25-34"",""disability"":""With disability""}",U.S. Bureau of Labor Statistics,Current Population Survey / LABSTAT,https://api.bls.gov/publicAPI/v2/timeseries/data/,api,2026-08-13,us_cps_unemployment_rate_age16_plus,current_methodology_verified,"The U.S. Current Population Survey labor-force universe begins at age 16. The global SDG framework generally begins at age 15; this is a U.S. age-coverage qualification, not a calculation error."
8.5.2,"Unemployment rate, by sex, age and persons with disabilities",2017,3.3,percent,United States,"{""age"":""35-44"",""disability"":""No disability""}",U.S. Bureau of Labor Statistics,Current Population Survey / LABSTAT,https://api.bls.gov/publicAPI/v2/timeseries/data/,api,2026-08-13,us_cps_unemployment_rate_age16_plus,current_methodology_verified,"The U.S. Current Population Survey labor-force universe begins at age 16. The global SDG framework generally begins at age 15; this is a U.S. age-coverage qualification, not a calculation error."
8.5.2,"Unemployment rate, by sex, age and persons with disabilities",2017,10.3,percent,United States,"{""age"":""35-44"",""disability"":""With disability""}",U.S. Bureau of Labor Statistics,Current Population Survey / LABSTAT,https://api.bls.gov/publicAPI/v2/timeseries/data/,api,2026-08-13,us_cps_unemployment_rate_age16_plus,current_methodology_verified,"The U.S. Current Population Survey labor-force universe begins at age 16. The global SDG framework generally begins at age 15; this is a U.S. age-coverage qualification, not a calculation error."
8.5.2,"Unemployment rate, by sex, age and persons with disabilities",2017,2.9,percent,United States,"{""age"":""45-54"",""disability"":""No disability""}",U.S. Bureau of Labor Statistics,Current Population Survey / LABSTAT,https://api.bls.gov/publicAPI/v2/timeseries/data/,api,2026-08-13,us_cps_unemployment_rate_age16_plus,current_methodology_verified,"The U.S. Current Population Survey labor-force universe begins at age 16. The global SDG framework generally begins at age 15; this is a U.S. age-coverage qualification, not a calculation error."
8.5.2,"Unemployment rate, by sex, age and persons with disabilities",2017,8.8,percent,United States,"{""age"":""45-54"",""disability"":""With disability""}",U.S. Bureau of Labor Statistics,Current Population Survey / LABSTAT,https://api.bls.gov/publicAPI/v2/timeseries/data/,api,2026-08-13,us_cps_unemployment_rate_age16_plus,current_methodology_verified,"The U.S. Current Population Survey labor-force universe begins at age 16. The global SDG framework generally begins at age 15; this is a U.S. age-coverage qualification, not a calculation error."
8.5.2,"Unemployment rate, by sex, age and persons with disabilities",2017,2.9,percent,United States,"{""age"":""55-64"",""disability"":""No disability""}",U.S. Bureau of Labor Statistics,Current Population Survey / LABSTAT,https://api.bls.gov/publicAPI/v2/timeseries/data/,api,2026-08-13,us_cps_unemployment_rate_age16_plus,current_methodology_verified,"The U.S. Current Population Survey labor-force universe begins at age 16. The global SDG framework generally begins at age 15; this is a U.S. age-coverage qualification, not a calculation error."
8.5.2,"Unemployment rate, by sex, age and persons with disabilities",2017,5.9,percent,United States,"{""age"":""55-64"",""disability"":""With disability""}",U.S. Bureau of Labor Statistics,Current Population Survey / LABSTAT,https://api.bls.gov/publicAPI/v2/timeseries/data/,api,2026-08-13,us_cps_unemployment_rate_age16_plus,current_methodology_verified,"The U.S. Current Population Survey labor-force universe begins at age 16. The global SDG framework generally begins at age 15; this is a U.S. age-coverage qualification, not a calculation error."
8.5.2,"Unemployment rate, by sex, age and persons with disabilities",2017,4.1,percent,United States,"{""disability"":""No disability"",""sex"":""Female""}",U.S. Bureau of Labor Statistics,Current Population Survey / LABSTAT,https://api.bls.gov/publicAPI/v2/timeseries/data/,api,2026-08-13,us_cps_unemployment_rate_age16_plus,archive_matched,"The U.S. Current Population Survey labor-force universe begins at age 16. The global SDG framework generally begins at age 15; this is a U.S. age-coverage qualification, not a calculation error."
8.5.2,"Unemployment rate, by sex, age and persons with disabilities",2017,4.2,percent,United States,"{""disability"":""No disability"",""sex"":""Male""}",U.S. Bureau of Labor Statistics,Current Population Survey / LABSTAT,https://api.bls.gov/publicAPI/v2/timeseries/data/,api,2026-08-13,us_cps_unemployment_rate_age16_plus,archive_matched,"The U.S. Current Population Survey labor-force universe begins at age 16. The global SDG framework generally begins at age 15; this is a U.S. age-coverage qualification, not a calculation error."
8.5.2,"Unemployment rate, by sex, age and persons with disabilities",2017,9.5,percent,United States,"{""disability"":""With disability"",""sex"":""Female""}",U.S. Bureau of Labor Statistics,Current Population Survey / LABSTAT,https://api.bls.gov/publicAPI/v2/timeseries/data/,api,2026-08-13,us_cps_unemployment_rate_age16_plus,archive_matched,"The U.S. Current Population Survey labor-force universe begins at age 16. The global SDG framework generally begins at age 15; this is a U.S. age-coverage qualification, not a calculation error."
8.5.2,"Unemployment rate, by sex, age and persons with disabilities",2017,9.0,percent,United States,"{""disability"":""With disability"",""sex"":""Male""}",U.S. Bureau of Labor Statistics,Current Population Survey / LABSTAT,https://api.bls.gov/publicAPI/v2/timeseries/data/,api,2026-08-13,us_cps_unemployment_rate_age16_plus,archive_matched,"The U.S. Current Population Survey labor-force universe begins at age 16. The global SDG framework generally begins at age 15; this is a U.S. age-coverage qualification, not a calculation error."
8.5.2,"Unemployment rate, by sex, age and persons with disabilities",2018,12.6,percent,United States,"{""age"":""16-19"",""disability"":""No disability""}",U.S. Bureau of Labor Statistics,Current Population Survey / LABSTAT,https://api.bls.gov/publicAPI/v2/timeseries/data/,api,2026-08-13,us_cps_unemployment_rate_age16_plus,current_methodology_verified,"The U.S. Current Population Survey labor-force universe begins at age 16. The global SDG framework generally begins at age 15; this is a U.S. age-coverage qualification, not a calculation error."
8.5.2,"Unemployment rate, by sex, age and persons with disabilities",2018,26.1,percent,United States,"{""age"":""16-19"",""disability"":""With disability""}",U.S. Bureau of Labor Statistics,Current Population Survey / LABSTAT,https://api.bls.gov/publicAPI/v2/timeseries/data/,api,2026-08-13,us_cps_unemployment_rate_age16_plus,current_methodology_verified,"The U.S. Current Population Survey labor-force universe begins at age 16. The global SDG framework generally begins at age 15; this is a U.S. age-coverage qualification, not a calculation error."
8.5.2,"Unemployment rate, by sex, age and persons with disabilities",2018,3.8,percent,United States,"{""age"":""16-64"",""disability"":""No disability""}",U.S. Bureau of Labor Statistics,Current Population Survey / LABSTAT,https://api.bls.gov/publicAPI/v2/timeseries/data/,api,2026-08-13,us_cps_unemployment_rate_age16_plus,current_methodology_verified,"The U.S. Current Population Survey labor-force universe begins at age 16. The global SDG framework generally begins at age 15; this is a U.S. age-coverage qualification, not a calculation error."
8.5.2,"Unemployment rate, by sex, age and persons with disabilities",2018,8.7,percent,United States,"{""age"":""16-64"",""disability"":""With disability""}",U.S. Bureau of Labor Statistics,Current Population Survey / LABSTAT,https://api.bls.gov/publicAPI/v2/timeseries/data/,api,2026-08-13,us_cps_unemployment_rate_age16_plus,current_methodology_verified,"The U.S. Current Population Survey labor-force universe begins at age 16. The global SDG framework generally begins at age 15; this is a U.S. age-coverage qualification, not a calculation error."
8.5.2,"Unemployment rate, by sex, age and persons with disabilities",2018,6.7,percent,United States,"{""age"":""20-24"",""disability"":""No disability""}",U.S. Bureau of Labor Statistics,Current Population Survey / LABSTAT,https://api.bls.gov/publicAPI/v2/timeseries/data/,api,2026-08-13,us_cps_unemployment_rate_age16_plus,current_methodology_verified,"The U.S. Current Population Survey labor-force universe begins at age 16. The global SDG framework generally begins at age 15; this is a U.S. age-coverage qualification, not a calculation error."
8.5.2,"Unemployment rate, by sex, age and persons with disabilities",2018,14.6,percent,United States,"{""age"":""20-24"",""disability"":""With disability""}",U.S. Bureau of Labor Statistics,Current Population Survey / LABSTAT,https://api.bls.gov/publicAPI/v2/timeseries/data/,api,2026-08-13,us_cps_unemployment_rate_age16_plus,current_methodology_verified,"The U.S. Current Population Survey labor-force universe begins at age 16. The global SDG framework generally begins at age 15; this is a U.S. age-coverage qualification, not a calculation error."
8.5.2,"Unemployment rate, by sex, age and persons with disabilities",2018,3.0,percent,United States,"{""age"":""25+"",""disability"":""No disability""}",U.S. Bureau of Labor Statistics,Current Population Survey / LABSTAT,https://api.bls.gov/publicAPI/v2/timeseries/data/,api,2026-08-13,us_cps_unemployment_rate_age16_plus,current_methodology_verified,"The U.S. Current Population Survey labor-force universe begins at age 16. The global SDG framework generally begins at age 15; this is a U.S. age-coverage qualification, not a calculation error."
8.5.2,"Unemployment rate, by sex, age and persons with disabilities",2018,7.0,percent,United States,"{""age"":""25+"",""disability"":""With disability""}",U.S. Bureau of Labor Statistics,Current Population Survey / LABSTAT,https://api.bls.gov/publicAPI/v2/timeseries/data/,api,2026-08-13,us_cps_unemployment_rate_age16_plus,current_methodology_verified,"The U.S. Current Population Survey labor-force universe begins at age 16. The global SDG framework generally begins at age 15; this is a U.S. age-coverage qualification, not a calculation error."
8.5.2,"Unemployment rate, by sex, age and persons with disabilities",2018,3.8,percent,United States,"{""age"":""25-34"",""disability"":""No disability""}",U.S. Bureau of Labor Statistics,Current Population Survey / LABSTAT,https://api.bls.gov/publicAPI/v2/timeseries/data/,api,2026-08-13,us_cps_unemployment_rate_age16_plus,current_methodology_verified,"The U.S. Current Population Survey labor-force universe begins at age 16. The global SDG framework generally begins at age 15; this is a U.S. age-coverage qualification, not a calculation error."
8.5.2,"Unemployment rate, by sex, age and persons with disabilities",2018,10.9,percent,United States,"{""age"":""25-34"",""disability"":""With disability""}",U.S. Bureau of Labor Statistics,Current Population Survey / LABSTAT,https://api.bls.gov/publicAPI/v2/timeseries/data/,api,2026-08-13,us_cps_unemployment_rate_age16_plus,current_methodology_verified,"The U.S. Current Population Survey labor-force universe begins at age 16. The global SDG framework generally begins at age 15; this is a U.S. age-coverage qualification, not a calculation error."
8.5.2,"Unemployment rate, by sex, age and persons with disabilities",2018,2.9,percent,United States,"{""age"":""35-44"",""disability"":""No disability""}",U.S. Bureau of Labor Statistics,Current Population Survey / LABSTAT,https://api.bls.gov/publicAPI/v2/timeseries/data/,api,2026-08-13,us_cps_unemployment_rate_age16_plus,current_methodology_verified,"The U.S. Current Population Survey labor-force universe begins at age 16. The global SDG framework generally begins at age 15; this is a U.S. age-coverage qualification, not a calculation error."
8.5.2,"Unemployment rate, by sex, age and persons with disabilities",2018,7.7,percent,United States,"{""age"":""35-44"",""disability"":""With disability""}",U.S. Bureau of Labor Statistics,Current Population Survey / LABSTAT,https://api.bls.gov/publicAPI/v2/timeseries/data/,api,2026-08-13,us_cps_unemployment_rate_age16_plus,current_methodology_verified,"The U.S. Current Population Survey labor-force universe begins at age 16. The global SDG framework generally begins at age 15; this is a U.S. age-coverage qualification, not a calculation error."
8.5.2,"Unemployment rate, by sex, age and persons with disabilities",2018,2.7,percent,United States,"{""age"":""45-54"",""disability"":""No disability""}",U.S. Bureau of Labor Statistics,Current Population Survey / LABSTAT,https://api.bls.gov/publicAPI/v2/timeseries/data/,api,2026-08-13,us_cps_unemployment_rate_age16_plus,current_methodology_verified,"The U.S. Current Population Survey labor-force universe begins at age 16. The global SDG framework generally begins at age 15; this is a U.S. age-coverage qualification, not a calculation error."
8.5.2,"Unemployment rate, by sex, age and persons with disabilities",2018,6.7,percent,United States,"{""age"":""45-54"",""disability"":""With disability""}",U.S. Bureau of Labor Statistics,Current Population Survey / LABSTAT,https://api.bls.gov/publicAPI/v2/timeseries/data/,api,2026-08-13,us_cps_unemployment_rate_age16_plus,current_methodology_verified,"The U.S. Current Population Survey labor-force universe begins at age 16. The global SDG framework generally begins at age 15; this is a U.S. age-coverage qualification, not a calculation error."
8.5.2,"Unemployment rate, by sex, age and persons with disabilities",2018,2.7,percent,United States,"{""age"":""55-64"",""disability"":""No disability""}",U.S. Bureau of Labor Statistics,Current Population Survey / LABSTAT,https://api.bls.gov/publicAPI/v2/timeseries/data/,api,2026-08-13,us_cps_unemployment_rate_age16_plus,current_methodology_verified,"The U.S. Current Population Survey labor-force universe begins at age 16. The global SDG framework generally begins at age 15; this is a U.S. age-coverage qualification, not a calculation error."
8.5.2,"Unemployment rate, by sex, age and persons with disabilities",2018,6.3,percent,United States,"{""age"":""55-64"",""disability"":""With disability""}",U.S. Bureau of Labor Statistics,Current Population Survey / LABSTAT,https://api.bls.gov/publicAPI/v2/timeseries/data/,api,2026-08-13,us_cps_unemployment_rate_age16_plus,current_methodology_verified,"The U.S. Current Population Survey labor-force universe begins at age 16. The global SDG framework generally begins at age 15; this is a U.S. age-coverage qualification, not a calculation error."
8.5.2,"Unemployment rate, by sex, age and persons with disabilities",2018,3.7,percent,United States,"{""disability"":""No disability"",""sex"":""Female""}",U.S. Bureau of Labor Statistics,Current Population Survey / LABSTAT,https://api.bls.gov/publicAPI/v2/timeseries/data/,api,2026-08-13,us_cps_unemployment_rate_age16_plus,archive_matched,"The U.S. Current Population Survey labor-force universe begins at age 16. The global SDG framework generally begins at age 15; this is a U.S. age-coverage qualification, not a calculation error."
8.5.2,"Unemployment rate, by sex, age and persons with disabilities",2018,3.8,percent,United States,"{""disability"":""No disability"",""sex"":""Male""}",U.S. Bureau of Labor Statistics,Current Population Survey / LABSTAT,https://api.bls.gov/publicAPI/v2/timeseries/data/,api,2026-08-13,us_cps_unemployment_rate_age16_plus,archive_matched,"The U.S. Current Population Survey labor-force universe begins at age 16. The global SDG framework generally begins at age 15; this is a U.S. age-coverage qualification, not a calculation error."
8.5.2,"Unemployment rate, by sex, age and persons with disabilities",2018,8.1,percent,United States,"{""disability"":""With disability"",""sex"":""Female""}",U.S. Bureau of Labor Statistics,Current Population Survey / LABSTAT,https://api.bls.gov/publicAPI/v2/timeseries/data/,api,2026-08-13,us_cps_unemployment_rate_age16_plus,archive_matched,"The U.S. Current Population Survey labor-force universe begins at age 16. The global SDG framework generally begins at age 15; this is a U.S. age-coverage qualification, not a calculation error."
8.5.2,"Unemployment rate, by sex, age and persons with disabilities",2018,7.9,percent,United States,"{""disability"":""With disability"",""sex"":""Male""}",U.S. Bureau of Labor Statistics,Current Population Survey / LABSTAT,https://api.bls.gov/publicAPI/v2/timeseries/data/,api,2026-08-13,us_cps_unemployment_rate_age16_plus,archive_matched,"The U.S. Current Population Survey labor-force universe begins at age 16. The global SDG framework generally begins at age 15; this is a U.S. age-coverage qualification, not a calculation error."
8.5.2,"Unemployment rate, by sex, age and persons with disabilities",2019,12.4,percent,United States,"{""age"":""16-19"",""disability"":""No disability""}",U.S. Bureau of Labor Statistics,Current Population Survey / LABSTAT,https://api.bls.gov/publicAPI/v2/timeseries/data/,api,2026-08-13,us_cps_unemployment_rate_age16_plus,current_methodology_verified,"The U.S. Current Population Survey labor-force universe begins at age 16. The global SDG framework generally begins at age 15; this is a U.S. age-coverage qualification, not a calculation error."
8.5.2,"Unemployment rate, by sex, age and persons with disabilities",2019,21.7,percent,United States,"{""age"":""16-19"",""disability"":""With disability""}",U.S. Bureau of Labor Statistics,Current Population Survey / LABSTAT,https://api.bls.gov/publicAPI/v2/timeseries/data/,api,2026-08-13,us_cps_unemployment_rate_age16_plus,current_methodology_verified,"The U.S. Current Population Survey labor-force universe begins at age 16. The global SDG framework generally begins at age 15; this is a U.S. age-coverage qualification, not a calculation error."
8.5.2,"Unemployment rate, by sex, age and persons with disabilities",2019,3.6,percent,United States,"{""age"":""16-64"",""disability"":""No disability""}",U.S. Bureau of Labor Statistics,Current Population Survey / LABSTAT,https://api.bls.gov/publicAPI/v2/timeseries/data/,api,2026-08-13,us_cps_unemployment_rate_age16_plus,current_methodology_verified,"The U.S. Current Population Survey labor-force universe begins at age 16. The global SDG framework generally begins at age 15; this is a U.S. age-coverage qualification, not a calculation error."
8.5.2,"Unemployment rate, by sex, age and persons with disabilities",2019,8.0,percent,United States,"{""age"":""16-64"",""disability"":""With disability""}",U.S. Bureau of Labor Statistics,Current Population Survey / LABSTAT,https://api.bls.gov/publicAPI/v2/timeseries/data/,api,2026-08-13,us_cps_unemployment_rate_age16_plus,current_methodology_verified,"The U.S. Current Population Survey labor-force universe begins at age 16. The global SDG framework generally begins at age 15; this is a U.S. age-coverage qualification, not a calculation error."
8.5.2,"Unemployment rate, by sex, age and persons with disabilities",2019,6.6,percent,United States,"{""age"":""20-24"",""disability"":""No disability""}",U.S. Bureau of Labor Statistics,Current Population Survey / LABSTAT,https://api.bls.gov/publicAPI/v2/timeseries/data/,api,2026-08-13,us_cps_unemployment_rate_age16_plus,current_methodology_verified,"The U.S. Current Population Survey labor-force universe begins at age 16. The global SDG framework generally begins at age 15; this is a U.S. age-coverage qualification, not a calculation error."
8.5.2,"Unemployment rate, by sex, age and persons with disabilities",2019,11.4,percent,United States,"{""age"":""20-24"",""disability"":""With disability""}",U.S. Bureau of Labor Statistics,Current Population Survey / LABSTAT,https://api.bls.gov/publicAPI/v2/timeseries/data/,api,2026-08-13,us_cps_unemployment_rate_age16_plus,current_methodology_verified,"The U.S. Current Population Survey labor-force universe begins at age 16. The global SDG framework generally begins at age 15; this is a U.S. age-coverage qualification, not a calculation error."
8.5.2,"Unemployment rate, by sex, age and persons with disabilities",2019,2.8,percent,United States,"{""age"":""25+"",""disability"":""No disability""}",U.S. Bureau of Labor Statistics,Current Population Survey / LABSTAT,https://api.bls.gov/publicAPI/v2/timeseries/data/,api,2026-08-13,us_cps_unemployment_rate_age16_plus,current_methodology_verified,"The U.S. Current Population Survey labor-force universe begins at age 16. The global SDG framework generally begins at age 15; this is a U.S. age-coverage qualification, not a calculation error."
8.5.2,"Unemployment rate, by sex, age and persons with disabilities",2019,6.6,percent,United States,"{""age"":""25+"",""disability"":""With disability""}",U.S. Bureau of Labor Statistics,Current Population Survey / LABSTAT,https://api.bls.gov/publicAPI/v2/timeseries/data/,api,2026-08-13,us_cps_unemployment_rate_age16_plus,current_methodology_verified,"The U.S. Current Population Survey labor-force universe begins at age 16. The global SDG framework generally begins at age 15; this is a U.S. age-coverage qualification, not a calculation error."
8.5.2,"Unemployment rate, by sex, age and persons with disabilities",2019,3.5,percent,United States,"{""age"":""25-34"",""disability"":""No disability""}",U.S. Bureau of Labor Statistics,Current Population Survey / LABSTAT,https://api.bls.gov/publicAPI/v2/timeseries/data/,api,2026-08-13,us_cps_unemployment_rate_age16_plus,current_methodology_verified,"The U.S. Current Population Survey labor-force universe begins at age 16. The global SDG framework generally begins at age 15; this is a U.S. age-coverage qualification, not a calculation error."
8.5.2,"Unemployment rate, by sex, age and persons with disabilities",2019,11.0,percent,United States,"{""age"":""25-34"",""disability"":""With disability""}",U.S. Bureau of Labor Statistics,Current Population Survey / LABSTAT,https://api.bls.gov/publicAPI/v2/timeseries/data/,api,2026-08-13,us_cps_unemployment_rate_age16_plus,current_methodology_verified,"The U.S. Current Population Survey labor-force universe begins at age 16. The global SDG framework generally begins at age 15; this is a U.S. age-coverage qualification, not a calculation error."
8.5.2,"Unemployment rate, by sex, age and persons with disabilities",2019,2.6,percent,United States,"{""age"":""35-44"",""disability"":""No disability""}",U.S. Bureau of Labor Statistics,Current Population Survey / LABSTAT,https://api.bls.gov/publicAPI/v2/timeseries/data/,api,2026-08-13,us_cps_unemployment_rate_age16_plus,current_methodology_verified,"The U.S. Current Population Survey labor-force universe begins at age 16. The global SDG framework generally begins at age 15; this is a U.S. age-coverage qualification, not a calculation error."
8.5.2,"Unemployment rate, by sex, age and persons with disabilities",2019,7.0,percent,United States,"{""age"":""35-44"",""disability"":""With disability""}",U.S. Bureau of Labor Statistics,Current Population Survey / LABSTAT,https://api.bls.gov/publicAPI/v2/timeseries/data/,api,2026-08-13,us_cps_unemployment_rate_age16_plus,current_methodology_verified,"The U.S. Current Population Survey labor-force universe begins at age 16. The global SDG framework generally begins at age 15; this is a U.S. age-coverage qualification, not a calculation error."
8.5.2,"Unemployment rate, by sex, age and persons with disabilities",2019,2.5,percent,United States,"{""age"":""45-54"",""disability"":""No disability""}",U.S. Bureau of Labor Statistics,Current Population Survey / LABSTAT,https://api.bls.gov/publicAPI/v2/timeseries/data/,api,2026-08-13,us_cps_unemployment_rate_age16_plus,current_methodology_verified,"The U.S. Current Population Survey labor-force universe begins at age 16. The global SDG framework generally begins at age 15; this is a U.S. age-coverage qualification, not a calculation error."
8.5.2,"Unemployment rate, by sex, age and persons with disabilities",2019,7.4,percent,United States,"{""age"":""45-54"",""disability"":""With disability""}",U.S. Bureau of Labor Statistics,Current Population Survey / LABSTAT,https://api.bls.gov/publicAPI/v2/timeseries/data/,api,2026-08-13,us_cps_unemployment_rate_age16_plus,current_methodology_verified,"The U.S. Current Population Survey labor-force universe begins at age 16. The global SDG framework generally begins at age 15; this is a U.S. age-coverage qualification, not a calculation error."
8.5.2,"Unemployment rate, by sex, age and persons with disabilities",2019,2.4,percent,United States,"{""age"":""55-64"",""disability"":""No disability""}",U.S. Bureau of Labor Statistics,Current Population Survey / LABSTAT,https://api.bls.gov/publicAPI/v2/timeseries/data/,api,2026-08-13,us_cps_unemployment_rate_age16_plus,current_methodology_verified,"The U.S. Current Population Survey labor-force universe begins at age 16. The global SDG framework generally begins at age 15; this is a U.S. age-coverage qualification, not a calculation error."
8.5.2,"Unemployment rate, by sex, age and persons with disabilities",2019,4.9,percent,United States,"{""age"":""55-64"",""disability"":""With disability""}",U.S. Bureau of Labor Statistics,Current Population Survey / LABSTAT,https://api.bls.gov/publicAPI/v2/timeseries/data/,api,2026-08-13,us_cps_unemployment_rate_age16_plus,current_methodology_verified,"The U.S. Current Population Survey labor-force universe begins at age 16. The global SDG framework generally begins at age 15; this is a U.S. age-coverage qualification, not a calculation error."
8.5.2,"Unemployment rate, by sex, age and persons with disabilities",2019,3.5,percent,United States,"{""disability"":""No disability"",""sex"":""Female""}",U.S. Bureau of Labor Statistics,Current Population Survey / LABSTAT,https://api.bls.gov/publicAPI/v2/timeseries/data/,api,2026-08-13,us_cps_unemployment_rate_age16_plus,archive_matched,"The U.S. Current Population Survey labor-force universe begins at age 16. The global SDG framework generally begins at age 15; this is a U.S. age-coverage qualification, not a calculation error."
8.5.2,"Unemployment rate, by sex, age and persons with disabilities",2019,3.6,percent,United States,"{""disability"":""No disability"",""sex"":""Male""}",U.S. Bureau of Labor Statistics,Current Population Survey / LABSTAT,https://api.bls.gov/publicAPI/v2/timeseries/data/,api,2026-08-13,us_cps_unemployment_rate_age16_plus,archive_matched,"The U.S. Current Population Survey labor-force universe begins at age 16. The global SDG framework generally begins at age 15; this is a U.S. age-coverage qualification, not a calculation error."
8.5.2,"Unemployment rate, by sex, age and persons with disabilities",2019,7.3,percent,United States,"{""disability"":""With disability"",""sex"":""Female""}",U.S. Bureau of Labor Statistics,Current Population Survey / LABSTAT,https://api.bls.gov/publicAPI/v2/timeseries/data/,api,2026-08-13,us_cps_unemployment_rate_age16_plus,archive_matched,"The U.S. Current Population Survey labor-force universe begins at age 16. The global SDG framework generally begins at age 15; this is a U.S. age-coverage qualification, not a calculation error."
8.5.2,"Unemployment rate, by sex, age and persons with disabilities",2019,7.4,percent,United States,"{""disability"":""With disability"",""sex"":""Male""}",U.S. Bureau of Labor Statistics,Current Population Survey / LABSTAT,https://api.bls.gov/publicAPI/v2/timeseries/data/,api,2026-08-13,us_cps_unemployment_rate_age16_plus,archive_matched,"The U.S. Current Population Survey labor-force universe begins at age 16. The global SDG framework generally begins at age 15; this is a U.S. age-coverage qualification, not a calculation error."
8.5.2,"Unemployment rate, by sex, age and persons with disabilities",2020,17.7,percent,United States,"{""age"":""16-19"",""disability"":""No disability""}",U.S. Bureau of Labor Statistics,Current Population Survey / LABSTAT,https://api.bls.gov/publicAPI/v2/timeseries/data/,api,2026-08-13,us_cps_unemployment_rate_age16_plus,current_methodology_verified,"The U.S. Current Population Survey labor-force universe begins at age 16. The global SDG framework generally begins at age 15; this is a U.S. age-coverage qualification, not a calculation error."
8.5.2,"Unemployment rate, by sex, age and persons with disabilities",2020,26.7,percent,United States,"{""age"":""16-19"",""disability"":""With disability""}",U.S. Bureau of Labor Statistics,Current Population Survey / LABSTAT,https://api.bls.gov/publicAPI/v2/timeseries/data/,api,2026-08-13,us_cps_unemployment_rate_age16_plus,current_methodology_verified,"The U.S. Current Population Survey labor-force universe begins at age 16. The global SDG framework generally begins at age 15; this is a U.S. age-coverage qualification, not a calculation error."
8.5.2,"Unemployment rate, by sex, age and persons with disabilities",2020,7.9,percent,United States,"{""age"":""16-64"",""disability"":""No disability""}",U.S. Bureau of Labor Statistics,Current Population Survey / LABSTAT,https://api.bls.gov/publicAPI/v2/timeseries/data/,api,2026-08-13,us_cps_unemployment_rate_age16_plus,current_methodology_verified,"The U.S. Current Population Survey labor-force universe begins at age 16. The global SDG framework generally begins at age 15; this is a U.S. age-coverage qualification, not a calculation error."
8.5.2,"Unemployment rate, by sex, age and persons with disabilities",2020,13.4,percent,United States,"{""age"":""16-64"",""disability"":""With disability""}",U.S. Bureau of Labor Statistics,Current Population Survey / LABSTAT,https://api.bls.gov/publicAPI/v2/timeseries/data/,api,2026-08-13,us_cps_unemployment_rate_age16_plus,current_methodology_verified,"The U.S. Current Population Survey labor-force universe begins at age 16. The global SDG framework generally begins at age 15; this is a U.S. age-coverage qualification, not a calculation error."
8.5.2,"Unemployment rate, by sex, age and persons with disabilities",2020,13.5,percent,United States,"{""age"":""20-24"",""disability"":""No disability""}",U.S. Bureau of Labor Statistics,Current Population Survey / LABSTAT,https://api.bls.gov/publicAPI/v2/timeseries/data/,api,2026-08-13,us_cps_unemployment_rate_age16_plus,current_methodology_verified,"The U.S. Current Population Survey labor-force universe begins at age 16. The global SDG framework generally begins at age 15; this is a U.S. age-coverage qualification, not a calculation error."
8.5.2,"Unemployment rate, by sex, age and persons with disabilities",2020,21.1,percent,United States,"{""age"":""20-24"",""disability"":""With disability""}",U.S. Bureau of Labor Statistics,Current Population Survey / LABSTAT,https://api.bls.gov/publicAPI/v2/timeseries/data/,api,2026-08-13,us_cps_unemployment_rate_age16_plus,current_methodology_verified,"The U.S. Current Population Survey labor-force universe begins at age 16. The global SDG framework generally begins at age 15; this is a U.S. age-coverage qualification, not a calculation error."
8.5.2,"Unemployment rate, by sex, age and persons with disabilities",2020,6.9,percent,United States,"{""age"":""25+"",""disability"":""No disability""}",U.S. Bureau of Labor Statistics,Current Population Survey / LABSTAT,https://api.bls.gov/publicAPI/v2/timeseries/data/,api,2026-08-13,us_cps_unemployment_rate_age16_plus,current_methodology_verified,"The U.S. Current Population Survey labor-force universe begins at age 16. The global SDG framework generally begins at age 15; this is a U.S. age-coverage qualification, not a calculation error."
8.5.2,"Unemployment rate, by sex, age and persons with disabilities",2020,11.5,percent,United States,"{""age"":""25+"",""disability"":""With disability""}",U.S. Bureau of Labor Statistics,Current Population Survey / LABSTAT,https://api.bls.gov/publicAPI/v2/timeseries/data/,api,2026-08-13,us_cps_unemployment_rate_age16_plus,current_methodology_verified,"The U.S. Current Population Survey labor-force universe begins at age 16. The global SDG framework generally begins at age 15; this is a U.S. age-coverage qualification, not a calculation error."
8.5.2,"Unemployment rate, by sex, age and persons with disabilities",2020,8.2,percent,United States,"{""age"":""25-34"",""disability"":""No disability""}",U.S. Bureau of Labor Statistics,Current Population Survey / LABSTAT,https://api.bls.gov/publicAPI/v2/timeseries/data/,api,2026-08-13,us_cps_unemployment_rate_age16_plus,current_methodology_verified,"The U.S. Current Population Survey labor-force universe begins at age 16. The global SDG framework generally begins at age 15; this is a U.S. age-coverage qualification, not a calculation error."
8.5.2,"Unemployment rate, by sex, age and persons with disabilities",2020,16.0,percent,United States,"{""age"":""25-34"",""disability"":""With disability""}",U.S. Bureau of Labor Statistics,Current Population Survey / LABSTAT,https://api.bls.gov/publicAPI/v2/timeseries/data/,api,2026-08-13,us_cps_unemployment_rate_age16_plus,current_methodology_verified,"The U.S. Current Population Survey labor-force universe begins at age 16. The global SDG framework generally begins at age 15; this is a U.S. age-coverage qualification, not a calculation error."
8.5.2,"Unemployment rate, by sex, age and persons with disabilities",2020,6.2,percent,United States,"{""age"":""35-44"",""disability"":""No disability""}",U.S. Bureau of Labor Statistics,Current Population Survey / LABSTAT,https://api.bls.gov/publicAPI/v2/timeseries/data/,api,2026-08-13,us_cps_unemployment_rate_age16_plus,current_methodology_verified,"The U.S. Current Population Survey labor-force universe begins at age 16. The global SDG framework generally begins at age 15; this is a U.S. age-coverage qualification, not a calculation error."
8.5.2,"Unemployment rate, by sex, age and persons with disabilities",2020,12.2,percent,United States,"{""age"":""35-44"",""disability"":""With disability""}",U.S. Bureau of Labor Statistics,Current Population Survey / LABSTAT,https://api.bls.gov/publicAPI/v2/timeseries/data/,api,2026-08-13,us_cps_unemployment_rate_age16_plus,current_methodology_verified,"The U.S. Current Population Survey labor-force universe begins at age 16. The global SDG framework generally begins at age 15; this is a U.S. age-coverage qualification, not a calculation error."
8.5.2,"Unemployment rate, by sex, age and persons with disabilities",2020,6.2,percent,United States,"{""age"":""45-54"",""disability"":""No disability""}",U.S. Bureau of Labor Statistics,Current Population Survey / LABSTAT,https://api.bls.gov/publicAPI/v2/timeseries/data/,api,2026-08-13,us_cps_unemployment_rate_age16_plus,current_methodology_verified,"The U.S. Current Population Survey labor-force universe begins at age 16. The global SDG framework generally begins at age 15; this is a U.S. age-coverage qualification, not a calculation error."
8.5.2,"Unemployment rate, by sex, age and persons with disabilities",2020,11.1,percent,United States,"{""age"":""45-54"",""disability"":""With disability""}",U.S. Bureau of Labor Statistics,Current Population Survey / LABSTAT,https://api.bls.gov/publicAPI/v2/timeseries/data/,api,2026-08-13,us_cps_unemployment_rate_age16_plus,current_methodology_verified,"The U.S. Current Population Survey labor-force universe begins at age 16. The global SDG framework generally begins at age 15; this is a U.S. age-coverage qualification, not a calculation error."
8.5.2,"Unemployment rate, by sex, age and persons with disabilities",2020,6.5,percent,United States,"{""age"":""55-64"",""disability"":""No disability""}",U.S. Bureau of Labor Statistics,Current Population Survey / LABSTAT,https://api.bls.gov/publicAPI/v2/timeseries/data/,api,2026-08-13,us_cps_unemployment_rate_age16_plus,current_methodology_verified,"The U.S. Current Population Survey labor-force universe begins at age 16. The global SDG framework generally begins at age 15; this is a U.S. age-coverage qualification, not a calculation error."
8.5.2,"Unemployment rate, by sex, age and persons with disabilities",2020,10.5,percent,United States,"{""age"":""55-64"",""disability"":""With disability""}",U.S. Bureau of Labor Statistics,Current Population Survey / LABSTAT,https://api.bls.gov/publicAPI/v2/timeseries/data/,api,2026-08-13,us_cps_unemployment_rate_age16_plus,current_methodology_verified,"The U.S. Current Population Survey labor-force universe begins at age 16. The global SDG framework generally begins at age 15; this is a U.S. age-coverage qualification, not a calculation error."
8.5.2,"Unemployment rate, by sex, age and persons with disabilities",2020,8.2,percent,United States,"{""disability"":""No disability"",""sex"":""Female""}",U.S. Bureau of Labor Statistics,Current Population Survey / LABSTAT,https://api.bls.gov/publicAPI/v2/timeseries/data/,api,2026-08-13,us_cps_unemployment_rate_age16_plus,archive_matched,"The U.S. Current Population Survey labor-force universe begins at age 16. The global SDG framework generally begins at age 15; this is a U.S. age-coverage qualification, not a calculation error."
8.5.2,"Unemployment rate, by sex, age and persons with disabilities",2020,7.6,percent,United States,"{""disability"":""No disability"",""sex"":""Male""}",U.S. Bureau of Labor Statistics,Current Population Survey / LABSTAT,https://api.bls.gov/publicAPI/v2/timeseries/data/,api,2026-08-13,us_cps_unemployment_rate_age16_plus,archive_matched,"The U.S. Current Population Survey labor-force universe begins at age 16. The global SDG framework generally begins at age 15; this is a U.S. age-coverage qualification, not a calculation error."
8.5.2,"Unemployment rate, by sex, age and persons with disabilities",2020,13.2,percent,United States,"{""disability"":""With disability"",""sex"":""Female""}",U.S. Bureau of Labor Statistics,Current Population Survey / LABSTAT,https://api.bls.gov/publicAPI/v2/timeseries/data/,api,2026-08-13,us_cps_unemployment_rate_age16_plus,archive_matched,"The U.S. Current Population Survey labor-force universe begins at age 16. The global SDG framework generally begins at age 15; this is a U.S. age-coverage qualification, not a calculation error."
8.5.2,"Unemployment rate, by sex, age and persons with disabilities",2020,12.0,percent,United States,"{""disability"":""With disability"",""sex"":""Male""}",U.S. Bureau of Labor Statistics,Current Population Survey / LABSTAT,https://api.bls.gov/publicAPI/v2/timeseries/data/,api,2026-08-13,us_cps_unemployment_rate_age16_plus,archive_matched,"The U.S. Current Population Survey labor-force universe begins at age 16. The global SDG framework generally begins at age 15; this is a U.S. age-coverage qualification, not a calculation error."
8.5.2,"Unemployment rate, by sex, age and persons with disabilities",2021,11.4,percent,United States,"{""age"":""16-19"",""disability"":""No disability""}",U.S. Bureau of Labor Statistics,Current Population Survey / LABSTAT,https://api.bls.gov/publicAPI/v2/timeseries/data/,api,2026-08-13,us_cps_unemployment_rate_age16_plus,current_methodology_verified,"The U.S. Current Population Survey labor-force universe begins at age 16. The global SDG framework generally begins at age 15; this is a U.S. age-coverage qualification, not a calculation error."
8.5.2,"Unemployment rate, by sex, age and persons with disabilities",2021,21.1,percent,United States,"{""age"":""16-19"",""disability"":""With disability""}",U.S. Bureau of Labor Statistics,Current Population Survey / LABSTAT,https://api.bls.gov/publicAPI/v2/timeseries/data/,api,2026-08-13,us_cps_unemployment_rate_age16_plus,current_methodology_verified,"The U.S. Current Population Survey labor-force universe begins at age 16. The global SDG framework generally begins at age 15; this is a U.S. age-coverage qualification, not a calculation error."
8.5.2,"Unemployment rate, by sex, age and persons with disabilities",2021,5.2,percent,United States,"{""age"":""16-64"",""disability"":""No disability""}",U.S. Bureau of Labor Statistics,Current Population Survey / LABSTAT,https://api.bls.gov/publicAPI/v2/timeseries/data/,api,2026-08-13,us_cps_unemployment_rate_age16_plus,current_methodology_verified,"The U.S. Current Population Survey labor-force universe begins at age 16. The global SDG framework generally begins at age 15; this is a U.S. age-coverage qualification, not a calculation error."
8.5.2,"Unemployment rate, by sex, age and persons with disabilities",2021,10.8,percent,United States,"{""age"":""16-64"",""disability"":""With disability""}",U.S. Bureau of Labor Statistics,Current Population Survey / LABSTAT,https://api.bls.gov/publicAPI/v2/timeseries/data/,api,2026-08-13,us_cps_unemployment_rate_age16_plus,current_methodology_verified,"The U.S. Current Population Survey labor-force universe begins at age 16. The global SDG framework generally begins at age 15; this is a U.S. age-coverage qualification, not a calculation error."
8.5.2,"Unemployment rate, by sex, age and persons with disabilities",2021,8.7,percent,United States,"{""age"":""20-24"",""disability"":""No disability""}",U.S. Bureau of Labor Statistics,Current Population Survey / LABSTAT,https://api.bls.gov/publicAPI/v2/timeseries/data/,api,2026-08-13,us_cps_unemployment_rate_age16_plus,current_methodology_verified,"The U.S. Current Population Survey labor-force universe begins at age 16. The global SDG framework generally begins at age 15; this is a U.S. age-coverage qualification, not a calculation error."
8.5.2,"Unemployment rate, by sex, age and persons with disabilities",2021,16.5,percent,United States,"{""age"":""20-24"",""disability"":""With disability""}",U.S. Bureau of Labor Statistics,Current Population Survey / LABSTAT,https://api.bls.gov/publicAPI/v2/timeseries/data/,api,2026-08-13,us_cps_unemployment_rate_age16_plus,current_methodology_verified,"The U.S. Current Population Survey labor-force universe begins at age 16. The global SDG framework generally begins at age 15; this is a U.S. age-coverage qualification, not a calculation error."
8.5.2,"Unemployment rate, by sex, age and persons with disabilities",2021,4.5,percent,United States,"{""age"":""25+"",""disability"":""No disability""}",U.S. Bureau of Labor Statistics,Current Population Survey / LABSTAT,https://api.bls.gov/publicAPI/v2/timeseries/data/,api,2026-08-13,us_cps_unemployment_rate_age16_plus,current_methodology_verified,"The U.S. Current Population Survey labor-force universe begins at age 16. The global SDG framework generally begins at age 15; this is a U.S. age-coverage qualification, not a calculation error."
8.5.2,"Unemployment rate, by sex, age and persons with disabilities",2021,9.3,percent,United States,"{""age"":""25+"",""disability"":""With disability""}",U.S. Bureau of Labor Statistics,Current Population Survey / LABSTAT,https://api.bls.gov/publicAPI/v2/timeseries/data/,api,2026-08-13,us_cps_unemployment_rate_age16_plus,current_methodology_verified,"The U.S. Current Population Survey labor-force universe begins at age 16. The global SDG framework generally begins at age 15; this is a U.S. age-coverage qualification, not a calculation error."
8.5.2,"Unemployment rate, by sex, age and persons with disabilities",2021,5.5,percent,United States,"{""age"":""25-34"",""disability"":""No disability""}",U.S. Bureau of Labor Statistics,Current Population Survey / LABSTAT,https://api.bls.gov/publicAPI/v2/timeseries/data/,api,2026-08-13,us_cps_unemployment_rate_age16_plus,current_methodology_verified,"The U.S. Current Population Survey labor-force universe begins at age 16. The global SDG framework generally begins at age 15; this is a U.S. age-coverage qualification, not a calculation error."
8.5.2,"Unemployment rate, by sex, age and persons with disabilities",2021,12.9,percent,United States,"{""age"":""25-34"",""disability"":""With disability""}",U.S. Bureau of Labor Statistics,Current Population Survey / LABSTAT,https://api.bls.gov/publicAPI/v2/timeseries/data/,api,2026-08-13,us_cps_unemployment_rate_age16_plus,current_methodology_verified,"The U.S. Current Population Survey labor-force universe begins at age 16. The global SDG framework generally begins at age 15; this is a U.S. age-coverage qualification, not a calculation error."
8.5.2,"Unemployment rate, by sex, age and persons with disabilities",2021,4.4,percent,United States,"{""age"":""35-44"",""disability"":""No disability""}",U.S. Bureau of Labor Statistics,Current Population Survey / LABSTAT,https://api.bls.gov/publicAPI/v2/timeseries/data/,api,2026-08-13,us_cps_unemployment_rate_age16_plus,current_methodology_verified,"The U.S. Current Population Survey labor-force universe begins at age 16. The global SDG framework generally begins at age 15; this is a U.S. age-coverage qualification, not a calculation error."
8.5.2,"Unemployment rate, by sex, age and persons with disabilities",2021,10.6,percent,United States,"{""age"":""35-44"",""disability"":""With disability""}",U.S. Bureau of Labor Statistics,Current Population Survey / LABSTAT,https://api.bls.gov/publicAPI/v2/timeseries/data/,api,2026-08-13,us_cps_unemployment_rate_age16_plus,current_methodology_verified,"The U.S. Current Population Survey labor-force universe begins at age 16. The global SDG framework generally begins at age 15; this is a U.S. age-coverage qualification, not a calculation error."
8.5.2,"Unemployment rate, by sex, age and persons with disabilities",2021,3.9,percent,United States,"{""age"":""45-54"",""disability"":""No disability""}",U.S. Bureau of Labor Statistics,Current Population Survey / LABSTAT,https://api.bls.gov/publicAPI/v2/timeseries/data/,api,2026-08-13,us_cps_unemployment_rate_age16_plus,current_methodology_verified,"The U.S. Current Population Survey labor-force universe begins at age 16. The global SDG framework generally begins at age 15; this is a U.S. age-coverage qualification, not a calculation error."
8.5.2,"Unemployment rate, by sex, age and persons with disabilities",2021,9.7,percent,United States,"{""age"":""45-54"",""disability"":""With disability""}",U.S. Bureau of Labor Statistics,Current Population Survey / LABSTAT,https://api.bls.gov/publicAPI/v2/timeseries/data/,api,2026-08-13,us_cps_unemployment_rate_age16_plus,current_methodology_verified,"The U.S. Current Population Survey labor-force universe begins at age 16. The global SDG framework generally begins at age 15; this is a U.S. age-coverage qualification, not a calculation error."
8.5.2,"Unemployment rate, by sex, age and persons with disabilities",2021,4.0,percent,United States,"{""age"":""55-64"",""disability"":""No disability""}",U.S. Bureau of Labor Statistics,Current Population Survey / LABSTAT,https://api.bls.gov/publicAPI/v2/timeseries/data/,api,2026-08-13,us_cps_unemployment_rate_age16_plus,current_methodology_verified,"The U.S. Current Population Survey labor-force universe begins at age 16. The global SDG framework generally begins at age 15; this is a U.S. age-coverage qualification, not a calculation error."
8.5.2,"Unemployment rate, by sex, age and persons with disabilities",2021,7.4,percent,United States,"{""age"":""55-64"",""disability"":""With disability""}",U.S. Bureau of Labor Statistics,Current Population Survey / LABSTAT,https://api.bls.gov/publicAPI/v2/timeseries/data/,api,2026-08-13,us_cps_unemployment_rate_age16_plus,current_methodology_verified,"The U.S. Current Population Survey labor-force universe begins at age 16. The global SDG framework generally begins at age 15; this is a U.S. age-coverage qualification, not a calculation error."
8.5.2,"Unemployment rate, by sex, age and persons with disabilities",2021,5.0,percent,United States,"{""disability"":""No disability"",""sex"":""Female""}",U.S. Bureau of Labor Statistics,Current Population Survey / LABSTAT,https://api.bls.gov/publicAPI/v2/timeseries/data/,api,2026-08-13,us_cps_unemployment_rate_age16_plus,archive_matched,"The U.S. Current Population Survey labor-force universe begins at age 16. The global SDG framework generally begins at age 15; this is a U.S. age-coverage qualification, not a calculation error."
8.5.2,"Unemployment rate, by sex, age and persons with disabilities",2021,5.3,percent,United States,"{""disability"":""No disability"",""sex"":""Male""}",U.S. Bureau of Labor Statistics,Current Population Survey / LABSTAT,https://api.bls.gov/publicAPI/v2/timeseries/data/,api,2026-08-13,us_cps_unemployment_rate_age16_plus,archive_matched,"The U.S. Current Population Survey labor-force universe begins at age 16. The global SDG framework generally begins at age 15; this is a U.S. age-coverage qualification, not a calculation error."
8.5.2,"Unemployment rate, by sex, age and persons with disabilities",2021,10.1,percent,United States,"{""disability"":""With disability"",""sex"":""Female""}",U.S. Bureau of Labor Statistics,Current Population Survey / LABSTAT,https://api.bls.gov/publicAPI/v2/timeseries/data/,api,2026-08-13,us_cps_unemployment_rate_age16_plus,archive_matched,"The U.S. Current Population Survey labor-force universe begins at age 16. The global SDG framework generally begins at age 15; this is a U.S. age-coverage qualification, not a calculation error."
8.5.2,"Unemployment rate, by sex, age and persons with disabilities",2021,10.1,percent,United States,"{""disability"":""With disability"",""sex"":""Male""}",U.S. Bureau of Labor Statistics,Current Population Survey / LABSTAT,https://api.bls.gov/publicAPI/v2/timeseries/data/,api,2026-08-13,us_cps_unemployment_rate_age16_plus,archive_matched,"The U.S. Current Population Survey labor-force universe begins at age 16. The global SDG framework generally begins at age 15; this is a U.S. age-coverage qualification, not a calculation error."
8.5.2,"Unemployment rate, by sex, age and persons with disabilities",2022,10.4,percent,United States,"{""age"":""16-19"",""disability"":""No disability""}",U.S. Bureau of Labor Statistics,Current Population Survey / LABSTAT,https://api.bls.gov/publicAPI/v2/timeseries/data/,api,2026-08-13,us_cps_unemployment_rate_age16_plus,current_methodology_verified,"The U.S. Current Population Survey labor-force universe begins at age 16. The global SDG framework generally begins at age 15; this is a U.S. age-coverage qualification, not a calculation error."
8.5.2,"Unemployment rate, by sex, age and persons with disabilities",2022,19.6,percent,United States,"{""age"":""16-19"",""disability"":""With disability""}",U.S. Bureau of Labor Statistics,Current Population Survey / LABSTAT,https://api.bls.gov/publicAPI/v2/timeseries/data/,api,2026-08-13,us_cps_unemployment_rate_age16_plus,current_methodology_verified,"The U.S. Current Population Survey labor-force universe begins at age 16. The global SDG framework generally begins at age 15; this is a U.S. age-coverage qualification, not a calculation error."
8.5.2,"Unemployment rate, by sex, age and persons with disabilities",2022,3.5,percent,United States,"{""age"":""16-64"",""disability"":""No disability""}",U.S. Bureau of Labor Statistics,Current Population Survey / LABSTAT,https://api.bls.gov/publicAPI/v2/timeseries/data/,api,2026-08-13,us_cps_unemployment_rate_age16_plus,current_methodology_verified,"The U.S. Current Population Survey labor-force universe begins at age 16. The global SDG framework generally begins at age 15; this is a U.S. age-coverage qualification, not a calculation error."
8.5.2,"Unemployment rate, by sex, age and persons with disabilities",2022,8.2,percent,United States,"{""age"":""16-64"",""disability"":""With disability""}",U.S. Bureau of Labor Statistics,Current Population Survey / LABSTAT,https://api.bls.gov/publicAPI/v2/timeseries/data/,api,2026-08-13,us_cps_unemployment_rate_age16_plus,current_methodology_verified,"The U.S. Current Population Survey labor-force universe begins at age 16. The global SDG framework generally begins at age 15; this is a U.S. age-coverage qualification, not a calculation error."
8.5.2,"Unemployment rate, by sex, age and persons with disabilities",2022,6.7,percent,United States,"{""age"":""20-24"",""disability"":""No disability""}",U.S. Bureau of Labor Statistics,Current Population Survey / LABSTAT,https://api.bls.gov/publicAPI/v2/timeseries/data/,api,2026-08-13,us_cps_unemployment_rate_age16_plus,current_methodology_verified,"The U.S. Current Population Survey labor-force universe begins at age 16. The global SDG framework generally begins at age 15; this is a U.S. age-coverage qualification, not a calculation error."
8.5.2,"Unemployment rate, by sex, age and persons with disabilities",2022,14.5,percent,United States,"{""age"":""20-24"",""disability"":""With disability""}",U.S. Bureau of Labor Statistics,Current Population Survey / LABSTAT,https://api.bls.gov/publicAPI/v2/timeseries/data/,api,2026-08-13,us_cps_unemployment_rate_age16_plus,current_methodology_verified,"The U.S. Current Population Survey labor-force universe begins at age 16. The global SDG framework generally begins at age 15; this is a U.S. age-coverage qualification, not a calculation error."
8.5.2,"Unemployment rate, by sex, age and persons with disabilities",2022,2.8,percent,United States,"{""age"":""25+"",""disability"":""No disability""}",U.S. Bureau of Labor Statistics,Current Population Survey / LABSTAT,https://api.bls.gov/publicAPI/v2/timeseries/data/,api,2026-08-13,us_cps_unemployment_rate_age16_plus,current_methodology_verified,"The U.S. Current Population Survey labor-force universe begins at age 16. The global SDG framework generally begins at age 15; this is a U.S. age-coverage qualification, not a calculation error."
8.5.2,"Unemployment rate, by sex, age and persons with disabilities",2022,6.6,percent,United States,"{""age"":""25+"",""disability"":""With disability""}",U.S. Bureau of Labor Statistics,Current Population Survey / LABSTAT,https://api.bls.gov/publicAPI/v2/timeseries/data/,api,2026-08-13,us_cps_unemployment_rate_age16_plus,current_methodology_verified,"The U.S. Current Population Survey labor-force universe begins at age 16. The global SDG framework generally begins at age 15; this is a U.S. age-coverage qualification, not a calculation error."
8.5.2,"Unemployment rate, by sex, age and persons with disabilities",2022,3.7,percent,United States,"{""age"":""25-34"",""disability"":""No disability""}",U.S. Bureau of Labor Statistics,Current Population Survey / LABSTAT,https://api.bls.gov/publicAPI/v2/timeseries/data/,api,2026-08-13,us_cps_unemployment_rate_age16_plus,current_methodology_verified,"The U.S. Current Population Survey labor-force universe begins at age 16. The global SDG framework generally begins at age 15; this is a U.S. age-coverage qualification, not a calculation error."
8.5.2,"Unemployment rate, by sex, age and persons with disabilities",2022,9.5,percent,United States,"{""age"":""25-34"",""disability"":""With disability""}",U.S. Bureau of Labor Statistics,Current Population Survey / LABSTAT,https://api.bls.gov/publicAPI/v2/timeseries/data/,api,2026-08-13,us_cps_unemployment_rate_age16_plus,current_methodology_verified,"The U.S. Current Population Survey labor-force universe begins at age 16. The global SDG framework generally begins at age 15; this is a U.S. age-coverage qualification, not a calculation error."
8.5.2,"Unemployment rate, by sex, age and persons with disabilities",2022,2.7,percent,United States,"{""age"":""35-44"",""disability"":""No disability""}",U.S. Bureau of Labor Statistics,Current Population Survey / LABSTAT,https://api.bls.gov/publicAPI/v2/timeseries/data/,api,2026-08-13,us_cps_unemployment_rate_age16_plus,current_methodology_verified,"The U.S. Current Population Survey labor-force universe begins at age 16. The global SDG framework generally begins at age 15; this is a U.S. age-coverage qualification, not a calculation error."
8.5.2,"Unemployment rate, by sex, age and persons with disabilities",2022,8.7,percent,United States,"{""age"":""35-44"",""disability"":""With disability""}",U.S. Bureau of Labor Statistics,Current Population Survey / LABSTAT,https://api.bls.gov/publicAPI/v2/timeseries/data/,api,2026-08-13,us_cps_unemployment_rate_age16_plus,current_methodology_verified,"The U.S. Current Population Survey labor-force universe begins at age 16. The global SDG framework generally begins at age 15; this is a U.S. age-coverage qualification, not a calculation error."
8.5.2,"Unemployment rate, by sex, age and persons with disabilities",2022,2.3,percent,United States,"{""age"":""45-54"",""disability"":""No disability""}",U.S. Bureau of Labor Statistics,Current Population Survey / LABSTAT,https://api.bls.gov/publicAPI/v2/timeseries/data/,api,2026-08-13,us_cps_unemployment_rate_age16_plus,current_methodology_verified,"The U.S. Current Population Survey labor-force universe begins at age 16. The global SDG framework generally begins at age 15; this is a U.S. age-coverage qualification, not a calculation error."
8.5.2,"Unemployment rate, by sex, age and persons with disabilities",2022,6.1,percent,United States,"{""age"":""45-54"",""disability"":""With disability""}",U.S. Bureau of Labor Statistics,Current Population Survey / LABSTAT,https://api.bls.gov/publicAPI/v2/timeseries/data/,api,2026-08-13,us_cps_unemployment_rate_age16_plus,current_methodology_verified,"The U.S. Current Population Survey labor-force universe begins at age 16. The global SDG framework generally begins at age 15; this is a U.S. age-coverage qualification, not a calculation error."
8.5.2,"Unemployment rate, by sex, age and persons with disabilities",2022,2.4,percent,United States,"{""age"":""55-64"",""disability"":""No disability""}",U.S. Bureau of Labor Statistics,Current Population Survey / LABSTAT,https://api.bls.gov/publicAPI/v2/timeseries/data/,api,2026-08-13,us_cps_unemployment_rate_age16_plus,current_methodology_verified,"The U.S. Current Population Survey labor-force universe begins at age 16. The global SDG framework generally begins at age 15; this is a U.S. age-coverage qualification, not a calculation error."
8.5.2,"Unemployment rate, by sex, age and persons with disabilities",2022,4.8,percent,United States,"{""age"":""55-64"",""disability"":""With disability""}",U.S. Bureau of Labor Statistics,Current Population Survey / LABSTAT,https://api.bls.gov/publicAPI/v2/timeseries/data/,api,2026-08-13,us_cps_unemployment_rate_age16_plus,current_methodology_verified,"The U.S. Current Population Survey labor-force universe begins at age 16. The global SDG framework generally begins at age 15; this is a U.S. age-coverage qualification, not a calculation error."
8.5.2,"Unemployment rate, by sex, age and persons with disabilities",2022,3.4,percent,United States,"{""disability"":""No disability"",""sex"":""Female""}",U.S. Bureau of Labor Statistics,Current Population Survey / LABSTAT,https://api.bls.gov/publicAPI/v2/timeseries/data/,api,2026-08-13,us_cps_unemployment_rate_age16_plus,archive_matched,"The U.S. Current Population Survey labor-force universe begins at age 16. The global SDG framework generally begins at age 15; this is a U.S. age-coverage qualification, not a calculation error."
8.5.2,"Unemployment rate, by sex, age and persons with disabilities",2022,3.5,percent,United States,"{""disability"":""No disability"",""sex"":""Male""}",U.S. Bureau of Labor Statistics,Current Population Survey / LABSTAT,https://api.bls.gov/publicAPI/v2/timeseries/data/,api,2026-08-13,us_cps_unemployment_rate_age16_plus,archive_matched,"The U.S. Current Population Survey labor-force universe begins at age 16. The global SDG framework generally begins at age 15; this is a U.S. age-coverage qualification, not a calculation error."
8.5.2,"Unemployment rate, by sex, age and persons with disabilities",2022,7.4,percent,United States,"{""disability"":""With disability"",""sex"":""Female""}",U.S. Bureau of Labor Statistics,Current Population Survey / LABSTAT,https://api.bls.gov/publicAPI/v2/timeseries/data/,api,2026-08-13,us_cps_unemployment_rate_age16_plus,archive_matched,"The U.S. Current Population Survey labor-force universe begins at age 16. The global SDG framework generally begins at age 15; this is a U.S. age-coverage qualification, not a calculation error."
8.5.2,"Unemployment rate, by sex, age and persons with disabilities",2022,7.8,percent,United States,"{""disability"":""With disability"",""sex"":""Male""}",U.S. Bureau of Labor Statistics,Current Population Survey / LABSTAT,https://api.bls.gov/publicAPI/v2/timeseries/data/,api,2026-08-13,us_cps_unemployment_rate_age16_plus,archive_matched,"The U.S. Current Population Survey labor-force universe begins at age 16. The global SDG framework generally begins at age 15; this is a U.S. age-coverage qualification, not a calculation error."
8.5.2,"Unemployment rate, by sex, age and persons with disabilities",2023,11.0,percent,United States,"{""age"":""16-19"",""disability"":""No disability""}",U.S. Bureau of Labor Statistics,Current Population Survey / LABSTAT,https://api.bls.gov/publicAPI/v2/timeseries/data/,api,2026-08-13,us_cps_unemployment_rate_age16_plus,current_methodology_verified,"The U.S. Current Population Survey labor-force universe begins at age 16. The global SDG framework generally begins at age 15; this is a U.S. age-coverage qualification, not a calculation error."
8.5.2,"Unemployment rate, by sex, age and persons with disabilities",2023,18.0,percent,United States,"{""age"":""16-19"",""disability"":""With disability""}",U.S. Bureau of Labor Statistics,Current Population Survey / LABSTAT,https://api.bls.gov/publicAPI/v2/timeseries/data/,api,2026-08-13,us_cps_unemployment_rate_age16_plus,current_methodology_verified,"The U.S. Current Population Survey labor-force universe begins at age 16. The global SDG framework generally begins at age 15; this is a U.S. age-coverage qualification, not a calculation error."
8.5.2,"Unemployment rate, by sex, age and persons with disabilities",2023,3.5,percent,United States,"{""age"":""16-64"",""disability"":""No disability""}",U.S. Bureau of Labor Statistics,Current Population Survey / LABSTAT,https://api.bls.gov/publicAPI/v2/timeseries/data/,api,2026-08-13,us_cps_unemployment_rate_age16_plus,current_methodology_verified,"The U.S. Current Population Survey labor-force universe begins at age 16. The global SDG framework generally begins at age 15; this is a U.S. age-coverage qualification, not a calculation error."
8.5.2,"Unemployment rate, by sex, age and persons with disabilities",2023,7.7,percent,United States,"{""age"":""16-64"",""disability"":""With disability""}",U.S. Bureau of Labor Statistics,Current Population Survey / LABSTAT,https://api.bls.gov/publicAPI/v2/timeseries/data/,api,2026-08-13,us_cps_unemployment_rate_age16_plus,current_methodology_verified,"The U.S. Current Population Survey labor-force universe begins at age 16. The global SDG framework generally begins at age 15; this is a U.S. age-coverage qualification, not a calculation error."
8.5.2,"Unemployment rate, by sex, age and persons with disabilities",2023,6.4,percent,United States,"{""age"":""20-24"",""disability"":""No disability""}",U.S. Bureau of Labor Statistics,Current Population Survey / LABSTAT,https://api.bls.gov/publicAPI/v2/timeseries/data/,api,2026-08-13,us_cps_unemployment_rate_age16_plus,current_methodology_verified,"The U.S. Current Population Survey labor-force universe begins at age 16. The global SDG framework generally begins at age 15; this is a U.S. age-coverage qualification, not a calculation error."
8.5.2,"Unemployment rate, by sex, age and persons with disabilities",2023,11.8,percent,United States,"{""age"":""20-24"",""disability"":""With disability""}",U.S. Bureau of Labor Statistics,Current Population Survey / LABSTAT,https://api.bls.gov/publicAPI/v2/timeseries/data/,api,2026-08-13,us_cps_unemployment_rate_age16_plus,current_methodology_verified,"The U.S. Current Population Survey labor-force universe begins at age 16. The global SDG framework generally begins at age 15; this is a U.S. age-coverage qualification, not a calculation error."
8.5.2,"Unemployment rate, by sex, age and persons with disabilities",2023,2.8,percent,United States,"{""age"":""25+"",""disability"":""No disability""}",U.S. Bureau of Labor Statistics,Current Population Survey / LABSTAT,https://api.bls.gov/publicAPI/v2/timeseries/data/,api,2026-08-13,us_cps_unemployment_rate_age16_plus,current_methodology_verified,"The U.S. Current Population Survey labor-force universe begins at age 16. The global SDG framework generally begins at age 15; this is a U.S. age-coverage qualification, not a calculation error."
8.5.2,"Unemployment rate, by sex, age and persons with disabilities",2023,6.4,percent,United States,"{""age"":""25+"",""disability"":""With disability""}",U.S. Bureau of Labor Statistics,Current Population Survey / LABSTAT,https://api.bls.gov/publicAPI/v2/timeseries/data/,api,2026-08-13,us_cps_unemployment_rate_age16_plus,current_methodology_verified,"The U.S. Current Population Survey labor-force universe begins at age 16. The global SDG framework generally begins at age 15; this is a U.S. age-coverage qualification, not a calculation error."
8.5.2,"Unemployment rate, by sex, age and persons with disabilities",2023,3.7,percent,United States,"{""age"":""25-34"",""disability"":""No disability""}",U.S. Bureau of Labor Statistics,Current Population Survey / LABSTAT,https://api.bls.gov/publicAPI/v2/timeseries/data/,api,2026-08-13,us_cps_unemployment_rate_age16_plus,current_methodology_verified,"The U.S. Current Population Survey labor-force universe begins at age 16. The global SDG framework generally begins at age 15; this is a U.S. age-coverage qualification, not a calculation error."
8.5.2,"Unemployment rate, by sex, age and persons with disabilities",2023,9.2,percent,United States,"{""age"":""25-34"",""disability"":""With disability""}",U.S. Bureau of Labor Statistics,Current Population Survey / LABSTAT,https://api.bls.gov/publicAPI/v2/timeseries/data/,api,2026-08-13,us_cps_unemployment_rate_age16_plus,current_methodology_verified,"The U.S. Current Population Survey labor-force universe begins at age 16. The global SDG framework generally begins at age 15; this is a U.S. age-coverage qualification, not a calculation error."
8.5.2,"Unemployment rate, by sex, age and persons with disabilities",2023,2.7,percent,United States,"{""age"":""35-44"",""disability"":""No disability""}",U.S. Bureau of Labor Statistics,Current Population Survey / LABSTAT,https://api.bls.gov/publicAPI/v2/timeseries/data/,api,2026-08-13,us_cps_unemployment_rate_age16_plus,current_methodology_verified,"The U.S. Current Population Survey labor-force universe begins at age 16. The global SDG framework generally begins at age 15; this is a U.S. age-coverage qualification, not a calculation error."
8.5.2,"Unemployment rate, by sex, age and persons with disabilities",2023,7.2,percent,United States,"{""age"":""35-44"",""disability"":""With disability""}",U.S. Bureau of Labor Statistics,Current Population Survey / LABSTAT,https://api.bls.gov/publicAPI/v2/timeseries/data/,api,2026-08-13,us_cps_unemployment_rate_age16_plus,current_methodology_verified,"The U.S. Current Population Survey labor-force universe begins at age 16. The global SDG framework generally begins at age 15; this is a U.S. age-coverage qualification, not a calculation error."
8.5.2,"Unemployment rate, by sex, age and persons with disabilities",2023,2.3,percent,United States,"{""age"":""45-54"",""disability"":""No disability""}",U.S. Bureau of Labor Statistics,Current Population Survey / LABSTAT,https://api.bls.gov/publicAPI/v2/timeseries/data/,api,2026-08-13,us_cps_unemployment_rate_age16_plus,current_methodology_verified,"The U.S. Current Population Survey labor-force universe begins at age 16. The global SDG framework generally begins at age 15; this is a U.S. age-coverage qualification, not a calculation error."
8.5.2,"Unemployment rate, by sex, age and persons with disabilities",2023,6.5,percent,United States,"{""age"":""45-54"",""disability"":""With disability""}",U.S. Bureau of Labor Statistics,Current Population Survey / LABSTAT,https://api.bls.gov/publicAPI/v2/timeseries/data/,api,2026-08-13,us_cps_unemployment_rate_age16_plus,current_methodology_verified,"The U.S. Current Population Survey labor-force universe begins at age 16. The global SDG framework generally begins at age 15; this is a U.S. age-coverage qualification, not a calculation error."
8.5.2,"Unemployment rate, by sex, age and persons with disabilities",2023,2.4,percent,United States,"{""age"":""55-64"",""disability"":""No disability""}",U.S. Bureau of Labor Statistics,Current Population Survey / LABSTAT,https://api.bls.gov/publicAPI/v2/timeseries/data/,api,2026-08-13,us_cps_unemployment_rate_age16_plus,current_methodology_verified,"The U.S. Current Population Survey labor-force universe begins at age 16. The global SDG framework generally begins at age 15; this is a U.S. age-coverage qualification, not a calculation error."
8.5.2,"Unemployment rate, by sex, age and persons with disabilities",2023,4.9,percent,United States,"{""age"":""55-64"",""disability"":""With disability""}",U.S. Bureau of Labor Statistics,Current Population Survey / LABSTAT,https://api.bls.gov/publicAPI/v2/timeseries/data/,api,2026-08-13,us_cps_unemployment_rate_age16_plus,current_methodology_verified,"The U.S. Current Population Survey labor-force universe begins at age 16. The global SDG framework generally begins at age 15; this is a U.S. age-coverage qualification, not a calculation error."
8.5.2,"Unemployment rate, by sex, age and persons with disabilities",2023,3.3,percent,United States,"{""disability"":""No disability"",""sex"":""Female""}",U.S. Bureau of Labor Statistics,Current Population Survey / LABSTAT,https://api.bls.gov/publicAPI/v2/timeseries/data/,api,2026-08-13,us_cps_unemployment_rate_age16_plus,archive_matched,"The U.S. Current Population Survey labor-force universe begins at age 16. The global SDG framework generally begins at age 15; this is a U.S. age-coverage qualification, not a calculation error."
8.5.2,"Unemployment rate, by sex, age and persons with disabilities",2023,3.6,percent,United States,"{""disability"":""No disability"",""sex"":""Male""}",U.S. Bureau of Labor Statistics,Current Population Survey / LABSTAT,https://api.bls.gov/publicAPI/v2/timeseries/data/,api,2026-08-13,us_cps_unemployment_rate_age16_plus,archive_matched,"The U.S. Current Population Survey labor-force universe begins at age 16. The global SDG framework generally begins at age 15; this is a U.S. age-coverage qualification, not a calculation error."
8.5.2,"Unemployment rate, by sex, age and persons with disabilities",2023,7.2,percent,United States,"{""disability"":""With disability"",""sex"":""Female""}",U.S. Bureau of Labor Statistics,Current Population Survey / LABSTAT,https://api.bls.gov/publicAPI/v2/timeseries/data/,api,2026-08-13,us_cps_unemployment_rate_age16_plus,archive_matched,"The U.S. Current Population Survey labor-force universe begins at age 16. The global SDG framework generally begins at age 15; this is a U.S. age-coverage qualification, not a calculation error."
8.5.2,"Unemployment rate, by sex, age and persons with disabilities",2023,7.2,percent,United States,"{""disability"":""With disability"",""sex"":""Male""}",U.S. Bureau of Labor Statistics,Current Population Survey / LABSTAT,https://api.bls.gov/publicAPI/v2/timeseries/data/,api,2026-08-13,us_cps_unemployment_rate_age16_plus,archive_matched,"The U.S. Current Population Survey labor-force universe begins at age 16. The global SDG framework generally begins at age 15; this is a U.S. age-coverage qualification, not a calculation error."
8.5.2,"Unemployment rate, by sex, age and persons with disabilities",2024,12.3,percent,United States,"{""age"":""16-19"",""disability"":""No disability""}",U.S. Bureau of Labor Statistics,Current Population Survey / LABSTAT,https://api.bls.gov/publicAPI/v2/timeseries/data/,api,2026-08-13,us_cps_unemployment_rate_age16_plus,current_methodology_verified,"The U.S. Current Population Survey labor-force universe begins at age 16. The global SDG framework generally begins at age 15; this is a U.S. age-coverage qualification, not a calculation error."
8.5.2,"Unemployment rate, by sex, age and persons with disabilities",2024,23.9,percent,United States,"{""age"":""16-19"",""disability"":""With disability""}",U.S. Bureau of Labor Statistics,Current Population Survey / LABSTAT,https://api.bls.gov/publicAPI/v2/timeseries/data/,api,2026-08-13,us_cps_unemployment_rate_age16_plus,current_methodology_verified,"The U.S. Current Population Survey labor-force universe begins at age 16. The global SDG framework generally begins at age 15; this is a U.S. age-coverage qualification, not a calculation error."
8.5.2,"Unemployment rate, by sex, age and persons with disabilities",2024,3.9,percent,United States,"{""age"":""16-64"",""disability"":""No disability""}",U.S. Bureau of Labor Statistics,Current Population Survey / LABSTAT,https://api.bls.gov/publicAPI/v2/timeseries/data/,api,2026-08-13,us_cps_unemployment_rate_age16_plus,current_methodology_verified,"The U.S. Current Population Survey labor-force universe begins at age 16. The global SDG framework generally begins at age 15; this is a U.S. age-coverage qualification, not a calculation error."
8.5.2,"Unemployment rate, by sex, age and persons with disabilities",2024,8.1,percent,United States,"{""age"":""16-64"",""disability"":""With disability""}",U.S. Bureau of Labor Statistics,Current Population Survey / LABSTAT,https://api.bls.gov/publicAPI/v2/timeseries/data/,api,2026-08-13,us_cps_unemployment_rate_age16_plus,current_methodology_verified,"The U.S. Current Population Survey labor-force universe begins at age 16. The global SDG framework generally begins at age 15; this is a U.S. age-coverage qualification, not a calculation error."
8.5.2,"Unemployment rate, by sex, age and persons with disabilities",2024,7.1,percent,United States,"{""age"":""20-24"",""disability"":""No disability""}",U.S. Bureau of Labor Statistics,Current Population Survey / LABSTAT,https://api.bls.gov/publicAPI/v2/timeseries/data/,api,2026-08-13,us_cps_unemployment_rate_age16_plus,current_methodology_verified,"The U.S. Current Population Survey labor-force universe begins at age 16. The global SDG framework generally begins at age 15; this is a U.S. age-coverage qualification, not a calculation error."
8.5.2,"Unemployment rate, by sex, age and persons with disabilities",2024,13.3,percent,United States,"{""age"":""20-24"",""disability"":""With disability""}",U.S. Bureau of Labor Statistics,Current Population Survey / LABSTAT,https://api.bls.gov/publicAPI/v2/timeseries/data/,api,2026-08-13,us_cps_unemployment_rate_age16_plus,current_methodology_verified,"The U.S. Current Population Survey labor-force universe begins at age 16. The global SDG framework generally begins at age 15; this is a U.S. age-coverage qualification, not a calculation error."
8.5.2,"Unemployment rate, by sex, age and persons with disabilities",2024,3.1,percent,United States,"{""age"":""25+"",""disability"":""No disability""}",U.S. Bureau of Labor Statistics,Current Population Survey / LABSTAT,https://api.bls.gov/publicAPI/v2/timeseries/data/,api,2026-08-13,us_cps_unemployment_rate_age16_plus,current_methodology_verified,"The U.S. Current Population Survey labor-force universe begins at age 16. The global SDG framework generally begins at age 15; this is a U.S. age-coverage qualification, not a calculation error."
8.5.2,"Unemployment rate, by sex, age and persons with disabilities",2024,6.5,percent,United States,"{""age"":""25+"",""disability"":""With disability""}",U.S. Bureau of Labor Statistics,Current Population Survey / LABSTAT,https://api.bls.gov/publicAPI/v2/timeseries/data/,api,2026-08-13,us_cps_unemployment_rate_age16_plus,current_methodology_verified,"The U.S. Current Population Survey labor-force universe begins at age 16. The global SDG framework generally begins at age 15; this is a U.S. age-coverage qualification, not a calculation error."
8.5.2,"Unemployment rate, by sex, age and persons with disabilities",2024,4.1,percent,United States,"{""age"":""25-34"",""disability"":""No disability""}",U.S. Bureau of Labor Statistics,Current Population Survey / LABSTAT,https://api.bls.gov/publicAPI/v2/timeseries/data/,api,2026-08-13,us_cps_unemployment_rate_age16_plus,current_methodology_verified,"The U.S. Current Population Survey labor-force universe begins at age 16. The global SDG framework generally begins at age 15; this is a U.S. age-coverage qualification, not a calculation error."
8.5.2,"Unemployment rate, by sex, age and persons with disabilities",2024,8.5,percent,United States,"{""age"":""25-34"",""disability"":""With disability""}",U.S. Bureau of Labor Statistics,Current Population Survey / LABSTAT,https://api.bls.gov/publicAPI/v2/timeseries/data/,api,2026-08-13,us_cps_unemployment_rate_age16_plus,current_methodology_verified,"The U.S. Current Population Survey labor-force universe begins at age 16. The global SDG framework generally begins at age 15; this is a U.S. age-coverage qualification, not a calculation error."
8.5.2,"Unemployment rate, by sex, age and persons with disabilities",2024,3.1,percent,United States,"{""age"":""35-44"",""disability"":""No disability""}",U.S. Bureau of Labor Statistics,Current Population Survey / LABSTAT,https://api.bls.gov/publicAPI/v2/timeseries/data/,api,2026-08-13,us_cps_unemployment_rate_age16_plus,current_methodology_verified,"The U.S. Current Population Survey labor-force universe begins at age 16. The global SDG framework generally begins at age 15; this is a U.S. age-coverage qualification, not a calculation error."
8.5.2,"Unemployment rate, by sex, age and persons with disabilities",2024,6.6,percent,United States,"{""age"":""35-44"",""disability"":""With disability""}",U.S. Bureau of Labor Statistics,Current Population Survey / LABSTAT,https://api.bls.gov/publicAPI/v2/timeseries/data/,api,2026-08-13,us_cps_unemployment_rate_age16_plus,current_methodology_verified,"The U.S. Current Population Survey labor-force universe begins at age 16. The global SDG framework generally begins at age 15; this is a U.S. age-coverage qualification, not a calculation error."
8.5.2,"Unemployment rate, by sex, age and persons with disabilities",2024,2.5,percent,United States,"{""age"":""45-54"",""disability"":""No disability""}",U.S. Bureau of Labor Statistics,Current Population Survey / LABSTAT,https://api.bls.gov/publicAPI/v2/timeseries/data/,api,2026-08-13,us_cps_unemployment_rate_age16_plus,current_methodology_verified,"The U.S. Current Population Survey labor-force universe begins at age 16. The global SDG framework generally begins at age 15; this is a U.S. age-coverage qualification, not a calculation error."
8.5.2,"Unemployment rate, by sex, age and persons with disabilities",2024,7.4,percent,United States,"{""age"":""45-54"",""disability"":""With disability""}",U.S. Bureau of Labor Statistics,Current Population Survey / LABSTAT,https://api.bls.gov/publicAPI/v2/timeseries/data/,api,2026-08-13,us_cps_unemployment_rate_age16_plus,current_methodology_verified,"The U.S. Current Population Survey labor-force universe begins at age 16. The global SDG framework generally begins at age 15; this is a U.S. age-coverage qualification, not a calculation error."
8.5.2,"Unemployment rate, by sex, age and persons with disabilities",2024,2.6,percent,United States,"{""age"":""55-64"",""disability"":""No disability""}",U.S. Bureau of Labor Statistics,Current Population Survey / LABSTAT,https://api.bls.gov/publicAPI/v2/timeseries/data/,api,2026-08-13,us_cps_unemployment_rate_age16_plus,current_methodology_verified,"The U.S. Current Population Survey labor-force universe begins at age 16. The global SDG framework generally begins at age 15; this is a U.S. age-coverage qualification, not a calculation error."
8.5.2,"Unemployment rate, by sex, age and persons with disabilities",2024,5.7,percent,United States,"{""age"":""55-64"",""disability"":""With disability""}",U.S. Bureau of Labor Statistics,Current Population Survey / LABSTAT,https://api.bls.gov/publicAPI/v2/timeseries/data/,api,2026-08-13,us_cps_unemployment_rate_age16_plus,current_methodology_verified,"The U.S. Current Population Survey labor-force universe begins at age 16. The global SDG framework generally begins at age 15; this is a U.S. age-coverage qualification, not a calculation error."
8.5.2,"Unemployment rate, by sex, age and persons with disabilities",2024,3.7,percent,United States,"{""disability"":""No disability"",""sex"":""Female""}",U.S. Bureau of Labor Statistics,Current Population Survey / LABSTAT,https://api.bls.gov/publicAPI/v2/timeseries/data/,api,2026-08-13,us_cps_unemployment_rate_age16_plus,current_methodology_verified,"The U.S. Current Population Survey labor-force universe begins at age 16. The global SDG framework generally begins at age 15; this is a U.S. age-coverage qualification, not a calculation error."
8.5.2,"Unemployment rate, by sex, age and persons with disabilities",2024,3.9,percent,United States,"{""disability"":""No disability"",""sex"":""Male""}",U.S. Bureau of Labor Statistics,Current Population Survey / LABSTAT,https://api.bls.gov/publicAPI/v2/timeseries/data/,api,2026-08-13,us_cps_unemployment_rate_age16_plus,current_methodology_verified,"The U.S. Current Population Survey labor-force universe begins at age 16. The global SDG framework generally begins at age 15; this is a U.S. age-coverage qualification, not a calculation error."
8.5.2,"Unemployment rate, by sex, age and persons with disabilities",2024,7.5,percent,United States,"{""disability"":""With disability"",""sex"":""Female""}",U.S. Bureau of Labor Statistics,Current Population Survey / LABSTAT,https://api.bls.gov/publicAPI/v2/timeseries/data/,api,2026-08-13,us_cps_unemployment_rate_age16_plus,current_methodology_verified,"The U.S. Current Population Survey labor-force universe begins at age 16. The global SDG framework generally begins at age 15; this is a U.S. age-coverage qualification, not a calculation error."
8.5.2,"Unemployment rate, by sex, age and persons with disabilities",2024,7.5,percent,United States,"{""disability"":""With disability"",""sex"":""Male""}",U.S. Bureau of Labor Statistics,Current Population Survey / LABSTAT,https://api.bls.gov/publicAPI/v2/timeseries/data/,api,2026-08-13,us_cps_unemployment_rate_age16_plus,current_methodology_verified,"The U.S. Current Population Survey labor-force universe begins at age 16. The global SDG framework generally begins at age 15; this is a U.S. age-coverage qualification, not a calculation error."
8.5.2,"Unemployment rate, by sex, age and persons with disabilities",2025,13.5,percent,United States,"{""age"":""16-19"",""disability"":""No disability""}",U.S. Bureau of Labor Statistics,Current Population Survey / LABSTAT,https://api.bls.gov/publicAPI/v2/timeseries/data/,api,2026-08-13,us_cps_unemployment_rate_age16_plus,current_methodology_verified,"The U.S. Current Population Survey labor-force universe begins at age 16. The global SDG framework generally begins at age 15; this is a U.S. age-coverage qualification, not a calculation error. BLS 2025 CPS annual estimates are 11-month averages that exclude October because data were not collected during the federal government shutdown; they are not strictly comparable with full-year annual averages."
8.5.2,"Unemployment rate, by sex, age and persons with disabilities",2025,25.6,percent,United States,"{""age"":""16-19"",""disability"":""With disability""}",U.S. Bureau of Labor Statistics,Current Population Survey / LABSTAT,https://api.bls.gov/publicAPI/v2/timeseries/data/,api,2026-08-13,us_cps_unemployment_rate_age16_plus,current_methodology_verified,"The U.S. Current Population Survey labor-force universe begins at age 16. The global SDG framework generally begins at age 15; this is a U.S. age-coverage qualification, not a calculation error. BLS 2025 CPS annual estimates are 11-month averages that exclude October because data were not collected during the federal government shutdown; they are not strictly comparable with full-year annual averages."
8.5.2,"Unemployment rate, by sex, age and persons with disabilities",2025,4.1,percent,United States,"{""age"":""16-64"",""disability"":""No disability""}",U.S. Bureau of Labor Statistics,Current Population Survey / LABSTAT,https://api.bls.gov/publicAPI/v2/timeseries/data/,api,2026-08-13,us_cps_unemployment_rate_age16_plus,current_methodology_verified,"The U.S. Current Population Survey labor-force universe begins at age 16. The global SDG framework generally begins at age 15; this is a U.S. age-coverage qualification, not a calculation error. BLS 2025 CPS annual estimates are 11-month averages that exclude October because data were not collected during the federal government shutdown; they are not strictly comparable with full-year annual averages."
8.5.2,"Unemployment rate, by sex, age and persons with disabilities",2025,8.8,percent,United States,"{""age"":""16-64"",""disability"":""With disability""}",U.S. Bureau of Labor Statistics,Current Population Survey / LABSTAT,https://api.bls.gov/publicAPI/v2/timeseries/data/,api,2026-08-13,us_cps_unemployment_rate_age16_plus,current_methodology_verified,"The U.S. Current Population Survey labor-force universe begins at age 16. The global SDG framework generally begins at age 15; this is a U.S. age-coverage qualification, not a calculation error. BLS 2025 CPS annual estimates are 11-month averages that exclude October because data were not collected during the federal government shutdown; they are not strictly comparable with full-year annual averages."
8.5.2,"Unemployment rate, by sex, age and persons with disabilities",2025,8.0,percent,United States,"{""age"":""20-24"",""disability"":""No disability""}",U.S. Bureau of Labor Statistics,Current Population Survey / LABSTAT,https://api.bls.gov/publicAPI/v2/timeseries/data/,api,2026-08-13,us_cps_unemployment_rate_age16_plus,current_methodology_verified,"The U.S. Current Population Survey labor-force universe begins at age 16. The global SDG framework generally begins at age 15; this is a U.S. age-coverage qualification, not a calculation error. BLS 2025 CPS annual estimates are 11-month averages that exclude October because data were not collected during the federal government shutdown; they are not strictly comparable with full-year annual averages."
8.5.2,"Unemployment rate, by sex, age and persons with disabilities",2025,15.7,percent,United States,"{""age"":""20-24"",""disability"":""With disability""}",U.S. Bureau of Labor Statistics,Current Population Survey / LABSTAT,https://api.bls.gov/publicAPI/v2/timeseries/data/,api,2026-08-13,us_cps_unemployment_rate_age16_plus,current_methodology_verified,"The U.S. Current Population Survey labor-force universe begins at age 16. The global SDG framework generally begins at age 15; this is a U.S. age-coverage qualification, not a calculation error. BLS 2025 CPS annual estimates are 11-month averages that exclude October because data were not collected during the federal government shutdown; they are not strictly comparable with full-year annual averages."
8.5.2,"Unemployment rate, by sex, age and persons with disabilities",2025,3.2,percent,United States,"{""age"":""25+"",""disability"":""No disability""}",U.S. Bureau of Labor Statistics,Current Population Survey / LABSTAT,https://api.bls.gov/publicAPI/v2/timeseries/data/,api,2026-08-13,us_cps_unemployment_rate_age16_plus,current_methodology_verified,"The U.S. Current Population Survey labor-force universe begins at age 16. The global SDG framework generally begins at age 15; this is a U.S. age-coverage qualification, not a calculation error. BLS 2025 CPS annual estimates are 11-month averages that exclude October because data were not collected during the federal government shutdown; they are not strictly comparable with full-year annual averages."
8.5.2,"Unemployment rate, by sex, age and persons with disabilities",2025,7.0,percent,United States,"{""age"":""25+"",""disability"":""With disability""}",U.S. Bureau of Labor Statistics,Current Population Survey / LABSTAT,https://api.bls.gov/publicAPI/v2/timeseries/data/,api,2026-08-13,us_cps_unemployment_rate_age16_plus,current_methodology_verified,"The U.S. Current Population Survey labor-force universe begins at age 16. The global SDG framework generally begins at age 15; this is a U.S. age-coverage qualification, not a calculation error. BLS 2025 CPS annual estimates are 11-month averages that exclude October because data were not collected during the federal government shutdown; they are not strictly comparable with full-year annual averages."
8.5.2,"Unemployment rate, by sex, age and persons with disabilities",2025,4.1,percent,United States,"{""age"":""25-34"",""disability"":""No disability""}",U.S. Bureau of Labor Statistics,Current Population Survey / LABSTAT,https://api.bls.gov/publicAPI/v2/timeseries/data/,api,2026-08-13,us_cps_unemployment_rate_age16_plus,current_methodology_verified,"The U.S. Current Population Survey labor-force universe begins at age 16. The global SDG framework generally begins at age 15; this is a U.S. age-coverage qualification, not a calculation error. BLS 2025 CPS annual estimates are 11-month averages that exclude October because data were not collected during the federal government shutdown; they are not strictly comparable with full-year annual averages."
8.5.2,"Unemployment rate, by sex, age and persons with disabilities",2025,8.9,percent,United States,"{""age"":""25-34"",""disability"":""With disability""}",U.S. Bureau of Labor Statistics,Current Population Survey / LABSTAT,https://api.bls.gov/publicAPI/v2/timeseries/data/,api,2026-08-13,us_cps_unemployment_rate_age16_plus,current_methodology_verified,"The U.S. Current Population Survey labor-force universe begins at age 16. The global SDG framework generally begins at age 15; this is a U.S. age-coverage qualification, not a calculation error. BLS 2025 CPS annual estimates are 11-month averages that exclude October because data were not collected during the federal government shutdown; they are not strictly comparable with full-year annual averages."
8.5.2,"Unemployment rate, by sex, age and persons with disabilities",2025,3.1,percent,United States,"{""age"":""35-44"",""disability"":""No disability""}",U.S. Bureau of Labor Statistics,Current Population Survey / LABSTAT,https://api.bls.gov/publicAPI/v2/timeseries/data/,api,2026-08-13,us_cps_unemployment_rate_age16_plus,current_methodology_verified,"The U.S. Current Population Survey labor-force universe begins at age 16. The global SDG framework generally begins at age 15; this is a U.S. age-coverage qualification, not a calculation error. BLS 2025 CPS annual estimates are 11-month averages that exclude October because data were not collected during the federal government shutdown; they are not strictly comparable with full-year annual averages."
8.5.2,"Unemployment rate, by sex, age and persons with disabilities",2025,8.8,percent,United States,"{""age"":""35-44"",""disability"":""With disability""}",U.S. Bureau of Labor Statistics,Current Population Survey / LABSTAT,https://api.bls.gov/publicAPI/v2/timeseries/data/,api,2026-08-13,us_cps_unemployment_rate_age16_plus,current_methodology_verified,"The U.S. Current Population Survey labor-force universe begins at age 16. The global SDG framework generally begins at age 15; this is a U.S. age-coverage qualification, not a calculation error. BLS 2025 CPS annual estimates are 11-month averages that exclude October because data were not collected during the federal government shutdown; they are not strictly comparable with full-year annual averages."
8.5.2,"Unemployment rate, by sex, age and persons with disabilities",2025,2.8,percent,United States,"{""age"":""45-54"",""disability"":""No disability""}",U.S. Bureau of Labor Statistics,Current Population Survey / LABSTAT,https://api.bls.gov/publicAPI/v2/timeseries/data/,api,2026-08-13,us_cps_unemployment_rate_age16_plus,current_methodology_verified,"The U.S. Current Population Survey labor-force universe begins at age 16. The global SDG framework generally begins at age 15; this is a U.S. age-coverage qualification, not a calculation error. BLS 2025 CPS annual estimates are 11-month averages that exclude October because data were not collected during the federal government shutdown; they are not strictly comparable with full-year annual averages."
8.5.2,"Unemployment rate, by sex, age and persons with disabilities",2025,6.6,percent,United States,"{""age"":""45-54"",""disability"":""With disability""}",U.S. Bureau of Labor Statistics,Current Population Survey / LABSTAT,https://api.bls.gov/publicAPI/v2/timeseries/data/,api,2026-08-13,us_cps_unemployment_rate_age16_plus,current_methodology_verified,"The U.S. Current Population Survey labor-force universe begins at age 16. The global SDG framework generally begins at age 15; this is a U.S. age-coverage qualification, not a calculation error. BLS 2025 CPS annual estimates are 11-month averages that exclude October because data were not collected during the federal government shutdown; they are not strictly comparable with full-year annual averages."
8.5.2,"Unemployment rate, by sex, age and persons with disabilities",2025,2.7,percent,United States,"{""age"":""55-64"",""disability"":""No disability""}",U.S. Bureau of Labor Statistics,Current Population Survey / LABSTAT,https://api.bls.gov/publicAPI/v2/timeseries/data/,api,2026-08-13,us_cps_unemployment_rate_age16_plus,current_methodology_verified,"The U.S. Current Population Survey labor-force universe begins at age 16. The global SDG framework generally begins at age 15; this is a U.S. age-coverage qualification, not a calculation error. BLS 2025 CPS annual estimates are 11-month averages that exclude October because data were not collected during the federal government shutdown; they are not strictly comparable with full-year annual averages."
8.5.2,"Unemployment rate, by sex, age and persons with disabilities",2025,5.7,percent,United States,"{""age"":""55-64"",""disability"":""With disability""}",U.S. Bureau of Labor Statistics,Current Population Survey / LABSTAT,https://api.bls.gov/publicAPI/v2/timeseries/data/,api,2026-08-13,us_cps_unemployment_rate_age16_plus,current_methodology_verified,"The U.S. Current Population Survey labor-force universe begins at age 16. The global SDG framework generally begins at age 15; this is a U.S. age-coverage qualification, not a calculation error. BLS 2025 CPS annual estimates are 11-month averages that exclude October because data were not collected during the federal government shutdown; they are not strictly comparable with full-year annual averages."
8.5.2,"Unemployment rate, by sex, age and persons with disabilities",2025,4.0,percent,United States,"{""disability"":""No disability"",""sex"":""Female""}",U.S. Bureau of Labor Statistics,Current Population Survey / LABSTAT,https://api.bls.gov/publicAPI/v2/timeseries/data/,api,2026-08-13,us_cps_unemployment_rate_age16_plus,current_methodology_verified,"The U.S. Current Population Survey labor-force universe begins at age 16. The global SDG framework generally begins at age 15; this is a U.S. age-coverage qualification, not a calculation error. BLS 2025 CPS annual estimates are 11-month averages that exclude October because data were not collected during the federal government shutdown; they are not strictly comparable with full-year annual averages."
8.5.2,"Unemployment rate, by sex, age and persons with disabilities",2025,4.2,percent,United States,"{""disability"":""No disability"",""sex"":""Male""}",U.S. Bureau of Labor Statistics,Current Population Survey / LABSTAT,https://api.bls.gov/publicAPI/v2/timeseries/data/,api,2026-08-13,us_cps_unemployment_rate_age16_plus,current_methodology_verified,"The U.S. Current Population Survey labor-force universe begins at age 16. The global SDG framework generally begins at age 15; this is a U.S. age-coverage qualification, not a calculation error. BLS 2025 CPS annual estimates are 11-month averages that exclude October because data were not collected during the federal government shutdown; they are not strictly comparable with full-year annual averages."
8.5.2,"Unemployment rate, by sex, age and persons with disabilities",2025,8.1,percent,United States,"{""disability"":""With disability"",""sex"":""Female""}",U.S. Bureau of Labor Statistics,Current Population Survey / LABSTAT,https://api.bls.gov/publicAPI/v2/timeseries/data/,api,2026-08-13,us_cps_unemployment_rate_age16_plus,current_methodology_verified,"The U.S. Current Population Survey labor-force universe begins at age 16. The global SDG framework generally begins at age 15; this is a U.S. age-coverage qualification, not a calculation error. BLS 2025 CPS annual estimates are 11-month averages that exclude October because data were not collected during the federal government shutdown; they are not strictly comparable with full-year annual averages."
8.5.2,"Unemployment rate, by sex, age and persons with disabilities",2025,8.4,percent,United States,"{""disability"":""With disability"",""sex"":""Male""}",U.S. Bureau of Labor Statistics,Current Population Survey / LABSTAT,https://api.bls.gov/publicAPI/v2/timeseries/data/,api,2026-08-13,us_cps_unemployment_rate_age16_plus,current_methodology_verified,"The U.S. Current Population Survey labor-force universe begins at age 16. The global SDG framework generally begins at age 15; this is a U.S. age-coverage qualification, not a calculation error. BLS 2025 CPS annual estimates are 11-month averages that exclude October because data were not collected during the federal government shutdown; they are not strictly comparable with full-year annual averages."
